2022-10-25 21:34:59 startup archives install
2022-10-25 21:34:59 install base-passwd:amd64 <none> 3.5.52build1
2022-10-25 21:34:59 status half-installed base-passwd:amd64 3.5.52build1
2022-10-25 21:34:59 status unpacked base-passwd:amd64 3.5.52build1
2022-10-25 21:34:59 configure base-passwd:amd64 3.5.52build1 3.5.52build1
2022-10-25 21:34:59 status half-configured base-passwd:amd64 3.5.52build1
2022-10-25 21:34:59 status installed base-passwd:amd64 3.5.52build1
2022-10-25 21:34:59 startup archives install
2022-10-25 21:34:59 install base-files:amd64 <none> 12ubuntu4
2022-10-25 21:34:59 status half-installed base-files:amd64 12ubuntu4
2022-10-25 21:34:59 status unpacked base-files:amd64 12ubuntu4
2022-10-25 21:34:59 configure base-files:amd64 12ubuntu4 12ubuntu4
2022-10-25 21:34:59 status half-configured base-files:amd64 12ubuntu4
2022-10-25 21:34:59 status installed base-files:amd64 12ubuntu4
2022-10-25 21:34:59 startup archives install
2022-10-25 21:34:59 upgrade dpkg 1.21.1ubuntu2 1.21.1ubuntu2
2022-10-25 21:34:59 status half-configured dpkg 1.21.1ubuntu2
2022-10-25 21:34:59 status unpacked dpkg 1.21.1ubuntu2
2022-10-25 21:34:59 status half-installed dpkg 1.21.1ubuntu2
2022-10-25 21:34:59 status unpacked dpkg:amd64 1.21.1ubuntu2
2022-10-25 21:34:59 configure dpkg:amd64 1.21.1ubuntu2 1.21.1ubuntu2
2022-10-25 21:34:59 status half-configured dpkg:amd64 1.21.1ubuntu2
2022-10-25 21:34:59 status installed dpkg:amd64 1.21.1ubuntu2
2022-10-25 21:34:59 startup archives install
2022-10-25 21:34:59 install libc6:amd64 <none> 2.35-0ubuntu3
2022-10-25 21:34:59 status half-installed libc6:amd64 2.35-0ubuntu3
2022-10-25 21:34:59 status unpacked libc6:amd64 2.35-0ubuntu3
2022-10-25 21:34:59 configure libc6:amd64 2.35-0ubuntu3 2.35-0ubuntu3
2022-10-25 21:34:59 status half-configured libc6:amd64 2.35-0ubuntu3
2022-10-25 21:34:59 status installed libc6:amd64 2.35-0ubuntu3
2022-10-25 21:34:59 startup archives install
2022-10-25 21:34:59 install perl-base:amd64 <none> 5.34.0-3ubuntu1
2022-10-25 21:34:59 status half-installed perl-base:amd64 5.34.0-3ubuntu1
2022-10-25 21:34:59 status unpacked perl-base:amd64 5.34.0-3ubuntu1
2022-10-25 21:35:00 configure perl-base:amd64 5.34.0-3ubuntu1 5.34.0-3ubuntu1
2022-10-25 21:35:00 status half-configured perl-base:amd64 5.34.0-3ubuntu1
2022-10-25 21:35:00 status installed perl-base:amd64 5.34.0-3ubuntu1
2022-10-25 21:35:00 startup archives install
2022-10-25 21:35:00 install mawk:amd64 <none> 1.3.4.20200120-3
2022-10-25 21:35:00 status half-installed mawk:amd64 1.3.4.20200120-3
2022-10-25 21:35:00 status unpacked mawk:amd64 1.3.4.20200120-3
2022-10-25 21:35:00 configure mawk:amd64 1.3.4.20200120-3 1.3.4.20200120-3
2022-10-25 21:35:00 status half-configured mawk:amd64 1.3.4.20200120-3
2022-10-25 21:35:00 status installed mawk:amd64 1.3.4.20200120-3
2022-10-25 21:35:00 startup archives install
2022-10-25 21:35:00 install debconf:all <none> 1.5.79ubuntu1
2022-10-25 21:35:00 status half-installed debconf:all 1.5.79ubuntu1
2022-10-25 21:35:00 status unpacked debconf:all 1.5.79ubuntu1
2022-10-25 21:35:00 configure debconf:all 1.5.79ubuntu1 1.5.79ubuntu1
2022-10-25 21:35:00 status half-configured debconf:all 1.5.79ubuntu1
2022-10-25 21:35:00 status installed debconf:all 1.5.79ubuntu1
2022-10-25 21:35:00 startup archives unpack
2022-10-25 21:35:00 upgrade base-files:amd64 12ubuntu4 12ubuntu4
2022-10-25 21:35:00 status half-configured base-files:amd64 12ubuntu4
2022-10-25 21:35:00 status unpacked base-files:amd64 12ubuntu4
2022-10-25 21:35:00 status half-installed base-files:amd64 12ubuntu4
2022-10-25 21:35:00 status unpacked base-files:amd64 12ubuntu4
2022-10-25 21:35:00 upgrade base-passwd:amd64 3.5.52build1 3.5.52build1
2022-10-25 21:35:00 status half-configured base-passwd:amd64 3.5.52build1
2022-10-25 21:35:00 status unpacked base-passwd:amd64 3.5.52build1
2022-10-25 21:35:00 status half-installed base-passwd:amd64 3.5.52build1
2022-10-25 21:35:00 status unpacked base-passwd:amd64 3.5.52build1
2022-10-25 21:35:00 install bash:amd64 <none> 5.1-6ubuntu1
2022-10-25 21:35:00 status half-installed bash:amd64 5.1-6ubuntu1
2022-10-25 21:35:00 status unpacked bash:amd64 5.1-6ubuntu1
2022-10-25 21:35:00 install bsdutils:amd64 <none> 1:2.37.2-4ubuntu3
2022-10-25 21:35:00 status half-installed bsdutils:amd64 1:2.37.2-4ubuntu3
2022-10-25 21:35:00 status unpacked bsdutils:amd64 1:2.37.2-4ubuntu3
2022-10-25 21:35:00 install coreutils:amd64 <none> 8.32-4.1ubuntu1
2022-10-25 21:35:00 status half-installed coreutils:amd64 8.32-4.1ubuntu1
2022-10-25 21:35:00 status unpacked coreutils:amd64 8.32-4.1ubuntu1
2022-10-25 21:35:00 install dash:amd64 <none> 0.5.11+git20210903+057cd650a4ed-3build1
2022-10-25 21:35:00 status half-installed dash:amd64 0.5.11+git20210903+057cd650a4ed-3build1
2022-10-25 21:35:00 status unpacked dash:amd64 0.5.11+git20210903+057cd650a4ed-3build1
2022-10-25 21:35:00 upgrade debconf:all 1.5.79ubuntu1 1.5.79ubuntu1
2022-10-25 21:35:00 status half-configured debconf:all 1.5.79ubuntu1
2022-10-25 21:35:00 status unpacked debconf:all 1.5.79ubuntu1
2022-10-25 21:35:00 status half-installed debconf:all 1.5.79ubuntu1
2022-10-25 21:35:00 status unpacked debconf:all 1.5.79ubuntu1
2022-10-25 21:35:00 install debianutils:amd64 <none> 5.5-1ubuntu2
2022-10-25 21:35:00 status half-installed debianutils:amd64 5.5-1ubuntu2
2022-10-25 21:35:00 status unpacked debianutils:amd64 5.5-1ubuntu2
2022-10-25 21:35:00 install diffutils:amd64 <none> 1:3.8-0ubuntu2
2022-10-25 21:35:00 status half-installed diffutils:amd64 1:3.8-0ubuntu2
2022-10-25 21:35:00 status unpacked diffutils:amd64 1:3.8-0ubuntu2
2022-10-25 21:35:00 upgrade dpkg:amd64 1.21.1ubuntu2 1.21.1ubuntu2
2022-10-25 21:35:00 status half-configured dpkg:amd64 1.21.1ubuntu2
2022-10-25 21:35:00 status unpacked dpkg:amd64 1.21.1ubuntu2
2022-10-25 21:35:00 status half-installed dpkg:amd64 1.21.1ubuntu2
2022-10-25 21:35:00 status unpacked dpkg:amd64 1.21.1ubuntu2
2022-10-25 21:35:00 install e2fsprogs:amd64 <none> 1.46.5-2ubuntu1
2022-10-25 21:35:00 status half-installed e2fsprogs:amd64 1.46.5-2ubuntu1
2022-10-25 21:35:00 status unpacked e2fsprogs:amd64 1.46.5-2ubuntu1
2022-10-25 21:35:00 install findutils:amd64 <none> 4.8.0-1ubuntu3
2022-10-25 21:35:00 status half-installed findutils:amd64 4.8.0-1ubuntu3
2022-10-25 21:35:00 status unpacked findutils:amd64 4.8.0-1ubuntu3
2022-10-25 21:35:00 install gcc-12-base:amd64 <none> 12-20220319-1ubuntu1
2022-10-25 21:35:00 status half-installed gcc-12-base:amd64 12-20220319-1ubuntu1
2022-10-25 21:35:00 status unpacked gcc-12-base:amd64 12-20220319-1ubuntu1
2022-10-25 21:35:00 install grep:amd64 <none> 3.7-1build1
2022-10-25 21:35:00 status half-installed grep:amd64 3.7-1build1
2022-10-25 21:35:00 status unpacked grep:amd64 3.7-1build1
2022-10-25 21:35:00 install gzip:amd64 <none> 1.10-4ubuntu4
2022-10-25 21:35:00 status half-installed gzip:amd64 1.10-4ubuntu4
2022-10-25 21:35:00 status unpacked gzip:amd64 1.10-4ubuntu4
2022-10-25 21:35:00 install hostname:amd64 <none> 3.23ubuntu2
2022-10-25 21:35:00 status half-installed hostname:amd64 3.23ubuntu2
2022-10-25 21:35:00 status unpacked hostname:amd64 3.23ubuntu2
2022-10-25 21:35:00 install init-system-helpers:all <none> 1.62
2022-10-25 21:35:00 status half-installed init-system-helpers:all 1.62
2022-10-25 21:35:00 status unpacked init-system-helpers:all 1.62
2022-10-25 21:35:00 install libacl1:amd64 <none> 2.3.1-1
2022-10-25 21:35:00 status half-installed libacl1:amd64 2.3.1-1
2022-10-25 21:35:00 status unpacked libacl1:amd64 2.3.1-1
2022-10-25 21:35:00 install libattr1:amd64 <none> 1:2.5.1-1build1
2022-10-25 21:35:00 status half-installed libattr1:amd64 1:2.5.1-1build1
2022-10-25 21:35:00 status unpacked libattr1:amd64 1:2.5.1-1build1
2022-10-25 21:35:00 install libaudit-common:all <none> 1:3.0.7-1build1
2022-10-25 21:35:00 status half-installed libaudit-common:all 1:3.0.7-1build1
2022-10-25 21:35:00 status unpacked libaudit-common:all 1:3.0.7-1build1
2022-10-25 21:35:00 install libaudit1:amd64 <none> 1:3.0.7-1build1
2022-10-25 21:35:00 status half-installed libaudit1:amd64 1:3.0.7-1build1
2022-10-25 21:35:00 status unpacked libaudit1:amd64 1:3.0.7-1build1
2022-10-25 21:35:00 install libblkid1:amd64 <none> 2.37.2-4ubuntu3
2022-10-25 21:35:00 status half-installed libblkid1:amd64 2.37.2-4ubuntu3
2022-10-25 21:35:00 status unpacked libblkid1:amd64 2.37.2-4ubuntu3
2022-10-25 21:35:00 install libbz2-1.0:amd64 <none> 1.0.8-5build1
2022-10-25 21:35:00 status half-installed libbz2-1.0:amd64 1.0.8-5build1
2022-10-25 21:35:00 status unpacked libbz2-1.0:amd64 1.0.8-5build1
2022-10-25 21:35:00 install libc-bin:amd64 <none> 2.35-0ubuntu3
2022-10-25 21:35:00 status half-installed libc-bin:amd64 2.35-0ubuntu3
2022-10-25 21:35:00 status unpacked libc-bin:amd64 2.35-0ubuntu3
2022-10-25 21:35:00 upgrade libc6:amd64 2.35-0ubuntu3 2.35-0ubuntu3
2022-10-25 21:35:00 status half-configured libc6:amd64 2.35-0ubuntu3
2022-10-25 21:35:00 status unpacked libc6:amd64 2.35-0ubuntu3
2022-10-25 21:35:00 status half-installed libc6:amd64 2.35-0ubuntu3
2022-10-25 21:35:01 status unpacked libc6:amd64 2.35-0ubuntu3
2022-10-25 21:35:01 install libcap-ng0:amd64 <none> 0.7.9-2.2build3
2022-10-25 21:35:01 status half-installed libcap-ng0:amd64 0.7.9-2.2build3
2022-10-25 21:35:01 status unpacked libcap-ng0:amd64 0.7.9-2.2build3
2022-10-25 21:35:01 install libcap2:amd64 <none> 1:2.44-1build3
2022-10-25 21:35:01 status half-installed libcap2:amd64 1:2.44-1build3
2022-10-25 21:35:01 status unpacked libcap2:amd64 1:2.44-1build3
2022-10-25 21:35:01 install libcom-err2:amd64 <none> 1.46.5-2ubuntu1
2022-10-25 21:35:01 status half-installed libcom-err2:amd64 1.46.5-2ubuntu1
2022-10-25 21:35:01 status unpacked libcom-err2:amd64 1.46.5-2ubuntu1
2022-10-25 21:35:01 install libcrypt1:amd64 <none> 1:4.4.27-1
2022-10-25 21:35:01 status half-installed libcrypt1:amd64 1:4.4.27-1
2022-10-25 21:35:01 status unpacked libcrypt1:amd64 1:4.4.27-1
2022-10-25 21:35:01 install libdb5.3:amd64 <none> 5.3.28+dfsg1-0.8ubuntu3
2022-10-25 21:35:01 status half-installed libdb5.3:amd64 5.3.28+dfsg1-0.8ubuntu3
2022-10-25 21:35:01 status unpacked libdb5.3:amd64 5.3.28+dfsg1-0.8ubuntu3
2022-10-25 21:35:01 install libdebconfclient0:amd64 <none> 0.261ubuntu1
2022-10-25 21:35:01 status half-installed libdebconfclient0:amd64 0.261ubuntu1
2022-10-25 21:35:01 status unpacked libdebconfclient0:amd64 0.261ubuntu1
2022-10-25 21:35:01 install libext2fs2:amd64 <none> 1.46.5-2ubuntu1
2022-10-25 21:35:01 status half-installed libext2fs2:amd64 1.46.5-2ubuntu1
2022-10-25 21:35:01 status unpacked libext2fs2:amd64 1.46.5-2ubuntu1
2022-10-25 21:35:01 install libgcc-s1:amd64 <none> 12-20220319-1ubuntu1
2022-10-25 21:35:01 status half-installed libgcc-s1:amd64 12-20220319-1ubuntu1
2022-10-25 21:35:01 status unpacked libgcc-s1:amd64 12-20220319-1ubuntu1
2022-10-25 21:35:01 install libgcrypt20:amd64 <none> 1.9.4-3ubuntu3
2022-10-25 21:35:01 status half-installed libgcrypt20:amd64 1.9.4-3ubuntu3
2022-10-25 21:35:01 status unpacked libgcrypt20:amd64 1.9.4-3ubuntu3
2022-10-25 21:35:01 install libgmp10:amd64 <none> 2:6.2.1+dfsg-3ubuntu1
2022-10-25 21:35:01 status half-installed libgmp10:amd64 2:6.2.1+dfsg-3ubuntu1
2022-10-25 21:35:01 status unpacked libgmp10:amd64 2:6.2.1+dfsg-3ubuntu1
2022-10-25 21:35:01 install libgpg-error0:amd64 <none> 1.43-3
2022-10-25 21:35:01 status half-installed libgpg-error0:amd64 1.43-3
2022-10-25 21:35:01 status unpacked libgpg-error0:amd64 1.43-3
2022-10-25 21:35:01 install libgssapi-krb5-2:amd64 <none> 1.19.2-2
2022-10-25 21:35:01 status half-installed libgssapi-krb5-2:amd64 1.19.2-2
2022-10-25 21:35:01 status unpacked libgssapi-krb5-2:amd64 1.19.2-2
2022-10-25 21:35:01 install libk5crypto3:amd64 <none> 1.19.2-2
2022-10-25 21:35:01 status half-installed libk5crypto3:amd64 1.19.2-2
2022-10-25 21:35:01 status unpacked libk5crypto3:amd64 1.19.2-2
2022-10-25 21:35:01 install libkeyutils1:amd64 <none> 1.6.1-2ubuntu3
2022-10-25 21:35:01 status half-installed libkeyutils1:amd64 1.6.1-2ubuntu3
2022-10-25 21:35:01 status unpacked libkeyutils1:amd64 1.6.1-2ubuntu3
2022-10-25 21:35:01 install libkrb5-3:amd64 <none> 1.19.2-2
2022-10-25 21:35:01 status half-installed libkrb5-3:amd64 1.19.2-2
2022-10-25 21:35:01 status unpacked libkrb5-3:amd64 1.19.2-2
2022-10-25 21:35:01 install libkrb5support0:amd64 <none> 1.19.2-2
2022-10-25 21:35:01 status half-installed libkrb5support0:amd64 1.19.2-2
2022-10-25 21:35:01 status unpacked libkrb5support0:amd64 1.19.2-2
2022-10-25 21:35:01 install liblz4-1:amd64 <none> 1.9.3-2build2
2022-10-25 21:35:01 status half-installed liblz4-1:amd64 1.9.3-2build2
2022-10-25 21:35:01 status unpacked liblz4-1:amd64 1.9.3-2build2
2022-10-25 21:35:01 install liblzma5:amd64 <none> 5.2.5-2ubuntu1
2022-10-25 21:35:01 status half-installed liblzma5:amd64 5.2.5-2ubuntu1
2022-10-25 21:35:01 status unpacked liblzma5:amd64 5.2.5-2ubuntu1
2022-10-25 21:35:01 install libmount1:amd64 <none> 2.37.2-4ubuntu3
2022-10-25 21:35:01 status half-installed libmount1:amd64 2.37.2-4ubuntu3
2022-10-25 21:35:01 status unpacked libmount1:amd64 2.37.2-4ubuntu3
2022-10-25 21:35:01 install libncurses6:amd64 <none> 6.3-2
2022-10-25 21:35:01 status half-installed libncurses6:amd64 6.3-2
2022-10-25 21:35:01 status unpacked libncurses6:amd64 6.3-2
2022-10-25 21:35:01 install libncursesw6:amd64 <none> 6.3-2
2022-10-25 21:35:01 status half-installed libncursesw6:amd64 6.3-2
2022-10-25 21:35:01 status unpacked libncursesw6:amd64 6.3-2
2022-10-25 21:35:01 install libnsl2:amd64 <none> 1.3.0-2build2
2022-10-25 21:35:01 status half-installed libnsl2:amd64 1.3.0-2build2
2022-10-25 21:35:01 status unpacked libnsl2:amd64 1.3.0-2build2
2022-10-25 21:35:01 install libpam-modules:amd64 <none> 1.4.0-11ubuntu2
2022-10-25 21:35:01 status half-installed libpam-modules:amd64 1.4.0-11ubuntu2
2022-10-25 21:35:01 status unpacked libpam-modules:amd64 1.4.0-11ubuntu2
2022-10-25 21:35:01 install libpam-modules-bin:amd64 <none> 1.4.0-11ubuntu2
2022-10-25 21:35:01 status half-installed libpam-modules-bin:amd64 1.4.0-11ubuntu2
2022-10-25 21:35:01 status unpacked libpam-modules-bin:amd64 1.4.0-11ubuntu2
2022-10-25 21:35:01 install libpam-runtime:all <none> 1.4.0-11ubuntu2
2022-10-25 21:35:01 status half-installed libpam-runtime:all 1.4.0-11ubuntu2
2022-10-25 21:35:01 status unpacked libpam-runtime:all 1.4.0-11ubuntu2
2022-10-25 21:35:01 install libpam0g:amd64 <none> 1.4.0-11ubuntu2
2022-10-25 21:35:01 status half-installed libpam0g:amd64 1.4.0-11ubuntu2
2022-10-25 21:35:01 status unpacked libpam0g:amd64 1.4.0-11ubuntu2
2022-10-25 21:35:01 install libpcre2-8-0:amd64 <none> 10.39-3build1
2022-10-25 21:35:01 status half-installed libpcre2-8-0:amd64 10.39-3build1
2022-10-25 21:35:01 status unpacked libpcre2-8-0:amd64 10.39-3build1
2022-10-25 21:35:01 install libpcre3:amd64 <none> 2:8.39-13build5
2022-10-25 21:35:01 status half-installed libpcre3:amd64 2:8.39-13build5
2022-10-25 21:35:01 status unpacked libpcre3:amd64 2:8.39-13build5
2022-10-25 21:35:01 install libprocps8:amd64 <none> 2:3.3.17-6ubuntu2
2022-10-25 21:35:01 status half-installed libprocps8:amd64 2:3.3.17-6ubuntu2
2022-10-25 21:35:01 status unpacked libprocps8:amd64 2:3.3.17-6ubuntu2
2022-10-25 21:35:01 install libselinux1:amd64 <none> 3.3-1build2
2022-10-25 21:35:01 status half-installed libselinux1:amd64 3.3-1build2
2022-10-25 21:35:01 status unpacked libselinux1:amd64 3.3-1build2
2022-10-25 21:35:01 install libsemanage-common:all <none> 3.3-1build2
2022-10-25 21:35:01 status half-installed libsemanage-common:all 3.3-1build2
2022-10-25 21:35:01 status unpacked libsemanage-common:all 3.3-1build2
2022-10-25 21:35:01 install libsemanage2:amd64 <none> 3.3-1build2
2022-10-25 21:35:01 status half-installed libsemanage2:amd64 3.3-1build2
2022-10-25 21:35:01 status unpacked libsemanage2:amd64 3.3-1build2
2022-10-25 21:35:01 install libsepol2:amd64 <none> 3.3-1build1
2022-10-25 21:35:01 status half-installed libsepol2:amd64 3.3-1build1
2022-10-25 21:35:01 status unpacked libsepol2:amd64 3.3-1build1
2022-10-25 21:35:01 install libsmartcols1:amd64 <none> 2.37.2-4ubuntu3
2022-10-25 21:35:01 status half-installed libsmartcols1:amd64 2.37.2-4ubuntu3
2022-10-25 21:35:01 status unpacked libsmartcols1:amd64 2.37.2-4ubuntu3
2022-10-25 21:35:01 install libss2:amd64 <none> 1.46.5-2ubuntu1
2022-10-25 21:35:01 status half-installed libss2:amd64 1.46.5-2ubuntu1
2022-10-25 21:35:01 status unpacked libss2:amd64 1.46.5-2ubuntu1
2022-10-25 21:35:01 install libssl3:amd64 <none> 3.0.2-0ubuntu1
2022-10-25 21:35:01 status half-installed libssl3:amd64 3.0.2-0ubuntu1
2022-10-25 21:35:02 status unpacked libssl3:amd64 3.0.2-0ubuntu1
2022-10-25 21:35:02 install libsystemd0:amd64 <none> 249.11-0ubuntu3
2022-10-25 21:35:02 status half-installed libsystemd0:amd64 249.11-0ubuntu3
2022-10-25 21:35:02 status unpacked libsystemd0:amd64 249.11-0ubuntu3
2022-10-25 21:35:02 install libtinfo6:amd64 <none> 6.3-2
2022-10-25 21:35:02 status half-installed libtinfo6:amd64 6.3-2
2022-10-25 21:35:02 status unpacked libtinfo6:amd64 6.3-2
2022-10-25 21:35:02 install libtirpc-common:all <none> 1.3.2-2build1
2022-10-25 21:35:02 status half-installed libtirpc-common:all 1.3.2-2build1
2022-10-25 21:35:02 status unpacked libtirpc-common:all 1.3.2-2build1
2022-10-25 21:35:02 install libtirpc3:amd64 <none> 1.3.2-2build1
2022-10-25 21:35:02 status half-installed libtirpc3:amd64 1.3.2-2build1
2022-10-25 21:35:02 status unpacked libtirpc3:amd64 1.3.2-2build1
2022-10-25 21:35:02 install libudev1:amd64 <none> 249.11-0ubuntu3
2022-10-25 21:35:02 status half-installed libudev1:amd64 249.11-0ubuntu3
2022-10-25 21:35:02 status unpacked libudev1:amd64 249.11-0ubuntu3
2022-10-25 21:35:02 install libuuid1:amd64 <none> 2.37.2-4ubuntu3
2022-10-25 21:35:02 status half-installed libuuid1:amd64 2.37.2-4ubuntu3
2022-10-25 21:35:02 status unpacked libuuid1:amd64 2.37.2-4ubuntu3
2022-10-25 21:35:02 install libzstd1:amd64 <none> 1.4.8+dfsg-3build1
2022-10-25 21:35:02 status half-installed libzstd1:amd64 1.4.8+dfsg-3build1
2022-10-25 21:35:02 status unpacked libzstd1:amd64 1.4.8+dfsg-3build1
2022-10-25 21:35:02 install login:amd64 <none> 1:4.8.1-2ubuntu2
2022-10-25 21:35:02 status half-installed login:amd64 1:4.8.1-2ubuntu2
2022-10-25 21:35:02 status unpacked login:amd64 1:4.8.1-2ubuntu2
2022-10-25 21:35:02 install logsave:amd64 <none> 1.46.5-2ubuntu1
2022-10-25 21:35:02 status half-installed logsave:amd64 1.46.5-2ubuntu1
2022-10-25 21:35:02 status unpacked logsave:amd64 1.46.5-2ubuntu1
2022-10-25 21:35:02 install lsb-base:all <none> 11.1.0ubuntu4
2022-10-25 21:35:02 status half-installed lsb-base:all 11.1.0ubuntu4
2022-10-25 21:35:02 status unpacked lsb-base:all 11.1.0ubuntu4
2022-10-25 21:35:02 upgrade mawk:amd64 1.3.4.20200120-3 1.3.4.20200120-3
2022-10-25 21:35:02 status half-configured mawk:amd64 1.3.4.20200120-3
2022-10-25 21:35:02 status unpacked mawk:amd64 1.3.4.20200120-3
2022-10-25 21:35:02 status half-installed mawk:amd64 1.3.4.20200120-3
2022-10-25 21:35:02 status unpacked mawk:amd64 1.3.4.20200120-3
2022-10-25 21:35:02 install mount:amd64 <none> 2.37.2-4ubuntu3
2022-10-25 21:35:02 status half-installed mount:amd64 2.37.2-4ubuntu3
2022-10-25 21:35:02 status unpacked mount:amd64 2.37.2-4ubuntu3
2022-10-25 21:35:02 install ncurses-base:all <none> 6.3-2
2022-10-25 21:35:02 status half-installed ncurses-base:all 6.3-2
2022-10-25 21:35:02 status unpacked ncurses-base:all 6.3-2
2022-10-25 21:35:02 install ncurses-bin:amd64 <none> 6.3-2
2022-10-25 21:35:02 status half-installed ncurses-bin:amd64 6.3-2
2022-10-25 21:35:02 status unpacked ncurses-bin:amd64 6.3-2
2022-10-25 21:35:02 install passwd:amd64 <none> 1:4.8.1-2ubuntu2
2022-10-25 21:35:02 status half-installed passwd:amd64 1:4.8.1-2ubuntu2
2022-10-25 21:35:02 status unpacked passwd:amd64 1:4.8.1-2ubuntu2
2022-10-25 21:35:02 upgrade perl-base:amd64 5.34.0-3ubuntu1 5.34.0-3ubuntu1
2022-10-25 21:35:02 status half-configured perl-base:amd64 5.34.0-3ubuntu1
2022-10-25 21:35:02 status unpacked perl-base:amd64 5.34.0-3ubuntu1
2022-10-25 21:35:02 status half-installed perl-base:amd64 5.34.0-3ubuntu1
2022-10-25 21:35:02 status unpacked perl-base:amd64 5.34.0-3ubuntu1
2022-10-25 21:35:02 install procps:amd64 <none> 2:3.3.17-6ubuntu2
2022-10-25 21:35:02 status half-installed procps:amd64 2:3.3.17-6ubuntu2
2022-10-25 21:35:02 status unpacked procps:amd64 2:3.3.17-6ubuntu2
2022-10-25 21:35:02 install sed:amd64 <none> 4.8-1ubuntu2
2022-10-25 21:35:02 status half-installed sed:amd64 4.8-1ubuntu2
2022-10-25 21:35:02 status unpacked sed:amd64 4.8-1ubuntu2
2022-10-25 21:35:02 install sensible-utils:all <none> 0.0.17
2022-10-25 21:35:02 status half-installed sensible-utils:all 0.0.17
2022-10-25 21:35:02 status unpacked sensible-utils:all 0.0.17
2022-10-25 21:35:02 install sysvinit-utils:amd64 <none> 3.01-1ubuntu1
2022-10-25 21:35:02 status half-installed sysvinit-utils:amd64 3.01-1ubuntu1
2022-10-25 21:35:02 status unpacked sysvinit-utils:amd64 3.01-1ubuntu1
2022-10-25 21:35:02 install tar:amd64 <none> 1.34+dfsg-1build3
2022-10-25 21:35:02 status half-installed tar:amd64 1.34+dfsg-1build3
2022-10-25 21:35:02 status unpacked tar:amd64 1.34+dfsg-1build3
2022-10-25 21:35:02 install usrmerge:all <none> 25ubuntu2
2022-10-25 21:35:02 status half-installed usrmerge:all 25ubuntu2
2022-10-25 21:35:02 status unpacked usrmerge:all 25ubuntu2
2022-10-25 21:35:02 install util-linux:amd64 <none> 2.37.2-4ubuntu3
2022-10-25 21:35:02 status half-installed util-linux:amd64 2.37.2-4ubuntu3
2022-10-25 21:35:02 status unpacked util-linux:amd64 2.37.2-4ubuntu3
2022-10-25 21:35:02 install zlib1g:amd64 <none> 1:1.2.11.dfsg-2ubuntu9
2022-10-25 21:35:02 status half-installed zlib1g:amd64 1:1.2.11.dfsg-2ubuntu9
2022-10-25 21:35:02 status unpacked zlib1g:amd64 1:1.2.11.dfsg-2ubuntu9
2022-10-25 21:35:02 startup packages configure
2022-10-25 21:35:02 configure lsb-base:all 11.1.0ubuntu4 <none>
2022-10-25 21:35:02 status unpacked lsb-base:all 11.1.0ubuntu4
2022-10-25 21:35:02 status half-configured lsb-base:all 11.1.0ubuntu4
2022-10-25 21:35:02 status installed lsb-base:all 11.1.0ubuntu4
2022-10-25 21:35:02 configure libtirpc-common:all 1.3.2-2build1 <none>
2022-10-25 21:35:02 status unpacked libtirpc-common:all 1.3.2-2build1
2022-10-25 21:35:02 status half-configured libtirpc-common:all 1.3.2-2build1
2022-10-25 21:35:02 status installed libtirpc-common:all 1.3.2-2build1
2022-10-25 21:35:02 configure libaudit-common:all 1:3.0.7-1build1 <none>
2022-10-25 21:35:02 status unpacked libaudit-common:all 1:3.0.7-1build1
2022-10-25 21:35:02 status half-configured libaudit-common:all 1:3.0.7-1build1
2022-10-25 21:35:02 status installed libaudit-common:all 1:3.0.7-1build1
2022-10-25 21:35:02 configure libsemanage-common:all 3.3-1build2 <none>
2022-10-25 21:35:02 status unpacked libsemanage-common:all 3.3-1build2
2022-10-25 21:35:02 status half-configured libsemanage-common:all 3.3-1build2
2022-10-25 21:35:02 status installed libsemanage-common:all 3.3-1build2
2022-10-25 21:35:02 configure gcc-12-base:amd64 12-20220319-1ubuntu1 <none>
2022-10-25 21:35:02 status unpacked gcc-12-base:amd64 12-20220319-1ubuntu1
2022-10-25 21:35:02 status half-configured gcc-12-base:amd64 12-20220319-1ubuntu1
2022-10-25 21:35:02 status installed gcc-12-base:amd64 12-20220319-1ubuntu1
2022-10-25 21:35:02 configure ncurses-base:all 6.3-2 <none>
2022-10-25 21:35:02 status unpacked ncurses-base:all 6.3-2
2022-10-25 21:35:02 status half-configured ncurses-base:all 6.3-2
2022-10-25 21:35:02 status installed ncurses-base:all 6.3-2
2022-10-25 21:35:02 configure sensible-utils:all 0.0.17 <none>
2022-10-25 21:35:02 status unpacked sensible-utils:all 0.0.17
2022-10-25 21:35:02 status half-configured sensible-utils:all 0.0.17
2022-10-25 21:35:02 status installed sensible-utils:all 0.0.17
2022-10-25 21:35:02 configure libcrypt1:amd64 1:4.4.27-1 <none>
2022-10-25 21:35:02 status unpacked libcrypt1:amd64 1:4.4.27-1
2022-10-25 21:35:02 status half-configured libcrypt1:amd64 1:4.4.27-1
2022-10-25 21:35:02 status installed libcrypt1:amd64 1:4.4.27-1
2022-10-25 21:35:02 configure libgcc-s1:amd64 12-20220319-1ubuntu1 <none>
2022-10-25 21:35:02 status unpacked libgcc-s1:amd64 12-20220319-1ubuntu1
2022-10-25 21:35:02 status half-configured libgcc-s1:amd64 12-20220319-1ubuntu1
2022-10-25 21:35:02 status installed libgcc-s1:amd64 12-20220319-1ubuntu1
2022-10-25 21:35:02 configure libc6:amd64 2.35-0ubuntu3 <none>
2022-10-25 21:35:02 status unpacked libc6:amd64 2.35-0ubuntu3
2022-10-25 21:35:02 status half-configured libc6:amd64 2.35-0ubuntu3
2022-10-25 21:35:03 status installed libc6:amd64 2.35-0ubuntu3
2022-10-25 21:35:03 configure libudev1:amd64 249.11-0ubuntu3 <none>
2022-10-25 21:35:03 status unpacked libudev1:amd64 249.11-0ubuntu3
2022-10-25 21:35:03 status half-configured libudev1:amd64 249.11-0ubuntu3
2022-10-25 21:35:03 status installed libudev1:amd64 249.11-0ubuntu3
2022-10-25 21:35:03 configure libattr1:amd64 1:2.5.1-1build1 <none>
2022-10-25 21:35:03 status unpacked libattr1:amd64 1:2.5.1-1build1
2022-10-25 21:35:03 status half-configured libattr1:amd64 1:2.5.1-1build1
2022-10-25 21:35:03 status installed libattr1:amd64 1:2.5.1-1build1
2022-10-25 21:35:03 configure sysvinit-utils:amd64 3.01-1ubuntu1 <none>
2022-10-25 21:35:03 status unpacked sysvinit-utils:amd64 3.01-1ubuntu1
2022-10-25 21:35:03 status half-configured sysvinit-utils:amd64 3.01-1ubuntu1
2022-10-25 21:35:03 status installed sysvinit-utils:amd64 3.01-1ubuntu1
2022-10-25 21:35:03 configure debianutils:amd64 5.5-1ubuntu2 <none>
2022-10-25 21:35:03 status unpacked debianutils:amd64 5.5-1ubuntu2
2022-10-25 21:35:03 status half-configured debianutils:amd64 5.5-1ubuntu2
2022-10-25 21:35:03 status installed debianutils:amd64 5.5-1ubuntu2
2022-10-25 21:35:03 configure mawk:amd64 1.3.4.20200120-3 <none>
2022-10-25 21:35:03 status unpacked mawk:amd64 1.3.4.20200120-3
2022-10-25 21:35:03 status half-configured mawk:amd64 1.3.4.20200120-3
2022-10-25 21:35:03 status installed mawk:amd64 1.3.4.20200120-3
2022-10-25 21:35:03 configure libdebconfclient0:amd64 0.261ubuntu1 <none>
2022-10-25 21:35:03 status unpacked libdebconfclient0:amd64 0.261ubuntu1
2022-10-25 21:35:03 status half-configured libdebconfclient0:amd64 0.261ubuntu1
2022-10-25 21:35:03 status installed libdebconfclient0:amd64 0.261ubuntu1
2022-10-25 21:35:03 configure base-files:amd64 12ubuntu4 <none>
2022-10-25 21:35:03 status unpacked base-files:amd64 12ubuntu4
2022-10-25 21:35:03 status half-configured base-files:amd64 12ubuntu4
2022-10-25 21:35:03 status installed base-files:amd64 12ubuntu4
2022-10-25 21:35:03 configure libbz2-1.0:amd64 1.0.8-5build1 <none>
2022-10-25 21:35:03 status unpacked libbz2-1.0:amd64 1.0.8-5build1
2022-10-25 21:35:03 status half-configured libbz2-1.0:amd64 1.0.8-5build1
2022-10-25 21:35:03 status installed libbz2-1.0:amd64 1.0.8-5build1
2022-10-25 21:35:03 configure base-passwd:amd64 3.5.52build1 <none>
2022-10-25 21:35:03 status unpacked base-passwd:amd64 3.5.52build1
2022-10-25 21:35:03 status half-configured base-passwd:amd64 3.5.52build1
2022-10-25 21:35:03 status installed base-passwd:amd64 3.5.52build1
2022-10-25 21:35:03 configure libdb5.3:amd64 5.3.28+dfsg1-0.8ubuntu3 <none>
2022-10-25 21:35:03 status unpacked libdb5.3:amd64 5.3.28+dfsg1-0.8ubuntu3
2022-10-25 21:35:03 status half-configured libdb5.3:amd64 5.3.28+dfsg1-0.8ubuntu3
2022-10-25 21:35:03 status installed libdb5.3:amd64 5.3.28+dfsg1-0.8ubuntu3
2022-10-25 21:35:03 configure libblkid1:amd64 2.37.2-4ubuntu3 <none>
2022-10-25 21:35:03 status unpacked libblkid1:amd64 2.37.2-4ubuntu3
2022-10-25 21:35:03 status half-configured libblkid1:amd64 2.37.2-4ubuntu3
2022-10-25 21:35:03 status installed libblkid1:amd64 2.37.2-4ubuntu3
2022-10-25 21:35:03 configure libtinfo6:amd64 6.3-2 <none>
2022-10-25 21:35:03 status unpacked libtinfo6:amd64 6.3-2
2022-10-25 21:35:03 status half-configured libtinfo6:amd64 6.3-2
2022-10-25 21:35:03 status installed libtinfo6:amd64 6.3-2
2022-10-25 21:35:03 configure bash:amd64 5.1-6ubuntu1 <none>
2022-10-25 21:35:03 status unpacked bash:amd64 5.1-6ubuntu1
2022-10-25 21:35:03 status half-configured bash:amd64 5.1-6ubuntu1
2022-10-25 21:35:03 status installed bash:amd64 5.1-6ubuntu1
2022-10-25 21:35:03 configure libzstd1:amd64 1.4.8+dfsg-3build1 <none>
2022-10-25 21:35:03 status unpacked libzstd1:amd64 1.4.8+dfsg-3build1
2022-10-25 21:35:03 status half-configured libzstd1:amd64 1.4.8+dfsg-3build1
2022-10-25 21:35:03 status installed libzstd1:amd64 1.4.8+dfsg-3build1
2022-10-25 21:35:03 configure libkeyutils1:amd64 1.6.1-2ubuntu3 <none>
2022-10-25 21:35:03 status unpacked libkeyutils1:amd64 1.6.1-2ubuntu3
2022-10-25 21:35:03 status half-configured libkeyutils1:amd64 1.6.1-2ubuntu3
2022-10-25 21:35:03 status installed libkeyutils1:amd64 1.6.1-2ubuntu3
2022-10-25 21:35:03 configure liblzma5:amd64 5.2.5-2ubuntu1 <none>
2022-10-25 21:35:03 status unpacked liblzma5:amd64 5.2.5-2ubuntu1
2022-10-25 21:35:03 status half-configured liblzma5:amd64 5.2.5-2ubuntu1
2022-10-25 21:35:03 status installed liblzma5:amd64 5.2.5-2ubuntu1
2022-10-25 21:35:03 configure libgpg-error0:amd64 1.43-3 <none>
2022-10-25 21:35:03 status unpacked libgpg-error0:amd64 1.43-3
2022-10-25 21:35:03 status half-configured libgpg-error0:amd64 1.43-3
2022-10-25 21:35:03 status installed libgpg-error0:amd64 1.43-3
2022-10-25 21:35:03 configure liblz4-1:amd64 1.9.3-2build2 <none>
2022-10-25 21:35:03 status unpacked liblz4-1:amd64 1.9.3-2build2
2022-10-25 21:35:03 status half-configured liblz4-1:amd64 1.9.3-2build2
2022-10-25 21:35:03 status installed liblz4-1:amd64 1.9.3-2build2
2022-10-25 21:35:03 configure libc-bin:amd64 2.35-0ubuntu3 <none>
2022-10-25 21:35:03 status unpacked libc-bin:amd64 2.35-0ubuntu3
2022-10-25 21:35:03 status half-configured libc-bin:amd64 2.35-0ubuntu3
2022-10-25 21:35:03 status installed libc-bin:amd64 2.35-0ubuntu3
2022-10-25 21:35:03 configure ncurses-bin:amd64 6.3-2 <none>
2022-10-25 21:35:03 status unpacked ncurses-bin:amd64 6.3-2
2022-10-25 21:35:03 status half-configured ncurses-bin:amd64 6.3-2
2022-10-25 21:35:03 status installed ncurses-bin:amd64 6.3-2
2022-10-25 21:35:03 configure libacl1:amd64 2.3.1-1 <none>
2022-10-25 21:35:03 status triggers-pending libc-bin:amd64 2.35-0ubuntu3
2022-10-25 21:35:03 status unpacked libacl1:amd64 2.3.1-1
2022-10-25 21:35:03 status half-configured libacl1:amd64 2.3.1-1
2022-10-25 21:35:03 status installed libacl1:amd64 2.3.1-1
2022-10-25 21:35:03 configure libsmartcols1:amd64 2.37.2-4ubuntu3 <none>
2022-10-25 21:35:03 status unpacked libsmartcols1:amd64 2.37.2-4ubuntu3
2022-10-25 21:35:03 status half-configured libsmartcols1:amd64 2.37.2-4ubuntu3
2022-10-25 21:35:03 status installed libsmartcols1:amd64 2.37.2-4ubuntu3
2022-10-25 21:35:03 configure libgcrypt20:amd64 1.9.4-3ubuntu3 <none>
2022-10-25 21:35:03 status unpacked libgcrypt20:amd64 1.9.4-3ubuntu3
2022-10-25 21:35:03 status half-configured libgcrypt20:amd64 1.9.4-3ubuntu3
2022-10-25 21:35:03 status installed libgcrypt20:amd64 1.9.4-3ubuntu3
2022-10-25 21:35:03 configure zlib1g:amd64 1:1.2.11.dfsg-2ubuntu9 <none>
2022-10-25 21:35:03 status unpacked zlib1g:amd64 1:1.2.11.dfsg-2ubuntu9
2022-10-25 21:35:03 status half-configured zlib1g:amd64 1:1.2.11.dfsg-2ubuntu9
2022-10-25 21:35:03 status installed zlib1g:amd64 1:1.2.11.dfsg-2ubuntu9
2022-10-25 21:35:03 configure libcom-err2:amd64 1.46.5-2ubuntu1 <none>
2022-10-25 21:35:03 status unpacked libcom-err2:amd64 1.46.5-2ubuntu1
2022-10-25 21:35:03 status half-configured libcom-err2:amd64 1.46.5-2ubuntu1
2022-10-25 21:35:03 status installed libcom-err2:amd64 1.46.5-2ubuntu1
2022-10-25 21:35:03 configure diffutils:amd64 1:3.8-0ubuntu2 <none>
2022-10-25 21:35:03 status unpacked diffutils:amd64 1:3.8-0ubuntu2
2022-10-25 21:35:03 status half-configured diffutils:amd64 1:3.8-0ubuntu2
2022-10-25 21:35:03 status installed diffutils:amd64 1:3.8-0ubuntu2
2022-10-25 21:35:03 configure libcap2:amd64 1:2.44-1build3 <none>
2022-10-25 21:35:03 status unpacked libcap2:amd64 1:2.44-1build3
2022-10-25 21:35:03 status half-configured libcap2:amd64 1:2.44-1build3
2022-10-25 21:35:03 status installed libcap2:amd64 1:2.44-1build3
2022-10-25 21:35:03 configure libkrb5support0:amd64 1.19.2-2 <none>
2022-10-25 21:35:03 status unpacked libkrb5support0:amd64 1.19.2-2
2022-10-25 21:35:03 status half-configured libkrb5support0:amd64 1.19.2-2
2022-10-25 21:35:03 status installed libkrb5support0:amd64 1.19.2-2
2022-10-25 21:35:03 configure hostname:amd64 3.23ubuntu2 <none>
2022-10-25 21:35:03 status unpacked hostname:amd64 3.23ubuntu2
2022-10-25 21:35:03 status half-configured hostname:amd64 3.23ubuntu2
2022-10-25 21:35:03 status installed hostname:amd64 3.23ubuntu2
2022-10-25 21:35:03 configure libpcre3:amd64 2:8.39-13build5 <none>
2022-10-25 21:35:03 status unpacked libpcre3:amd64 2:8.39-13build5
2022-10-25 21:35:03 status half-configured libpcre3:amd64 2:8.39-13build5
2022-10-25 21:35:03 status installed libpcre3:amd64 2:8.39-13build5
2022-10-25 21:35:03 configure libcap-ng0:amd64 0.7.9-2.2build3 <none>
2022-10-25 21:35:03 status unpacked libcap-ng0:amd64 0.7.9-2.2build3
2022-10-25 21:35:03 status half-configured libcap-ng0:amd64 0.7.9-2.2build3
2022-10-25 21:35:03 status installed libcap-ng0:amd64 0.7.9-2.2build3
2022-10-25 21:35:03 configure libext2fs2:amd64 1.46.5-2ubuntu1 <none>
2022-10-25 21:35:03 status unpacked libext2fs2:amd64 1.46.5-2ubuntu1
2022-10-25 21:35:03 status half-configured libext2fs2:amd64 1.46.5-2ubuntu1
2022-10-25 21:35:03 status installed libext2fs2:amd64 1.46.5-2ubuntu1
2022-10-25 21:35:03 configure libgmp10:amd64 2:6.2.1+dfsg-3ubuntu1 <none>
2022-10-25 21:35:03 status unpacked libgmp10:amd64 2:6.2.1+dfsg-3ubuntu1
2022-10-25 21:35:03 status half-configured libgmp10:amd64 2:6.2.1+dfsg-3ubuntu1
2022-10-25 21:35:03 status installed libgmp10:amd64 2:6.2.1+dfsg-3ubuntu1
2022-10-25 21:35:03 configure libncurses6:amd64 6.3-2 <none>
2022-10-25 21:35:03 status unpacked libncurses6:amd64 6.3-2
2022-10-25 21:35:03 status half-configured libncurses6:amd64 6.3-2
2022-10-25 21:35:03 status installed libncurses6:amd64 6.3-2
2022-10-25 21:35:03 configure libaudit1:amd64 1:3.0.7-1build1 <none>
2022-10-25 21:35:03 status unpacked libaudit1:amd64 1:3.0.7-1build1
2022-10-25 21:35:03 status half-configured libaudit1:amd64 1:3.0.7-1build1
2022-10-25 21:35:03 status installed libaudit1:amd64 1:3.0.7-1build1
2022-10-25 21:35:03 configure libuuid1:amd64 2.37.2-4ubuntu3 <none>
2022-10-25 21:35:03 status unpacked libuuid1:amd64 2.37.2-4ubuntu3
2022-10-25 21:35:03 status half-configured libuuid1:amd64 2.37.2-4ubuntu3
2022-10-25 21:35:03 status installed libuuid1:amd64 2.37.2-4ubuntu3
2022-10-25 21:35:03 configure libss2:amd64 1.46.5-2ubuntu1 <none>
2022-10-25 21:35:03 status unpacked libss2:amd64 1.46.5-2ubuntu1
2022-10-25 21:35:03 status half-configured libss2:amd64 1.46.5-2ubuntu1
2022-10-25 21:35:03 status installed libss2:amd64 1.46.5-2ubuntu1
2022-10-25 21:35:03 configure libsepol2:amd64 3.3-1build1 <none>
2022-10-25 21:35:03 status unpacked libsepol2:amd64 3.3-1build1
2022-10-25 21:35:03 status half-configured libsepol2:amd64 3.3-1build1
2022-10-25 21:35:03 status installed libsepol2:amd64 3.3-1build1
2022-10-25 21:35:03 configure libpcre2-8-0:amd64 10.39-3build1 <none>
2022-10-25 21:35:03 status unpacked libpcre2-8-0:amd64 10.39-3build1
2022-10-25 21:35:03 status half-configured libpcre2-8-0:amd64 10.39-3build1
2022-10-25 21:35:03 status installed libpcre2-8-0:amd64 10.39-3build1
2022-10-25 21:35:03 configure libncursesw6:amd64 6.3-2 <none>
2022-10-25 21:35:03 status unpacked libncursesw6:amd64 6.3-2
2022-10-25 21:35:03 status half-configured libncursesw6:amd64 6.3-2
2022-10-25 21:35:03 status installed libncursesw6:amd64 6.3-2
2022-10-25 21:35:03 configure libk5crypto3:amd64 1.19.2-2 <none>
2022-10-25 21:35:03 status unpacked libk5crypto3:amd64 1.19.2-2
2022-10-25 21:35:03 status half-configured libk5crypto3:amd64 1.19.2-2
2022-10-25 21:35:03 status installed libk5crypto3:amd64 1.19.2-2
2022-10-25 21:35:03 configure logsave:amd64 1.46.5-2ubuntu1 <none>
2022-10-25 21:35:03 status unpacked logsave:amd64 1.46.5-2ubuntu1
2022-10-25 21:35:03 status half-configured logsave:amd64 1.46.5-2ubuntu1
2022-10-25 21:35:03 status installed logsave:amd64 1.46.5-2ubuntu1
2022-10-25 21:35:03 configure e2fsprogs:amd64 1.46.5-2ubuntu1 <none>
2022-10-25 21:35:03 status unpacked e2fsprogs:amd64 1.46.5-2ubuntu1
2022-10-25 21:35:03 status half-configured e2fsprogs:amd64 1.46.5-2ubuntu1
2022-10-25 21:35:03 status installed e2fsprogs:amd64 1.46.5-2ubuntu1
2022-10-25 21:35:03 configure libsystemd0:amd64 249.11-0ubuntu3 <none>
2022-10-25 21:35:03 status unpacked libsystemd0:amd64 249.11-0ubuntu3
2022-10-25 21:35:03 status half-configured libsystemd0:amd64 249.11-0ubuntu3
2022-10-25 21:35:03 status installed libsystemd0:amd64 249.11-0ubuntu3
2022-10-25 21:35:03 configure libselinux1:amd64 3.3-1build2 <none>
2022-10-25 21:35:03 status unpacked libselinux1:amd64 3.3-1build2
2022-10-25 21:35:03 status half-configured libselinux1:amd64 3.3-1build2
2022-10-25 21:35:03 status installed libselinux1:amd64 3.3-1build2
2022-10-25 21:35:03 configure sed:amd64 4.8-1ubuntu2 <none>
2022-10-25 21:35:03 status unpacked sed:amd64 4.8-1ubuntu2
2022-10-25 21:35:03 status half-configured sed:amd64 4.8-1ubuntu2
2022-10-25 21:35:03 status installed sed:amd64 4.8-1ubuntu2
2022-10-25 21:35:03 configure findutils:amd64 4.8.0-1ubuntu3 <none>
2022-10-25 21:35:03 status unpacked findutils:amd64 4.8.0-1ubuntu3
2022-10-25 21:35:03 status half-configured findutils:amd64 4.8.0-1ubuntu3
2022-10-25 21:35:03 status installed findutils:amd64 4.8.0-1ubuntu3
2022-10-25 21:35:03 configure libmount1:amd64 2.37.2-4ubuntu3 <none>
2022-10-25 21:35:03 status unpacked libmount1:amd64 2.37.2-4ubuntu3
2022-10-25 21:35:03 status half-configured libmount1:amd64 2.37.2-4ubuntu3
2022-10-25 21:35:03 status installed libmount1:amd64 2.37.2-4ubuntu3
2022-10-25 21:35:03 configure libsemanage2:amd64 3.3-1build2 <none>
2022-10-25 21:35:03 status unpacked libsemanage2:amd64 3.3-1build2
2022-10-25 21:35:03 status half-configured libsemanage2:amd64 3.3-1build2
2022-10-25 21:35:03 status installed libsemanage2:amd64 3.3-1build2
2022-10-25 21:35:03 configure libprocps8:amd64 2:3.3.17-6ubuntu2 <none>
2022-10-25 21:35:03 status unpacked libprocps8:amd64 2:3.3.17-6ubuntu2
2022-10-25 21:35:03 status half-configured libprocps8:amd64 2:3.3.17-6ubuntu2
2022-10-25 21:35:03 status installed libprocps8:amd64 2:3.3.17-6ubuntu2
2022-10-25 21:35:03 configure bsdutils:amd64 1:2.37.2-4ubuntu3 <none>
2022-10-25 21:35:03 status unpacked bsdutils:amd64 1:2.37.2-4ubuntu3
2022-10-25 21:35:03 status half-configured bsdutils:amd64 1:2.37.2-4ubuntu3
2022-10-25 21:35:03 status installed bsdutils:amd64 1:2.37.2-4ubuntu3
2022-10-25 21:35:03 configure tar:amd64 1.34+dfsg-1build3 <none>
2022-10-25 21:35:03 status unpacked tar:amd64 1.34+dfsg-1build3
2022-10-25 21:35:03 status half-configured tar:amd64 1.34+dfsg-1build3
2022-10-25 21:35:03 status installed tar:amd64 1.34+dfsg-1build3
2022-10-25 21:35:03 configure coreutils:amd64 8.32-4.1ubuntu1 <none>
2022-10-25 21:35:03 status unpacked coreutils:amd64 8.32-4.1ubuntu1
2022-10-25 21:35:03 status half-configured coreutils:amd64 8.32-4.1ubuntu1
2022-10-25 21:35:03 status installed coreutils:amd64 8.32-4.1ubuntu1
2022-10-25 21:35:03 configure dpkg:amd64 1.21.1ubuntu2 <none>
2022-10-25 21:35:03 status unpacked dpkg:amd64 1.21.1ubuntu2
2022-10-25 21:35:03 status half-configured dpkg:amd64 1.21.1ubuntu2
2022-10-25 21:35:03 status installed dpkg:amd64 1.21.1ubuntu2
2022-10-25 21:35:03 configure mount:amd64 2.37.2-4ubuntu3 <none>
2022-10-25 21:35:03 status unpacked mount:amd64 2.37.2-4ubuntu3
2022-10-25 21:35:03 status half-configured mount:amd64 2.37.2-4ubuntu3
2022-10-25 21:35:03 status installed mount:amd64 2.37.2-4ubuntu3
2022-10-25 21:35:03 configure grep:amd64 3.7-1build1 <none>
2022-10-25 21:35:03 status unpacked grep:amd64 3.7-1build1
2022-10-25 21:35:03 status half-configured grep:amd64 3.7-1build1
2022-10-25 21:35:03 status installed grep:amd64 3.7-1build1
2022-10-25 21:35:03 configure perl-base:amd64 5.34.0-3ubuntu1 <none>
2022-10-25 21:35:03 status unpacked perl-base:amd64 5.34.0-3ubuntu1
2022-10-25 21:35:03 status half-configured perl-base:amd64 5.34.0-3ubuntu1
2022-10-25 21:35:03 status installed perl-base:amd64 5.34.0-3ubuntu1
2022-10-25 21:35:03 configure init-system-helpers:all 1.62 <none>
2022-10-25 21:35:03 status unpacked init-system-helpers:all 1.62
2022-10-25 21:35:03 status half-configured init-system-helpers:all 1.62
2022-10-25 21:35:03 status installed init-system-helpers:all 1.62
2022-10-25 21:35:03 configure gzip:amd64 1.10-4ubuntu4 <none>
2022-10-25 21:35:03 status unpacked gzip:amd64 1.10-4ubuntu4
2022-10-25 21:35:03 status half-configured gzip:amd64 1.10-4ubuntu4
2022-10-25 21:35:03 status installed gzip:amd64 1.10-4ubuntu4
2022-10-25 21:35:03 configure usrmerge:all 25ubuntu2 <none>
2022-10-25 21:35:03 status unpacked usrmerge:all 25ubuntu2
2022-10-25 21:35:03 status half-configured usrmerge:all 25ubuntu2
2022-10-25 21:35:03 status installed usrmerge:all 25ubuntu2
2022-10-25 21:35:03 configure procps:amd64 2:3.3.17-6ubuntu2 <none>
2022-10-25 21:35:03 status unpacked procps:amd64 2:3.3.17-6ubuntu2
2022-10-25 21:35:03 status half-configured procps:amd64 2:3.3.17-6ubuntu2
2022-10-25 21:35:03 status installed procps:amd64 2:3.3.17-6ubuntu2
2022-10-25 21:35:03 configure debconf:all 1.5.79ubuntu1 <none>
2022-10-25 21:35:03 status unpacked debconf:all 1.5.79ubuntu1
2022-10-25 21:35:03 status half-configured debconf:all 1.5.79ubuntu1
2022-10-25 21:35:03 status installed debconf:all 1.5.79ubuntu1
2022-10-25 21:35:03 configure libpam0g:amd64 1.4.0-11ubuntu2 <none>
2022-10-25 21:35:03 status unpacked libpam0g:amd64 1.4.0-11ubuntu2
2022-10-25 21:35:03 status half-configured libpam0g:amd64 1.4.0-11ubuntu2
2022-10-25 21:35:03 status installed libpam0g:amd64 1.4.0-11ubuntu2
2022-10-25 21:35:03 configure util-linux:amd64 2.37.2-4ubuntu3 <none>
2022-10-25 21:35:03 status unpacked util-linux:amd64 2.37.2-4ubuntu3
2022-10-25 21:35:04 status half-configured util-linux:amd64 2.37.2-4ubuntu3
2022-10-25 21:35:04 status installed util-linux:amd64 2.37.2-4ubuntu3
2022-10-25 21:35:04 configure dash:amd64 0.5.11+git20210903+057cd650a4ed-3build1 <none>
2022-10-25 21:35:04 status unpacked dash:amd64 0.5.11+git20210903+057cd650a4ed-3build1
2022-10-25 21:35:04 status half-configured dash:amd64 0.5.11+git20210903+057cd650a4ed-3build1
2022-10-25 21:35:04 status installed dash:amd64 0.5.11+git20210903+057cd650a4ed-3build1
2022-10-25 21:35:04 configure libpam-modules-bin:amd64 1.4.0-11ubuntu2 <none>
2022-10-25 21:35:04 status unpacked libpam-modules-bin:amd64 1.4.0-11ubuntu2
2022-10-25 21:35:04 status half-configured libpam-modules-bin:amd64 1.4.0-11ubuntu2
2022-10-25 21:35:04 status installed libpam-modules-bin:amd64 1.4.0-11ubuntu2
2022-10-25 21:35:04 configure libssl3:amd64 3.0.2-0ubuntu1 <none>
2022-10-25 21:35:04 status unpacked libssl3:amd64 3.0.2-0ubuntu1
2022-10-25 21:35:04 status half-configured libssl3:amd64 3.0.2-0ubuntu1
2022-10-25 21:35:04 status installed libssl3:amd64 3.0.2-0ubuntu1
2022-10-25 21:35:04 configure libkrb5-3:amd64 1.19.2-2 <none>
2022-10-25 21:35:04 status unpacked libkrb5-3:amd64 1.19.2-2
2022-10-25 21:35:04 status half-configured libkrb5-3:amd64 1.19.2-2
2022-10-25 21:35:04 status installed libkrb5-3:amd64 1.19.2-2
2022-10-25 21:35:04 configure libgssapi-krb5-2:amd64 1.19.2-2 <none>
2022-10-25 21:35:04 status unpacked libgssapi-krb5-2:amd64 1.19.2-2
2022-10-25 21:35:04 status half-configured libgssapi-krb5-2:amd64 1.19.2-2
2022-10-25 21:35:04 status installed libgssapi-krb5-2:amd64 1.19.2-2
2022-10-25 21:35:04 configure libtirpc3:amd64 1.3.2-2build1 <none>
2022-10-25 21:35:04 status unpacked libtirpc3:amd64 1.3.2-2build1
2022-10-25 21:35:04 status half-configured libtirpc3:amd64 1.3.2-2build1
2022-10-25 21:35:04 status installed libtirpc3:amd64 1.3.2-2build1
2022-10-25 21:35:04 configure libnsl2:amd64 1.3.0-2build2 <none>
2022-10-25 21:35:04 status unpacked libnsl2:amd64 1.3.0-2build2
2022-10-25 21:35:04 status half-configured libnsl2:amd64 1.3.0-2build2
2022-10-25 21:35:04 status installed libnsl2:amd64 1.3.0-2build2
2022-10-25 21:35:04 configure libpam-modules:amd64 1.4.0-11ubuntu2 <none>
2022-10-25 21:35:04 status unpacked libpam-modules:amd64 1.4.0-11ubuntu2
2022-10-25 21:35:04 status half-configured libpam-modules:amd64 1.4.0-11ubuntu2
2022-10-25 21:35:04 status installed libpam-modules:amd64 1.4.0-11ubuntu2
2022-10-25 21:35:04 configure passwd:amd64 1:4.8.1-2ubuntu2 <none>
2022-10-25 21:35:04 status unpacked passwd:amd64 1:4.8.1-2ubuntu2
2022-10-25 21:35:04 status half-configured passwd:amd64 1:4.8.1-2ubuntu2
2022-10-25 21:35:04 status installed passwd:amd64 1:4.8.1-2ubuntu2
2022-10-25 21:35:04 configure libpam-runtime:all 1.4.0-11ubuntu2 <none>
2022-10-25 21:35:04 status unpacked libpam-runtime:all 1.4.0-11ubuntu2
2022-10-25 21:35:04 status half-configured libpam-runtime:all 1.4.0-11ubuntu2
2022-10-25 21:35:04 status installed libpam-runtime:all 1.4.0-11ubuntu2
2022-10-25 21:35:04 configure login:amd64 1:4.8.1-2ubuntu2 <none>
2022-10-25 21:35:04 status unpacked login:amd64 1:4.8.1-2ubuntu2
2022-10-25 21:35:04 status half-configured login:amd64 1:4.8.1-2ubuntu2
2022-10-25 21:35:04 status installed login:amd64 1:4.8.1-2ubuntu2
2022-10-25 21:35:04 trigproc libc-bin:amd64 2.35-0ubuntu3 <none>
2022-10-25 21:35:04 status half-configured libc-bin:amd64 2.35-0ubuntu3
2022-10-25 21:35:04 status installed libc-bin:amd64 2.35-0ubuntu3
2022-10-25 21:35:05 startup archives install
2022-10-25 21:35:05 install adduser:all <none> 3.118ubuntu5
2022-10-25 21:35:05 status half-installed adduser:all 3.118ubuntu5
2022-10-25 21:35:05 status unpacked adduser:all 3.118ubuntu5
2022-10-25 21:35:05 install libapparmor1:amd64 <none> 3.0.4-2ubuntu2
2022-10-25 21:35:05 status triggers-pending libc-bin:amd64 2.35-0ubuntu3
2022-10-25 21:35:05 status half-installed libapparmor1:amd64 3.0.4-2ubuntu2
2022-10-25 21:35:05 status unpacked libapparmor1:amd64 3.0.4-2ubuntu2
2022-10-25 21:35:05 install libargon2-1:amd64 <none> 0~20171227-0.3
2022-10-25 21:35:05 status half-installed libargon2-1:amd64 0~20171227-0.3
2022-10-25 21:35:05 status unpacked libargon2-1:amd64 0~20171227-0.3
2022-10-25 21:35:05 install libcryptsetup12:amd64 <none> 2:2.4.3-1ubuntu1
2022-10-25 21:35:05 status half-installed libcryptsetup12:amd64 2:2.4.3-1ubuntu1
2022-10-25 21:35:05 status unpacked libcryptsetup12:amd64 2:2.4.3-1ubuntu1
2022-10-25 21:35:05 install libdevmapper1.02.1:amd64 <none> 2:1.02.175-2.1ubuntu4
2022-10-25 21:35:05 status half-installed libdevmapper1.02.1:amd64 2:1.02.175-2.1ubuntu4
2022-10-25 21:35:05 status unpacked libdevmapper1.02.1:amd64 2:1.02.175-2.1ubuntu4
2022-10-25 21:35:05 install libffi8:amd64 <none> 3.4.2-4
2022-10-25 21:35:05 status half-installed libffi8:amd64 3.4.2-4
2022-10-25 21:35:05 status unpacked libffi8:amd64 3.4.2-4
2022-10-25 21:35:05 install libgnutls30:amd64 <none> 3.7.3-4ubuntu1
2022-10-25 21:35:05 status half-installed libgnutls30:amd64 3.7.3-4ubuntu1
2022-10-25 21:35:05 status unpacked libgnutls30:amd64 3.7.3-4ubuntu1
2022-10-25 21:35:05 install libhogweed6:amd64 <none> 3.7.3-1build2
2022-10-25 21:35:05 status half-installed libhogweed6:amd64 3.7.3-1build2
2022-10-25 21:35:05 status unpacked libhogweed6:amd64 3.7.3-1build2
2022-10-25 21:35:05 install libidn2-0:amd64 <none> 2.3.2-2build1
2022-10-25 21:35:05 status half-installed libidn2-0:amd64 2.3.2-2build1
2022-10-25 21:35:05 status unpacked libidn2-0:amd64 2.3.2-2build1
2022-10-25 21:35:05 install libip4tc2:amd64 <none> 1.8.7-1ubuntu5
2022-10-25 21:35:05 status half-installed libip4tc2:amd64 1.8.7-1ubuntu5
2022-10-25 21:35:05 status unpacked libip4tc2:amd64 1.8.7-1ubuntu5
2022-10-25 21:35:05 install libjson-c5:amd64 <none> 0.15-2build4
2022-10-25 21:35:05 status half-installed libjson-c5:amd64 0.15-2build4
2022-10-25 21:35:05 status unpacked libjson-c5:amd64 0.15-2build4
2022-10-25 21:35:05 install libkmod2:amd64 <none> 29-1ubuntu1
2022-10-25 21:35:05 status half-installed libkmod2:amd64 29-1ubuntu1
2022-10-25 21:35:05 status unpacked libkmod2:amd64 29-1ubuntu1
2022-10-25 21:35:05 install libnettle8:amd64 <none> 3.7.3-1build2
2022-10-25 21:35:05 status half-installed libnettle8:amd64 3.7.3-1build2
2022-10-25 21:35:05 status unpacked libnettle8:amd64 3.7.3-1build2
2022-10-25 21:35:05 install libp11-kit0:amd64 <none> 0.24.0-6build1
2022-10-25 21:35:05 status half-installed libp11-kit0:amd64 0.24.0-6build1
2022-10-25 21:35:05 status unpacked libp11-kit0:amd64 0.24.0-6build1
2022-10-25 21:35:05 install libseccomp2:amd64 <none> 2.5.3-2ubuntu2
2022-10-25 21:35:05 status half-installed libseccomp2:amd64 2.5.3-2ubuntu2
2022-10-25 21:35:05 status unpacked libseccomp2:amd64 2.5.3-2ubuntu2
2022-10-25 21:35:05 install libtasn1-6:amd64 <none> 4.18.0-4build1
2022-10-25 21:35:05 status half-installed libtasn1-6:amd64 4.18.0-4build1
2022-10-25 21:35:05 status unpacked libtasn1-6:amd64 4.18.0-4build1
2022-10-25 21:35:05 install libunistring2:amd64 <none> 1.0-1
2022-10-25 21:35:05 status half-installed libunistring2:amd64 1.0-1
2022-10-25 21:35:05 status unpacked libunistring2:amd64 1.0-1
2022-10-25 21:35:05 install systemd:amd64 <none> 249.11-0ubuntu3
2022-10-25 21:35:05 status half-installed systemd:amd64 249.11-0ubuntu3
2022-10-25 21:35:05 status unpacked systemd:amd64 249.11-0ubuntu3
2022-10-25 21:35:05 configure adduser:all 3.118ubuntu5 3.118ubuntu5
2022-10-25 21:35:05 status half-configured adduser:all 3.118ubuntu5
2022-10-25 21:35:05 status installed adduser:all 3.118ubuntu5
2022-10-25 21:35:05 configure libapparmor1:amd64 3.0.4-2ubuntu2 3.0.4-2ubuntu2
2022-10-25 21:35:05 status half-configured libapparmor1:amd64 3.0.4-2ubuntu2
2022-10-25 21:35:05 status installed libapparmor1:amd64 3.0.4-2ubuntu2
2022-10-25 21:35:05 configure libargon2-1:amd64 0~20171227-0.3 0~20171227-0.3
2022-10-25 21:35:05 status half-configured libargon2-1:amd64 0~20171227-0.3
2022-10-25 21:35:05 status installed libargon2-1:amd64 0~20171227-0.3
2022-10-25 21:35:05 configure libdevmapper1.02.1:amd64 2:1.02.175-2.1ubuntu4 2:1.02.175-2.1ubuntu4
2022-10-25 21:35:05 status half-configured libdevmapper1.02.1:amd64 2:1.02.175-2.1ubuntu4
2022-10-25 21:35:05 status installed libdevmapper1.02.1:amd64 2:1.02.175-2.1ubuntu4
2022-10-25 21:35:05 configure libffi8:amd64 3.4.2-4 3.4.2-4
2022-10-25 21:35:05 status half-configured libffi8:amd64 3.4.2-4
2022-10-25 21:35:05 status installed libffi8:amd64 3.4.2-4
2022-10-25 21:35:05 configure libip4tc2:amd64 1.8.7-1ubuntu5 1.8.7-1ubuntu5
2022-10-25 21:35:05 status half-configured libip4tc2:amd64 1.8.7-1ubuntu5
2022-10-25 21:35:05 status installed libip4tc2:amd64 1.8.7-1ubuntu5
2022-10-25 21:35:05 configure libjson-c5:amd64 0.15-2build4 0.15-2build4
2022-10-25 21:35:05 status half-configured libjson-c5:amd64 0.15-2build4
2022-10-25 21:35:05 status installed libjson-c5:amd64 0.15-2build4
2022-10-25 21:35:05 configure libkmod2:amd64 29-1ubuntu1 29-1ubuntu1
2022-10-25 21:35:05 status half-configured libkmod2:amd64 29-1ubuntu1
2022-10-25 21:35:05 status installed libkmod2:amd64 29-1ubuntu1
2022-10-25 21:35:05 configure libnettle8:amd64 3.7.3-1build2 3.7.3-1build2
2022-10-25 21:35:05 status half-configured libnettle8:amd64 3.7.3-1build2
2022-10-25 21:35:05 status installed libnettle8:amd64 3.7.3-1build2
2022-10-25 21:35:05 configure libp11-kit0:amd64 0.24.0-6build1 0.24.0-6build1
2022-10-25 21:35:05 status half-configured libp11-kit0:amd64 0.24.0-6build1
2022-10-25 21:35:05 status installed libp11-kit0:amd64 0.24.0-6build1
2022-10-25 21:35:05 configure libseccomp2:amd64 2.5.3-2ubuntu2 2.5.3-2ubuntu2
2022-10-25 21:35:05 status half-configured libseccomp2:amd64 2.5.3-2ubuntu2
2022-10-25 21:35:05 status installed libseccomp2:amd64 2.5.3-2ubuntu2
2022-10-25 21:35:06 configure libtasn1-6:amd64 4.18.0-4build1 4.18.0-4build1
2022-10-25 21:35:06 status half-configured libtasn1-6:amd64 4.18.0-4build1
2022-10-25 21:35:06 status installed libtasn1-6:amd64 4.18.0-4build1
2022-10-25 21:35:06 configure libunistring2:amd64 1.0-1 1.0-1
2022-10-25 21:35:06 status half-configured libunistring2:amd64 1.0-1
2022-10-25 21:35:06 status installed libunistring2:amd64 1.0-1
2022-10-25 21:35:06 configure libcryptsetup12:amd64 2:2.4.3-1ubuntu1 2:2.4.3-1ubuntu1
2022-10-25 21:35:06 status half-configured libcryptsetup12:amd64 2:2.4.3-1ubuntu1
2022-10-25 21:35:06 status installed libcryptsetup12:amd64 2:2.4.3-1ubuntu1
2022-10-25 21:35:06 configure libhogweed6:amd64 3.7.3-1build2 3.7.3-1build2
2022-10-25 21:35:06 status half-configured libhogweed6:amd64 3.7.3-1build2
2022-10-25 21:35:06 status installed libhogweed6:amd64 3.7.3-1build2
2022-10-25 21:35:06 configure libidn2-0:amd64 2.3.2-2build1 2.3.2-2build1
2022-10-25 21:35:06 status half-configured libidn2-0:amd64 2.3.2-2build1
2022-10-25 21:35:06 status installed libidn2-0:amd64 2.3.2-2build1
2022-10-25 21:35:06 configure libgnutls30:amd64 3.7.3-4ubuntu1 3.7.3-4ubuntu1
2022-10-25 21:35:06 status half-configured libgnutls30:amd64 3.7.3-4ubuntu1
2022-10-25 21:35:06 status installed libgnutls30:amd64 3.7.3-4ubuntu1
2022-10-25 21:35:06 configure systemd:amd64 249.11-0ubuntu3 249.11-0ubuntu3
2022-10-25 21:35:06 status half-configured systemd:amd64 249.11-0ubuntu3
2022-10-25 21:35:06 status installed systemd:amd64 249.11-0ubuntu3
2022-10-25 21:35:06 trigproc libc-bin:amd64 2.35-0ubuntu3 <none>
2022-10-25 21:35:06 status half-configured libc-bin:amd64 2.35-0ubuntu3
2022-10-25 21:35:06 status installed libc-bin:amd64 2.35-0ubuntu3
2022-10-25 21:35:07 startup archives install
2022-10-25 21:35:07 install systemd-sysv:amd64 <none> 249.11-0ubuntu3
2022-10-25 21:35:07 status half-installed systemd-sysv:amd64 249.11-0ubuntu3
2022-10-25 21:35:07 status unpacked systemd-sysv:amd64 249.11-0ubuntu3
2022-10-25 21:35:07 configure systemd-sysv:amd64 249.11-0ubuntu3 249.11-0ubuntu3
2022-10-25 21:35:07 status half-configured systemd-sysv:amd64 249.11-0ubuntu3
2022-10-25 21:35:07 status installed systemd-sysv:amd64 249.11-0ubuntu3
2022-10-25 21:35:07 startup archives install
2022-10-25 21:35:07 install libexpat1:amd64 <none> 2.4.7-1
2022-10-25 21:35:07 status triggers-pending libc-bin:amd64 2.35-0ubuntu3
2022-10-25 21:35:07 status half-installed libexpat1:amd64 2.4.7-1
2022-10-25 21:35:07 status unpacked libexpat1:amd64 2.4.7-1
2022-10-25 21:35:07 install libpython3.10-minimal:amd64 <none> 3.10.4-3
2022-10-25 21:35:07 status half-installed libpython3.10-minimal:amd64 3.10.4-3
2022-10-25 21:35:07 status unpacked libpython3.10-minimal:amd64 3.10.4-3
2022-10-25 21:35:07 install python3.10-minimal:amd64 <none> 3.10.4-3
2022-10-25 21:35:07 status half-installed python3.10-minimal:amd64 3.10.4-3
2022-10-25 21:35:08 status unpacked python3.10-minimal:amd64 3.10.4-3
2022-10-25 21:35:08 configure libexpat1:amd64 2.4.7-1 2.4.7-1
2022-10-25 21:35:08 status half-configured libexpat1:amd64 2.4.7-1
2022-10-25 21:35:08 status installed libexpat1:amd64 2.4.7-1
2022-10-25 21:35:08 configure libpython3.10-minimal:amd64 3.10.4-3 3.10.4-3
2022-10-25 21:35:08 status half-configured libpython3.10-minimal:amd64 3.10.4-3
2022-10-25 21:35:08 status installed libpython3.10-minimal:amd64 3.10.4-3
2022-10-25 21:35:08 configure python3.10-minimal:amd64 3.10.4-3 3.10.4-3
2022-10-25 21:35:08 status half-configured python3.10-minimal:amd64 3.10.4-3
2022-10-25 21:35:08 status installed python3.10-minimal:amd64 3.10.4-3
2022-10-25 21:35:08 trigproc libc-bin:amd64 2.35-0ubuntu3 <none>
2022-10-25 21:35:08 status half-configured libc-bin:amd64 2.35-0ubuntu3
2022-10-25 21:35:08 status installed libc-bin:amd64 2.35-0ubuntu3
2022-10-25 21:35:09 startup archives install
2022-10-25 21:35:09 install python3-minimal:amd64 <none> 3.10.4-0ubuntu2
2022-10-25 21:35:09 status half-installed python3-minimal:amd64 3.10.4-0ubuntu2
2022-10-25 21:35:09 status unpacked python3-minimal:amd64 3.10.4-0ubuntu2
2022-10-25 21:35:09 configure python3-minimal:amd64 3.10.4-0ubuntu2 3.10.4-0ubuntu2
2022-10-25 21:35:09 status half-configured python3-minimal:amd64 3.10.4-0ubuntu2
2022-10-25 21:35:09 status installed python3-minimal:amd64 3.10.4-0ubuntu2
2022-10-25 21:35:09 startup archives unpack
2022-10-25 21:35:09 install apt:amd64 <none> 2.4.5
2022-10-25 21:35:09 status triggers-pending libc-bin:amd64 2.35-0ubuntu3
2022-10-25 21:35:09 status half-installed apt:amd64 2.4.5
2022-10-25 21:35:09 status unpacked apt:amd64 2.4.5
2022-10-25 21:35:09 install apt-utils:amd64 <none> 2.4.5
2022-10-25 21:35:09 status half-installed apt-utils:amd64 2.4.5
2022-10-25 21:35:09 status unpacked apt-utils:amd64 2.4.5
2022-10-25 21:35:09 install ca-certificates:all <none> 20211016
2022-10-25 21:35:09 status half-installed ca-certificates:all 20211016
2022-10-25 21:35:09 status unpacked ca-certificates:all 20211016
2022-10-25 21:35:09 install console-setup:all <none> 1.205ubuntu3
2022-10-25 21:35:09 status half-installed console-setup:all 1.205ubuntu3
2022-10-25 21:35:09 status unpacked console-setup:all 1.205ubuntu3
2022-10-25 21:35:09 install console-setup-linux:all <none> 1.205ubuntu3
2022-10-25 21:35:09 status half-installed console-setup-linux:all 1.205ubuntu3
2022-10-25 21:35:09 status unpacked console-setup-linux:all 1.205ubuntu3
2022-10-25 21:35:09 install cron:amd64 <none> 3.0pl1-137ubuntu3
2022-10-25 21:35:09 status half-installed cron:amd64 3.0pl1-137ubuntu3
2022-10-25 21:35:09 status unpacked cron:amd64 3.0pl1-137ubuntu3
2022-10-25 21:35:09 install dbus:amd64 <none> 1.12.20-2ubuntu4
2022-10-25 21:35:09 status half-installed dbus:amd64 1.12.20-2ubuntu4
2022-10-25 21:35:09 status unpacked dbus:amd64 1.12.20-2ubuntu4
2022-10-25 21:35:09 install debconf-i18n:all <none> 1.5.79ubuntu1
2022-10-25 21:35:09 status half-installed debconf-i18n:all 1.5.79ubuntu1
2022-10-25 21:35:09 status unpacked debconf-i18n:all 1.5.79ubuntu1
2022-10-25 21:35:09 install distro-info:amd64 <none> 1.1build1
2022-10-25 21:35:09 status half-installed distro-info:amd64 1.1build1
2022-10-25 21:35:09 status unpacked distro-info:amd64 1.1build1
2022-10-25 21:35:09 install distro-info-data:all <none> 0.52
2022-10-25 21:35:09 status half-installed distro-info-data:all 0.52
2022-10-25 21:35:09 status unpacked distro-info-data:all 0.52
2022-10-25 21:35:09 install dmsetup:amd64 <none> 2:1.02.175-2.1ubuntu4
2022-10-25 21:35:09 status half-installed dmsetup:amd64 2:1.02.175-2.1ubuntu4
2022-10-25 21:35:09 status unpacked dmsetup:amd64 2:1.02.175-2.1ubuntu4
2022-10-25 21:35:09 install eject:amd64 <none> 2.37.2-4ubuntu3
2022-10-25 21:35:09 status half-installed eject:amd64 2.37.2-4ubuntu3
2022-10-25 21:35:09 status unpacked eject:amd64 2.37.2-4ubuntu3
2022-10-25 21:35:09 install gir1.2-glib-2.0:amd64 <none> 1.72.0-1
2022-10-25 21:35:09 status half-installed gir1.2-glib-2.0:amd64 1.72.0-1
2022-10-25 21:35:09 status unpacked gir1.2-glib-2.0:amd64 1.72.0-1
2022-10-25 21:35:09 install gpgv:amd64 <none> 2.2.27-3ubuntu2
2022-10-25 21:35:09 status half-installed gpgv:amd64 2.2.27-3ubuntu2
2022-10-25 21:35:09 status unpacked gpgv:amd64 2.2.27-3ubuntu2
2022-10-25 21:35:09 install init:amd64 <none> 1.62
2022-10-25 21:35:09 status half-installed init:amd64 1.62
2022-10-25 21:35:09 status unpacked init:amd64 1.62
2022-10-25 21:35:09 install iproute2:amd64 <none> 5.15.0-1ubuntu2
2022-10-25 21:35:09 status half-installed iproute2:amd64 5.15.0-1ubuntu2
2022-10-25 21:35:09 status unpacked iproute2:amd64 5.15.0-1ubuntu2
2022-10-25 21:35:09 install iputils-ping:amd64 <none> 3:20211215-1
2022-10-25 21:35:09 status half-installed iputils-ping:amd64 3:20211215-1
2022-10-25 21:35:09 status unpacked iputils-ping:amd64 3:20211215-1
2022-10-25 21:35:09 install isc-dhcp-client:amd64 <none> 4.4.1-2.3ubuntu2
2022-10-25 21:35:09 status half-installed isc-dhcp-client:amd64 4.4.1-2.3ubuntu2
2022-10-25 21:35:09 status unpacked isc-dhcp-client:amd64 4.4.1-2.3ubuntu2
2022-10-25 21:35:09 install isc-dhcp-common:amd64 <none> 4.4.1-2.3ubuntu2
2022-10-25 21:35:09 status half-installed isc-dhcp-common:amd64 4.4.1-2.3ubuntu2
2022-10-25 21:35:09 status unpacked isc-dhcp-common:amd64 4.4.1-2.3ubuntu2
2022-10-25 21:35:09 install iso-codes:all <none> 4.9.0-1
2022-10-25 21:35:09 status half-installed iso-codes:all 4.9.0-1
2022-10-25 21:35:10 status unpacked iso-codes:all 4.9.0-1
2022-10-25 21:35:10 install kbd:amd64 <none> 2.3.0-3ubuntu4
2022-10-25 21:35:10 status half-installed kbd:amd64 2.3.0-3ubuntu4
2022-10-25 21:35:10 status unpacked kbd:amd64 2.3.0-3ubuntu4
2022-10-25 21:35:10 install keyboard-configuration:all <none> 1.205ubuntu3
2022-10-25 21:35:10 status half-installed keyboard-configuration:all 1.205ubuntu3
2022-10-25 21:35:10 status unpacked keyboard-configuration:all 1.205ubuntu3
2022-10-25 21:35:10 install kmod:amd64 <none> 29-1ubuntu1
2022-10-25 21:35:10 status half-installed kmod:amd64 29-1ubuntu1
2022-10-25 21:35:10 status unpacked kmod:amd64 29-1ubuntu1
2022-10-25 21:35:10 install less:amd64 <none> 590-1build1
2022-10-25 21:35:10 status half-installed less:amd64 590-1build1
2022-10-25 21:35:10 status unpacked less:amd64 590-1build1
2022-10-25 21:35:10 install libapt-pkg6.0:amd64 <none> 2.4.5
2022-10-25 21:35:10 status half-installed libapt-pkg6.0:amd64 2.4.5
2022-10-25 21:35:10 status unpacked libapt-pkg6.0:amd64 2.4.5
2022-10-25 21:35:10 install libatm1:amd64 <none> 1:2.5.1-4build2
2022-10-25 21:35:10 status half-installed libatm1:amd64 1:2.5.1-4build2
2022-10-25 21:35:10 status unpacked libatm1:amd64 1:2.5.1-4build2
2022-10-25 21:35:10 install libbpf0:amd64 <none> 1:0.5.0-1
2022-10-25 21:35:10 status half-installed libbpf0:amd64 1:0.5.0-1
2022-10-25 21:35:10 status unpacked libbpf0:amd64 1:0.5.0-1
2022-10-25 21:35:10 install libbsd0:amd64 <none> 0.11.5-1
2022-10-25 21:35:10 status half-installed libbsd0:amd64 0.11.5-1
2022-10-25 21:35:10 status unpacked libbsd0:amd64 0.11.5-1
2022-10-25 21:35:10 install libcap2-bin:amd64 <none> 1:2.44-1build3
2022-10-25 21:35:10 status half-installed libcap2-bin:amd64 1:2.44-1build3
2022-10-25 21:35:10 status unpacked libcap2-bin:amd64 1:2.44-1build3
2022-10-25 21:35:10 install libdbus-1-3:amd64 <none> 1.12.20-2ubuntu4
2022-10-25 21:35:10 status half-installed libdbus-1-3:amd64 1.12.20-2ubuntu4
2022-10-25 21:35:10 status unpacked libdbus-1-3:amd64 1.12.20-2ubuntu4
2022-10-25 21:35:10 install libdns-export1110:amd64 <none> 1:9.11.19+dfsg-2.1ubuntu3
2022-10-25 21:35:10 status half-installed libdns-export1110:amd64 1:9.11.19+dfsg-2.1ubuntu3
2022-10-25 21:35:10 status unpacked libdns-export1110:amd64 1:9.11.19+dfsg-2.1ubuntu3
2022-10-25 21:35:10 install libelf1:amd64 <none> 0.186-1build1
2022-10-25 21:35:10 status half-installed libelf1:amd64 0.186-1build1
2022-10-25 21:35:10 status unpacked libelf1:amd64 0.186-1build1
2022-10-25 21:35:10 install libestr0:amd64 <none> 0.1.10-2.1build3
2022-10-25 21:35:10 status half-installed libestr0:amd64 0.1.10-2.1build3
2022-10-25 21:35:10 status unpacked libestr0:amd64 0.1.10-2.1build3
2022-10-25 21:35:10 install libfastjson4:amd64 <none> 0.99.9-1build2
2022-10-25 21:35:10 status half-installed libfastjson4:amd64 0.99.9-1build2
2022-10-25 21:35:10 status unpacked libfastjson4:amd64 0.99.9-1build2
2022-10-25 21:35:10 install libfribidi0:amd64 <none> 1.0.8-2ubuntu3
2022-10-25 21:35:10 status half-installed libfribidi0:amd64 1.0.8-2ubuntu3
2022-10-25 21:35:10 status unpacked libfribidi0:amd64 1.0.8-2ubuntu3
2022-10-25 21:35:10 install libgirepository-1.0-1:amd64 <none> 1.72.0-1
2022-10-25 21:35:10 status half-installed libgirepository-1.0-1:amd64 1.72.0-1
2022-10-25 21:35:10 status unpacked libgirepository-1.0-1:amd64 1.72.0-1
2022-10-25 21:35:10 install libglib2.0-0:amd64 <none> 2.72.1-1
2022-10-25 21:35:10 status half-installed libglib2.0-0:amd64 2.72.1-1
2022-10-25 21:35:10 status unpacked libglib2.0-0:amd64 2.72.1-1
2022-10-25 21:35:10 install libglib2.0-data:all <none> 2.72.1-1
2022-10-25 21:35:10 status half-installed libglib2.0-data:all 2.72.1-1
2022-10-25 21:35:10 status unpacked libglib2.0-data:all 2.72.1-1
2022-10-25 21:35:10 install libicu70:amd64 <none> 70.1-2
2022-10-25 21:35:10 status half-installed libicu70:amd64 70.1-2
2022-10-25 21:35:10 status unpacked libicu70:amd64 70.1-2
2022-10-25 21:35:10 install libisc-export1105:amd64 <none> 1:9.11.19+dfsg-2.1ubuntu3
2022-10-25 21:35:10 status half-installed libisc-export1105:amd64 1:9.11.19+dfsg-2.1ubuntu3
2022-10-25 21:35:10 status unpacked libisc-export1105:amd64 1:9.11.19+dfsg-2.1ubuntu3
2022-10-25 21:35:10 install liblocale-gettext-perl:amd64 <none> 1.07-4build3
2022-10-25 21:35:10 status half-installed liblocale-gettext-perl:amd64 1.07-4build3
2022-10-25 21:35:10 status unpacked liblocale-gettext-perl:amd64 1.07-4build3
2022-10-25 21:35:10 install libmd0:amd64 <none> 1.0.4-1build1
2022-10-25 21:35:10 status half-installed libmd0:amd64 1.0.4-1build1
2022-10-25 21:35:10 status unpacked libmd0:amd64 1.0.4-1build1
2022-10-25 21:35:10 install libmnl0:amd64 <none> 1.0.4-3build2
2022-10-25 21:35:10 status half-installed libmnl0:amd64 1.0.4-3build2
2022-10-25 21:35:10 status unpacked libmnl0:amd64 1.0.4-3build2
2022-10-25 21:35:10 install libmpdec3:amd64 <none> 2.5.1-2build2
2022-10-25 21:35:10 status half-installed libmpdec3:amd64 2.5.1-2build2
2022-10-25 21:35:10 status unpacked libmpdec3:amd64 2.5.1-2build2
2022-10-25 21:35:10 install libnetplan0:amd64 <none> 0.104-0ubuntu2
2022-10-25 21:35:10 status half-installed libnetplan0:amd64 0.104-0ubuntu2
2022-10-25 21:35:10 status unpacked libnetplan0:amd64 0.104-0ubuntu2
2022-10-25 21:35:10 install libnewt0.52:amd64 <none> 0.52.21-5ubuntu2
2022-10-25 21:35:10 status half-installed libnewt0.52:amd64 0.52.21-5ubuntu2
2022-10-25 21:35:10 status unpacked libnewt0.52:amd64 0.52.21-5ubuntu2
2022-10-25 21:35:10 install libnss-systemd:amd64 <none> 249.11-0ubuntu3
2022-10-25 21:35:10 status half-installed libnss-systemd:amd64 249.11-0ubuntu3
2022-10-25 21:35:10 status unpacked libnss-systemd:amd64 249.11-0ubuntu3
2022-10-25 21:35:10 install libpam-cap:amd64 <none> 1:2.44-1build3
2022-10-25 21:35:10 status half-installed libpam-cap:amd64 1:2.44-1build3
2022-10-25 21:35:10 status unpacked libpam-cap:amd64 1:2.44-1build3
2022-10-25 21:35:10 install libpam-systemd:amd64 <none> 249.11-0ubuntu3
2022-10-25 21:35:10 status half-installed libpam-systemd:amd64 249.11-0ubuntu3
2022-10-25 21:35:10 status unpacked libpam-systemd:amd64 249.11-0ubuntu3
2022-10-25 21:35:10 install libpopt0:amd64 <none> 1.18-3build1
2022-10-25 21:35:10 status half-installed libpopt0:amd64 1.18-3build1
2022-10-25 21:35:10 status unpacked libpopt0:amd64 1.18-3build1
2022-10-25 21:35:10 install libpython3-stdlib:amd64 <none> 3.10.4-0ubuntu2
2022-10-25 21:35:10 status half-installed libpython3-stdlib:amd64 3.10.4-0ubuntu2
2022-10-25 21:35:10 status unpacked libpython3-stdlib:amd64 3.10.4-0ubuntu2
2022-10-25 21:35:11 install libpython3.10-stdlib:amd64 <none> 3.10.4-3
2022-10-25 21:35:11 status half-installed libpython3.10-stdlib:amd64 3.10.4-3
2022-10-25 21:35:11 status unpacked libpython3.10-stdlib:amd64 3.10.4-3
2022-10-25 21:35:11 install libreadline8:amd64 <none> 8.1.2-1
2022-10-25 21:35:11 status half-installed libreadline8:amd64 8.1.2-1
2022-10-25 21:35:11 status unpacked libreadline8:amd64 8.1.2-1
2022-10-25 21:35:11 install libslang2:amd64 <none> 2.3.2-5build4
2022-10-25 21:35:11 status half-installed libslang2:amd64 2.3.2-5build4
2022-10-25 21:35:11 status unpacked libslang2:amd64 2.3.2-5build4
2022-10-25 21:35:11 install libsqlite3-0:amd64 <none> 3.37.2-2
2022-10-25 21:35:11 status half-installed libsqlite3-0:amd64 3.37.2-2
2022-10-25 21:35:11 status unpacked libsqlite3-0:amd64 3.37.2-2
2022-10-25 21:35:11 install libstdc++6:amd64 <none> 12-20220319-1ubuntu1
2022-10-25 21:35:11 status half-installed libstdc++6:amd64 12-20220319-1ubuntu1
2022-10-25 21:35:11 status unpacked libstdc++6:amd64 12-20220319-1ubuntu1
2022-10-25 21:35:11 install libtext-charwidth-perl:amd64 <none> 0.04-10build3
2022-10-25 21:35:11 status half-installed libtext-charwidth-perl:amd64 0.04-10build3
2022-10-25 21:35:11 status unpacked libtext-charwidth-perl:amd64 0.04-10build3
2022-10-25 21:35:11 install libtext-iconv-perl:amd64 <none> 1.7-7build3
2022-10-25 21:35:11 status half-installed libtext-iconv-perl:amd64 1.7-7build3
2022-10-25 21:35:11 status unpacked libtext-iconv-perl:amd64 1.7-7build3
2022-10-25 21:35:11 install libtext-wrapi18n-perl:all <none> 0.06-9
2022-10-25 21:35:11 status half-installed libtext-wrapi18n-perl:all 0.06-9
2022-10-25 21:35:11 status unpacked libtext-wrapi18n-perl:all 0.06-9
2022-10-25 21:35:11 install libxml2:amd64 <none> 2.9.13+dfsg-1build1
2022-10-25 21:35:11 status half-installed libxml2:amd64 2.9.13+dfsg-1build1
2022-10-25 21:35:11 status unpacked libxml2:amd64 2.9.13+dfsg-1build1
2022-10-25 21:35:11 install libxtables12:amd64 <none> 1.8.7-1ubuntu5
2022-10-25 21:35:11 status half-installed libxtables12:amd64 1.8.7-1ubuntu5
2022-10-25 21:35:11 status unpacked libxtables12:amd64 1.8.7-1ubuntu5
2022-10-25 21:35:11 install libxxhash0:amd64 <none> 0.8.1-1
2022-10-25 21:35:11 status half-installed libxxhash0:amd64 0.8.1-1
2022-10-25 21:35:11 status unpacked libxxhash0:amd64 0.8.1-1
2022-10-25 21:35:11 install libyaml-0-2:amd64 <none> 0.2.2-1build2
2022-10-25 21:35:11 status half-installed libyaml-0-2:amd64 0.2.2-1build2
2022-10-25 21:35:11 status unpacked libyaml-0-2:amd64 0.2.2-1build2
2022-10-25 21:35:11 install locales:all <none> 2.35-0ubuntu3
2022-10-25 21:35:11 status half-installed locales:all 2.35-0ubuntu3
2022-10-25 21:35:11 status unpacked locales:all 2.35-0ubuntu3
2022-10-25 21:35:11 install logrotate:amd64 <none> 3.19.0-1ubuntu1
2022-10-25 21:35:11 status half-installed logrotate:amd64 3.19.0-1ubuntu1
2022-10-25 21:35:11 status unpacked logrotate:amd64 3.19.0-1ubuntu1
2022-10-25 21:35:11 install lsb-release:all <none> 11.1.0ubuntu4
2022-10-25 21:35:11 status half-installed lsb-release:all 11.1.0ubuntu4
2022-10-25 21:35:11 status unpacked lsb-release:all 11.1.0ubuntu4
2022-10-25 21:35:11 install media-types:all <none> 7.0.0
2022-10-25 21:35:11 status half-installed media-types:all 7.0.0
2022-10-25 21:35:11 status unpacked media-types:all 7.0.0
2022-10-25 21:35:11 install netbase:all <none> 6.3
2022-10-25 21:35:11 status half-installed netbase:all 6.3
2022-10-25 21:35:11 status unpacked netbase:all 6.3
2022-10-25 21:35:11 install netcat-openbsd:amd64 <none> 1.218-4ubuntu1
2022-10-25 21:35:11 status half-installed netcat-openbsd:amd64 1.218-4ubuntu1
2022-10-25 21:35:11 status unpacked netcat-openbsd:amd64 1.218-4ubuntu1
2022-10-25 21:35:11 install netplan.io:amd64 <none> 0.104-0ubuntu2
2022-10-25 21:35:11 status half-installed netplan.io:amd64 0.104-0ubuntu2
2022-10-25 21:35:11 status unpacked netplan.io:amd64 0.104-0ubuntu2
2022-10-25 21:35:11 install networkd-dispatcher:all <none> 2.1-2
2022-10-25 21:35:11 status half-installed networkd-dispatcher:all 2.1-2
2022-10-25 21:35:11 status unpacked networkd-dispatcher:all 2.1-2
2022-10-25 21:35:11 install openssl:amd64 <none> 3.0.2-0ubuntu1
2022-10-25 21:35:11 status half-installed openssl:amd64 3.0.2-0ubuntu1
2022-10-25 21:35:11 status unpacked openssl:amd64 3.0.2-0ubuntu1
2022-10-25 21:35:11 install python-apt-common:all <none> 2.3.0ubuntu2
2022-10-25 21:35:11 status half-installed python-apt-common:all 2.3.0ubuntu2
2022-10-25 21:35:11 status unpacked python-apt-common:all 2.3.0ubuntu2
2022-10-25 21:35:11 install python3:amd64 <none> 3.10.4-0ubuntu2
2022-10-25 21:35:11 status half-installed python3:amd64 3.10.4-0ubuntu2
2022-10-25 21:35:11 status unpacked python3:amd64 3.10.4-0ubuntu2
2022-10-25 21:35:11 install python3-apt:amd64 <none> 2.3.0ubuntu2
2022-10-25 21:35:11 status half-installed python3-apt:amd64 2.3.0ubuntu2
2022-10-25 21:35:11 status unpacked python3-apt:amd64 2.3.0ubuntu2
2022-10-25 21:35:11 install python3-dbus:amd64 <none> 1.2.18-3build1
2022-10-25 21:35:11 status half-installed python3-dbus:amd64 1.2.18-3build1
2022-10-25 21:35:11 status unpacked python3-dbus:amd64 1.2.18-3build1
2022-10-25 21:35:11 install python3-gi:amd64 <none> 3.42.0-3build1
2022-10-25 21:35:11 status half-installed python3-gi:amd64 3.42.0-3build1
2022-10-25 21:35:11 status unpacked python3-gi:amd64 3.42.0-3build1
2022-10-25 21:35:11 install python3-netifaces:amd64 <none> 0.11.0-1build2
2022-10-25 21:35:11 status half-installed python3-netifaces:amd64 0.11.0-1build2
2022-10-25 21:35:11 status unpacked python3-netifaces:amd64 0.11.0-1build2
2022-10-25 21:35:11 install python3-pkg-resources:all <none> 59.6.0-1.2
2022-10-25 21:35:11 status half-installed python3-pkg-resources:all 59.6.0-1.2
2022-10-25 21:35:11 status unpacked python3-pkg-resources:all 59.6.0-1.2
2022-10-25 21:35:11 install python3-yaml:amd64 <none> 5.4.1-1ubuntu1
2022-10-25 21:35:11 status half-installed python3-yaml:amd64 5.4.1-1ubuntu1
2022-10-25 21:35:11 status unpacked python3-yaml:amd64 5.4.1-1ubuntu1
2022-10-25 21:35:11 install python3.10:amd64 <none> 3.10.4-3
2022-10-25 21:35:11 status half-installed python3.10:amd64 3.10.4-3
2022-10-25 21:35:11 status unpacked python3.10:amd64 3.10.4-3
2022-10-25 21:35:11 install readline-common:all <none> 8.1.2-1
2022-10-25 21:35:11 status half-installed readline-common:all 8.1.2-1
2022-10-25 21:35:11 status unpacked readline-common:all 8.1.2-1
2022-10-25 21:35:11 install rsyslog:amd64 <none> 8.2112.0-2ubuntu2
2022-10-25 21:35:11 status half-installed rsyslog:amd64 8.2112.0-2ubuntu2
2022-10-25 21:35:11 status unpacked rsyslog:amd64 8.2112.0-2ubuntu2
2022-10-25 21:35:11 install shared-mime-info:amd64 <none> 2.1-2
2022-10-25 21:35:11 status half-installed shared-mime-info:amd64 2.1-2
2022-10-25 21:35:11 status unpacked shared-mime-info:amd64 2.1-2
2022-10-25 21:35:11 install sudo:amd64 <none> 1.9.9-1ubuntu2
2022-10-25 21:35:11 status half-installed sudo:amd64 1.9.9-1ubuntu2
2022-10-25 21:35:11 status unpacked sudo:amd64 1.9.9-1ubuntu2
2022-10-25 21:35:11 install systemd-timesyncd:amd64 <none> 249.11-0ubuntu3
2022-10-25 21:35:11 status half-installed systemd-timesyncd:amd64 249.11-0ubuntu3
2022-10-25 21:35:12 status unpacked systemd-timesyncd:amd64 249.11-0ubuntu3
2022-10-25 21:35:12 install tzdata:all <none> 2022a-0ubuntu1
2022-10-25 21:35:12 status half-installed tzdata:all 2022a-0ubuntu1
2022-10-25 21:35:12 status unpacked tzdata:all 2022a-0ubuntu1
2022-10-25 21:35:12 install ubuntu-advantage-tools:amd64 <none> 27.7~22.04.1
2022-10-25 21:35:12 status half-installed ubuntu-advantage-tools:amd64 27.7~22.04.1
2022-10-25 21:35:12 status unpacked ubuntu-advantage-tools:amd64 27.7~22.04.1
2022-10-25 21:35:12 install ubuntu-keyring:all <none> 2021.03.26
2022-10-25 21:35:12 status half-installed ubuntu-keyring:all 2021.03.26
2022-10-25 21:35:12 status unpacked ubuntu-keyring:all 2021.03.26
2022-10-25 21:35:12 install ubuntu-minimal:amd64 <none> 1.481
2022-10-25 21:35:12 status half-installed ubuntu-minimal:amd64 1.481
2022-10-25 21:35:12 status unpacked ubuntu-minimal:amd64 1.481
2022-10-25 21:35:12 install ucf:all <none> 3.0043
2022-10-25 21:35:12 status half-installed ucf:all 3.0043
2022-10-25 21:35:12 status unpacked ucf:all 3.0043
2022-10-25 21:35:12 install udev:amd64 <none> 249.11-0ubuntu3
2022-10-25 21:35:12 status half-installed udev:amd64 249.11-0ubuntu3
2022-10-25 21:35:12 status unpacked udev:amd64 249.11-0ubuntu3
2022-10-25 21:35:12 install vim-common:all <none> 2:8.2.3995-1ubuntu2
2022-10-25 21:35:12 status half-installed vim-common:all 2:8.2.3995-1ubuntu2
2022-10-25 21:35:12 status unpacked vim-common:all 2:8.2.3995-1ubuntu2
2022-10-25 21:35:12 install vim-tiny:amd64 <none> 2:8.2.3995-1ubuntu2
2022-10-25 21:35:12 status half-installed vim-tiny:amd64 2:8.2.3995-1ubuntu2
2022-10-25 21:35:12 status unpacked vim-tiny:amd64 2:8.2.3995-1ubuntu2
2022-10-25 21:35:12 install whiptail:amd64 <none> 0.52.21-5ubuntu2
2022-10-25 21:35:12 status half-installed whiptail:amd64 0.52.21-5ubuntu2
2022-10-25 21:35:12 status unpacked whiptail:amd64 0.52.21-5ubuntu2
2022-10-25 21:35:12 install xdg-user-dirs:amd64 <none> 0.17-2ubuntu4
2022-10-25 21:35:12 status half-installed xdg-user-dirs:amd64 0.17-2ubuntu4
2022-10-25 21:35:12 status unpacked xdg-user-dirs:amd64 0.17-2ubuntu4
2022-10-25 21:35:12 install xkb-data:all <none> 2.33-1
2022-10-25 21:35:12 status half-installed xkb-data:all 2.33-1
2022-10-25 21:35:12 status unpacked xkb-data:all 2.33-1
2022-10-25 21:35:12 install xxd:amd64 <none> 2:8.2.3995-1ubuntu2
2022-10-25 21:35:12 status half-installed xxd:amd64 2:8.2.3995-1ubuntu2
2022-10-25 21:35:12 status unpacked xxd:amd64 2:8.2.3995-1ubuntu2
2022-10-25 21:35:12 trigproc libc-bin:amd64 2.35-0ubuntu3 <none>
2022-10-25 21:35:12 status half-configured libc-bin:amd64 2.35-0ubuntu3
2022-10-25 21:35:12 status installed libc-bin:amd64 2.35-0ubuntu3
2022-10-25 21:35:12 startup packages configure
2022-10-25 21:35:12 configure media-types:all 7.0.0 <none>
2022-10-25 21:35:12 status unpacked media-types:all 7.0.0
2022-10-25 21:35:12 status half-configured media-types:all 7.0.0
2022-10-25 21:35:12 status installed media-types:all 7.0.0
2022-10-25 21:35:12 configure libtext-iconv-perl:amd64 1.7-7build3 <none>
2022-10-25 21:35:12 status unpacked libtext-iconv-perl:amd64 1.7-7build3
2022-10-25 21:35:12 status half-configured libtext-iconv-perl:amd64 1.7-7build3
2022-10-25 21:35:12 status installed libtext-iconv-perl:amd64 1.7-7build3
2022-10-25 21:35:12 configure libtext-charwidth-perl:amd64 0.04-10build3 <none>
2022-10-25 21:35:12 status unpacked libtext-charwidth-perl:amd64 0.04-10build3
2022-10-25 21:35:12 status half-configured libtext-charwidth-perl:amd64 0.04-10build3
2022-10-25 21:35:12 status installed libtext-charwidth-perl:amd64 0.04-10build3
2022-10-25 21:35:12 configure init:amd64 1.62 <none>
2022-10-25 21:35:12 status unpacked init:amd64 1.62
2022-10-25 21:35:12 status half-configured init:amd64 1.62
2022-10-25 21:35:12 status installed init:amd64 1.62
2022-10-25 21:35:12 configure xdg-user-dirs:amd64 0.17-2ubuntu4 <none>
2022-10-25 21:35:12 status unpacked xdg-user-dirs:amd64 0.17-2ubuntu4
2022-10-25 21:35:12 status half-configured xdg-user-dirs:amd64 0.17-2ubuntu4
2022-10-25 21:35:12 status installed xdg-user-dirs:amd64 0.17-2ubuntu4
2022-10-25 21:35:12 configure libyaml-0-2:amd64 0.2.2-1build2 <none>
2022-10-25 21:35:12 status triggers-pending libc-bin:amd64 2.35-0ubuntu3
2022-10-25 21:35:12 status unpacked libyaml-0-2:amd64 0.2.2-1build2
2022-10-25 21:35:12 status half-configured libyaml-0-2:amd64 0.2.2-1build2
2022-10-25 21:35:12 status installed libyaml-0-2:amd64 0.2.2-1build2
2022-10-25 21:35:12 configure libglib2.0-0:amd64 2.72.1-1 <none>
2022-10-25 21:35:12 status unpacked libglib2.0-0:amd64 2.72.1-1
2022-10-25 21:35:12 status half-configured libglib2.0-0:amd64 2.72.1-1
2022-10-25 21:35:12 status installed libglib2.0-0:amd64 2.72.1-1
2022-10-25 21:35:12 configure distro-info-data:all 0.52 <none>
2022-10-25 21:35:12 status unpacked distro-info-data:all 0.52
2022-10-25 21:35:12 status half-configured distro-info-data:all 0.52
2022-10-25 21:35:12 status installed distro-info-data:all 0.52
2022-10-25 21:35:12 configure libestr0:amd64 0.1.10-2.1build3 <none>
2022-10-25 21:35:12 status unpacked libestr0:amd64 0.1.10-2.1build3
2022-10-25 21:35:12 status half-configured libestr0:amd64 0.1.10-2.1build3
2022-10-25 21:35:12 status installed libestr0:amd64 0.1.10-2.1build3
2022-10-25 21:35:12 configure libfastjson4:amd64 0.99.9-1build2 <none>
2022-10-25 21:35:12 status unpacked libfastjson4:amd64 0.99.9-1build2
2022-10-25 21:35:12 status half-configured libfastjson4:amd64 0.99.9-1build2
2022-10-25 21:35:12 status installed libfastjson4:amd64 0.99.9-1build2
2022-10-25 21:35:12 configure libsqlite3-0:amd64 3.37.2-2 <none>
2022-10-25 21:35:12 status unpacked libsqlite3-0:amd64 3.37.2-2
2022-10-25 21:35:12 status half-configured libsqlite3-0:amd64 3.37.2-2
2022-10-25 21:35:12 status installed libsqlite3-0:amd64 3.37.2-2
2022-10-25 21:35:12 configure cron:amd64 3.0pl1-137ubuntu3 <none>
2022-10-25 21:35:12 status unpacked cron:amd64 3.0pl1-137ubuntu3
2022-10-25 21:35:12 status half-configured cron:amd64 3.0pl1-137ubuntu3
2022-10-25 21:35:12 status installed cron:amd64 3.0pl1-137ubuntu3
2022-10-25 21:35:12 configure less:amd64 590-1build1 <none>
2022-10-25 21:35:12 status unpacked less:amd64 590-1build1
2022-10-25 21:35:12 status half-configured less:amd64 590-1build1
2022-10-25 21:35:12 status installed less:amd64 590-1build1
2022-10-25 21:35:12 configure libnetplan0:amd64 0.104-0ubuntu2 <none>
2022-10-25 21:35:12 status unpacked libnetplan0:amd64 0.104-0ubuntu2
2022-10-25 21:35:12 status half-configured libnetplan0:amd64 0.104-0ubuntu2
2022-10-25 21:35:12 status installed libnetplan0:amd64 0.104-0ubuntu2
2022-10-25 21:35:12 configure libnss-systemd:amd64 249.11-0ubuntu3 <none>
2022-10-25 21:35:12 status unpacked libnss-systemd:amd64 249.11-0ubuntu3
2022-10-25 21:35:12 status half-configured libnss-systemd:amd64 249.11-0ubuntu3
2022-10-25 21:35:12 status installed libnss-systemd:amd64 249.11-0ubuntu3
2022-10-25 21:35:12 configure xkb-data:all 2.33-1 <none>
2022-10-25 21:35:12 status unpacked xkb-data:all 2.33-1
2022-10-25 21:35:12 status half-configured xkb-data:all 2.33-1
2022-10-25 21:35:12 status installed xkb-data:all 2.33-1
2022-10-25 21:35:12 configure kmod:amd64 29-1ubuntu1 <none>
2022-10-25 21:35:12 status unpacked kmod:amd64 29-1ubuntu1
2022-10-25 21:35:12 status half-configured kmod:amd64 29-1ubuntu1
2022-10-25 21:35:12 status installed kmod:amd64 29-1ubuntu1
2022-10-25 21:35:12 configure libatm1:amd64 1:2.5.1-4build2 <none>
2022-10-25 21:35:12 status unpacked libatm1:amd64 1:2.5.1-4build2
2022-10-25 21:35:12 status half-configured libatm1:amd64 1:2.5.1-4build2
2022-10-25 21:35:12 status installed libatm1:amd64 1:2.5.1-4build2
2022-10-25 21:35:12 configure locales:all 2.35-0ubuntu3 <none>
2022-10-25 21:35:12 status unpacked locales:all 2.35-0ubuntu3
2022-10-25 21:35:12 status half-configured locales:all 2.35-0ubuntu3
2022-10-25 21:35:13 status installed locales:all 2.35-0ubuntu3
2022-10-25 21:35:13 configure ubuntu-keyring:all 2021.03.26 <none>
2022-10-25 21:35:13 status unpacked ubuntu-keyring:all 2021.03.26
2022-10-25 21:35:13 status half-configured ubuntu-keyring:all 2021.03.26
2022-10-25 21:35:13 status installed ubuntu-keyring:all 2021.03.26
2022-10-25 21:35:13 configure libtext-wrapi18n-perl:all 0.06-9 <none>
2022-10-25 21:35:13 status unpacked libtext-wrapi18n-perl:all 0.06-9
2022-10-25 21:35:13 status half-configured libtext-wrapi18n-perl:all 0.06-9
2022-10-25 21:35:13 status installed libtext-wrapi18n-perl:all 0.06-9
2022-10-25 21:35:13 configure xxd:amd64 2:8.2.3995-1ubuntu2 <none>
2022-10-25 21:35:13 status unpacked xxd:amd64 2:8.2.3995-1ubuntu2
2022-10-25 21:35:13 status half-configured xxd:amd64 2:8.2.3995-1ubuntu2
2022-10-25 21:35:13 status installed xxd:amd64 2:8.2.3995-1ubuntu2
2022-10-25 21:35:13 configure tzdata:all 2022a-0ubuntu1 <none>
2022-10-25 21:35:13 status unpacked tzdata:all 2022a-0ubuntu1
2022-10-25 21:35:13 status half-configured tzdata:all 2022a-0ubuntu1
2022-10-25 21:35:13 status installed tzdata:all 2022a-0ubuntu1
2022-10-25 21:35:13 configure libcap2-bin:amd64 1:2.44-1build3 <none>
2022-10-25 21:35:13 status unpacked libcap2-bin:amd64 1:2.44-1build3
2022-10-25 21:35:13 status half-configured libcap2-bin:amd64 1:2.44-1build3
2022-10-25 21:35:13 status installed libcap2-bin:amd64 1:2.44-1build3
2022-10-25 21:35:13 configure eject:amd64 2.37.2-4ubuntu3 <none>
2022-10-25 21:35:13 status unpacked eject:amd64 2.37.2-4ubuntu3
2022-10-25 21:35:13 status half-configured eject:amd64 2.37.2-4ubuntu3
2022-10-25 21:35:13 status installed eject:amd64 2.37.2-4ubuntu3
2022-10-25 21:35:13 configure libisc-export1105:amd64 1:9.11.19+dfsg-2.1ubuntu3 <none>
2022-10-25 21:35:13 status unpacked libisc-export1105:amd64 1:9.11.19+dfsg-2.1ubuntu3
2022-10-25 21:35:13 status half-configured libisc-export1105:amd64 1:9.11.19+dfsg-2.1ubuntu3
2022-10-25 21:35:13 status installed libisc-export1105:amd64 1:9.11.19+dfsg-2.1ubuntu3
2022-10-25 21:35:13 configure libglib2.0-data:all 2.72.1-1 <none>
2022-10-25 21:35:13 status unpacked libglib2.0-data:all 2.72.1-1
2022-10-25 21:35:13 status half-configured libglib2.0-data:all 2.72.1-1
2022-10-25 21:35:13 status installed libglib2.0-data:all 2.72.1-1
2022-10-25 21:35:13 configure vim-common:all 2:8.2.3995-1ubuntu2 <none>
2022-10-25 21:35:13 status unpacked vim-common:all 2:8.2.3995-1ubuntu2
2022-10-25 21:35:13 status half-configured vim-common:all 2:8.2.3995-1ubuntu2
2022-10-25 21:35:13 status installed vim-common:all 2:8.2.3995-1ubuntu2
2022-10-25 21:35:13 configure libslang2:amd64 2.3.2-5build4 <none>
2022-10-25 21:35:13 status unpacked libslang2:amd64 2.3.2-5build4
2022-10-25 21:35:13 status half-configured libslang2:amd64 2.3.2-5build4
2022-10-25 21:35:13 status installed libslang2:amd64 2.3.2-5build4
2022-10-25 21:35:13 configure libdbus-1-3:amd64 1.12.20-2ubuntu4 <none>
2022-10-25 21:35:13 status unpacked libdbus-1-3:amd64 1.12.20-2ubuntu4
2022-10-25 21:35:13 status half-configured libdbus-1-3:amd64 1.12.20-2ubuntu4
2022-10-25 21:35:13 status installed libdbus-1-3:amd64 1.12.20-2ubuntu4
2022-10-25 21:35:13 configure dbus:amd64 1.12.20-2ubuntu4 <none>
2022-10-25 21:35:13 status unpacked dbus:amd64 1.12.20-2ubuntu4
2022-10-25 21:35:13 status half-configured dbus:amd64 1.12.20-2ubuntu4
2022-10-25 21:35:13 status installed dbus:amd64 1.12.20-2ubuntu4
2022-10-25 21:35:13 configure libfribidi0:amd64 1.0.8-2ubuntu3 <none>
2022-10-25 21:35:13 status unpacked libfribidi0:amd64 1.0.8-2ubuntu3
2022-10-25 21:35:13 status half-configured libfribidi0:amd64 1.0.8-2ubuntu3
2022-10-25 21:35:13 status installed libfribidi0:amd64 1.0.8-2ubuntu3
2022-10-25 21:35:13 configure libmnl0:amd64 1.0.4-3build2 <none>
2022-10-25 21:35:13 status unpacked libmnl0:amd64 1.0.4-3build2
2022-10-25 21:35:13 status half-configured libmnl0:amd64 1.0.4-3build2
2022-10-25 21:35:13 status installed libmnl0:amd64 1.0.4-3build2
2022-10-25 21:35:13 configure systemd-timesyncd:amd64 249.11-0ubuntu3 <none>
2022-10-25 21:35:13 status unpacked systemd-timesyncd:amd64 249.11-0ubuntu3
2022-10-25 21:35:13 status half-configured systemd-timesyncd:amd64 249.11-0ubuntu3
2022-10-25 21:35:13 status installed systemd-timesyncd:amd64 249.11-0ubuntu3
2022-10-25 21:35:13 configure udev:amd64 249.11-0ubuntu3 <none>
2022-10-25 21:35:13 status unpacked udev:amd64 249.11-0ubuntu3
2022-10-25 21:35:13 status half-configured udev:amd64 249.11-0ubuntu3
2022-10-25 21:35:13 status installed udev:amd64 249.11-0ubuntu3
2022-10-25 21:35:13 configure sudo:amd64 1.9.9-1ubuntu2 <none>
2022-10-25 21:35:13 status unpacked sudo:amd64 1.9.9-1ubuntu2
2022-10-25 21:35:13 status half-configured sudo:amd64 1.9.9-1ubuntu2
2022-10-25 21:35:14 status installed sudo:amd64 1.9.9-1ubuntu2
2022-10-25 21:35:14 configure ucf:all 3.0043 <none>
2022-10-25 21:35:14 status unpacked ucf:all 3.0043
2022-10-25 21:35:14 status half-configured ucf:all 3.0043
2022-10-25 21:35:14 status installed ucf:all 3.0043
2022-10-25 21:35:14 configure libxtables12:amd64 1.8.7-1ubuntu5 <none>
2022-10-25 21:35:14 status unpacked libxtables12:amd64 1.8.7-1ubuntu5
2022-10-25 21:35:14 status half-configured libxtables12:amd64 1.8.7-1ubuntu5
2022-10-25 21:35:14 status installed libxtables12:amd64 1.8.7-1ubuntu5
2022-10-25 21:35:14 configure libmd0:amd64 1.0.4-1build1 <none>
2022-10-25 21:35:14 status unpacked libmd0:amd64 1.0.4-1build1
2022-10-25 21:35:14 status half-configured libmd0:amd64 1.0.4-1build1
2022-10-25 21:35:14 status installed libmd0:amd64 1.0.4-1build1
2022-10-25 21:35:14 configure python-apt-common:all 2.3.0ubuntu2 <none>
2022-10-25 21:35:14 status unpacked python-apt-common:all 2.3.0ubuntu2
2022-10-25 21:35:14 status half-configured python-apt-common:all 2.3.0ubuntu2
2022-10-25 21:35:14 status installed python-apt-common:all 2.3.0ubuntu2
2022-10-25 21:35:14 configure dmsetup:amd64 2:1.02.175-2.1ubuntu4 <none>
2022-10-25 21:35:14 status unpacked dmsetup:amd64 2:1.02.175-2.1ubuntu4
2022-10-25 21:35:14 status half-configured dmsetup:amd64 2:1.02.175-2.1ubuntu4
2022-10-25 21:35:14 status installed dmsetup:amd64 2:1.02.175-2.1ubuntu4
2022-10-25 21:35:14 configure gpgv:amd64 2.2.27-3ubuntu2 <none>
2022-10-25 21:35:14 status unpacked gpgv:amd64 2.2.27-3ubuntu2
2022-10-25 21:35:14 status half-configured gpgv:amd64 2.2.27-3ubuntu2
2022-10-25 21:35:14 status installed gpgv:amd64 2.2.27-3ubuntu2
2022-10-25 21:35:14 configure libxxhash0:amd64 0.8.1-1 <none>
2022-10-25 21:35:14 status unpacked libxxhash0:amd64 0.8.1-1
2022-10-25 21:35:14 status half-configured libxxhash0:amd64 0.8.1-1
2022-10-25 21:35:14 status installed libxxhash0:amd64 0.8.1-1
2022-10-25 21:35:14 configure libpam-systemd:amd64 249.11-0ubuntu3 <none>
2022-10-25 21:35:14 status unpacked libpam-systemd:amd64 249.11-0ubuntu3
2022-10-25 21:35:14 status half-configured libpam-systemd:amd64 249.11-0ubuntu3
2022-10-25 21:35:14 status installed libpam-systemd:amd64 249.11-0ubuntu3
2022-10-25 21:35:14 configure libgirepository-1.0-1:amd64 1.72.0-1 <none>
2022-10-25 21:35:14 status unpacked libgirepository-1.0-1:amd64 1.72.0-1
2022-10-25 21:35:14 status half-configured libgirepository-1.0-1:amd64 1.72.0-1
2022-10-25 21:35:14 status installed libgirepository-1.0-1:amd64 1.72.0-1
2022-10-25 21:35:14 configure netbase:all 6.3 <none>
2022-10-25 21:35:14 status unpacked netbase:all 6.3
2022-10-25 21:35:14 status half-configured netbase:all 6.3
2022-10-25 21:35:14 status installed netbase:all 6.3
2022-10-25 21:35:14 configure isc-dhcp-common:amd64 4.4.1-2.3ubuntu2 <none>
2022-10-25 21:35:14 status unpacked isc-dhcp-common:amd64 4.4.1-2.3ubuntu2
2022-10-25 21:35:14 status half-configured isc-dhcp-common:amd64 4.4.1-2.3ubuntu2
2022-10-25 21:35:14 status installed isc-dhcp-common:amd64 4.4.1-2.3ubuntu2
2022-10-25 21:35:14 configure openssl:amd64 3.0.2-0ubuntu1 <none>
2022-10-25 21:35:14 status unpacked openssl:amd64 3.0.2-0ubuntu1
2022-10-25 21:35:14 status half-configured openssl:amd64 3.0.2-0ubuntu1
2022-10-25 21:35:14 status installed openssl:amd64 3.0.2-0ubuntu1
2022-10-25 21:35:14 configure libbsd0:amd64 0.11.5-1 <none>
2022-10-25 21:35:14 status unpacked libbsd0:amd64 0.11.5-1
2022-10-25 21:35:14 status half-configured libbsd0:amd64 0.11.5-1
2022-10-25 21:35:14 status installed libbsd0:amd64 0.11.5-1
2022-10-25 21:35:14 configure libelf1:amd64 0.186-1build1 <none>
2022-10-25 21:35:14 status unpacked libelf1:amd64 0.186-1build1
2022-10-25 21:35:14 status half-configured libelf1:amd64 0.186-1build1
2022-10-25 21:35:14 status installed libelf1:amd64 0.186-1build1
2022-10-25 21:35:14 configure libpam-cap:amd64 1:2.44-1build3 <none>
2022-10-25 21:35:14 status unpacked libpam-cap:amd64 1:2.44-1build3
2022-10-25 21:35:14 status half-configured libpam-cap:amd64 1:2.44-1build3
2022-10-25 21:35:14 status installed libpam-cap:amd64 1:2.44-1build3
2022-10-25 21:35:14 configure iputils-ping:amd64 3:20211215-1 <none>
2022-10-25 21:35:14 status unpacked iputils-ping:amd64 3:20211215-1
2022-10-25 21:35:14 status half-configured iputils-ping:amd64 3:20211215-1
2022-10-25 21:35:14 status installed iputils-ping:amd64 3:20211215-1
2022-10-25 21:35:14 configure readline-common:all 8.1.2-1 <none>
2022-10-25 21:35:14 status unpacked readline-common:all 8.1.2-1
2022-10-25 21:35:14 status half-configured readline-common:all 8.1.2-1
2022-10-25 21:35:14 status installed readline-common:all 8.1.2-1
2022-10-25 21:35:14 configure iso-codes:all 4.9.0-1 <none>
2022-10-25 21:35:14 status unpacked iso-codes:all 4.9.0-1
2022-10-25 21:35:14 status half-configured iso-codes:all 4.9.0-1
2022-10-25 21:35:14 status installed iso-codes:all 4.9.0-1
2022-10-25 21:35:14 configure libstdc++6:amd64 12-20220319-1ubuntu1 <none>
2022-10-25 21:35:14 status unpacked libstdc++6:amd64 12-20220319-1ubuntu1
2022-10-25 21:35:14 status half-configured libstdc++6:amd64 12-20220319-1ubuntu1
2022-10-25 21:35:14 status installed libstdc++6:amd64 12-20220319-1ubuntu1
2022-10-25 21:35:14 configure liblocale-gettext-perl:amd64 1.07-4build3 <none>
2022-10-25 21:35:14 status unpacked liblocale-gettext-perl:amd64 1.07-4build3
2022-10-25 21:35:14 status half-configured liblocale-gettext-perl:amd64 1.07-4build3
2022-10-25 21:35:14 status installed liblocale-gettext-perl:amd64 1.07-4build3
2022-10-25 21:35:14 configure libpopt0:amd64 1.18-3build1 <none>
2022-10-25 21:35:14 status unpacked libpopt0:amd64 1.18-3build1
2022-10-25 21:35:14 status half-configured libpopt0:amd64 1.18-3build1
2022-10-25 21:35:14 status installed libpopt0:amd64 1.18-3build1
2022-10-25 21:35:14 configure libicu70:amd64 70.1-2 <none>
2022-10-25 21:35:14 status unpacked libicu70:amd64 70.1-2
2022-10-25 21:35:14 status half-configured libicu70:amd64 70.1-2
2022-10-25 21:35:14 status installed libicu70:amd64 70.1-2
2022-10-25 21:35:14 configure logrotate:amd64 3.19.0-1ubuntu1 <none>
2022-10-25 21:35:14 status unpacked logrotate:amd64 3.19.0-1ubuntu1
2022-10-25 21:35:14 status half-configured logrotate:amd64 3.19.0-1ubuntu1
2022-10-25 21:35:14 status installed logrotate:amd64 3.19.0-1ubuntu1
2022-10-25 21:35:14 configure distro-info:amd64 1.1build1 <none>
2022-10-25 21:35:14 status unpacked distro-info:amd64 1.1build1
2022-10-25 21:35:14 status half-configured distro-info:amd64 1.1build1
2022-10-25 21:35:14 status installed distro-info:amd64 1.1build1
2022-10-25 21:35:14 configure libnewt0.52:amd64 0.52.21-5ubuntu2 <none>
2022-10-25 21:35:14 status unpacked libnewt0.52:amd64 0.52.21-5ubuntu2
2022-10-25 21:35:14 status half-configured libnewt0.52:amd64 0.52.21-5ubuntu2
2022-10-25 21:35:14 status installed libnewt0.52:amd64 0.52.21-5ubuntu2
2022-10-25 21:35:14 configure libreadline8:amd64 8.1.2-1 <none>
2022-10-25 21:35:14 status unpacked libreadline8:amd64 8.1.2-1
2022-10-25 21:35:14 status half-configured libreadline8:amd64 8.1.2-1
2022-10-25 21:35:14 status installed libreadline8:amd64 8.1.2-1
2022-10-25 21:35:14 configure rsyslog:amd64 8.2112.0-2ubuntu2 <none>
2022-10-25 21:35:14 status unpacked rsyslog:amd64 8.2112.0-2ubuntu2
2022-10-25 21:35:14 status half-configured rsyslog:amd64 8.2112.0-2ubuntu2
2022-10-25 21:35:14 status installed rsyslog:amd64 8.2112.0-2ubuntu2
2022-10-25 21:35:14 configure netcat-openbsd:amd64 1.218-4ubuntu1 <none>
2022-10-25 21:35:14 status unpacked netcat-openbsd:amd64 1.218-4ubuntu1
2022-10-25 21:35:14 status half-configured netcat-openbsd:amd64 1.218-4ubuntu1
2022-10-25 21:35:14 status installed netcat-openbsd:amd64 1.218-4ubuntu1
2022-10-25 21:35:14 configure libdns-export1110:amd64 1:9.11.19+dfsg-2.1ubuntu3 <none>
2022-10-25 21:35:14 status unpacked libdns-export1110:amd64 1:9.11.19+dfsg-2.1ubuntu3
2022-10-25 21:35:14 status half-configured libdns-export1110:amd64 1:9.11.19+dfsg-2.1ubuntu3
2022-10-25 21:35:14 status installed libdns-export1110:amd64 1:9.11.19+dfsg-2.1ubuntu3
2022-10-25 21:35:14 configure debconf-i18n:all 1.5.79ubuntu1 <none>
2022-10-25 21:35:14 status unpacked debconf-i18n:all 1.5.79ubuntu1
2022-10-25 21:35:14 status half-configured debconf-i18n:all 1.5.79ubuntu1
2022-10-25 21:35:14 status installed debconf-i18n:all 1.5.79ubuntu1
2022-10-25 21:35:14 configure vim-tiny:amd64 2:8.2.3995-1ubuntu2 <none>
2022-10-25 21:35:14 status unpacked vim-tiny:amd64 2:8.2.3995-1ubuntu2
2022-10-25 21:35:14 status half-configured vim-tiny:amd64 2:8.2.3995-1ubuntu2
2022-10-25 21:35:14 status installed vim-tiny:amd64 2:8.2.3995-1ubuntu2
2022-10-25 21:35:14 configure ca-certificates:all 20211016 <none>
2022-10-25 21:35:14 status unpacked ca-certificates:all 20211016
2022-10-25 21:35:14 status half-configured ca-certificates:all 20211016
2022-10-25 21:35:15 status installed ca-certificates:all 20211016
2022-10-25 21:35:15 status triggers-pending ca-certificates:all 20211016
2022-10-25 21:35:15 configure libapt-pkg6.0:amd64 2.4.5 <none>
2022-10-25 21:35:15 status unpacked libapt-pkg6.0:amd64 2.4.5
2022-10-25 21:35:15 status half-configured libapt-pkg6.0:amd64 2.4.5
2022-10-25 21:35:15 status installed libapt-pkg6.0:amd64 2.4.5
2022-10-25 21:35:15 configure gir1.2-glib-2.0:amd64 1.72.0-1 <none>
2022-10-25 21:35:15 status unpacked gir1.2-glib-2.0:amd64 1.72.0-1
2022-10-25 21:35:15 status half-configured gir1.2-glib-2.0:amd64 1.72.0-1
2022-10-25 21:35:15 status installed gir1.2-glib-2.0:amd64 1.72.0-1
2022-10-25 21:35:15 configure whiptail:amd64 0.52.21-5ubuntu2 <none>
2022-10-25 21:35:15 status unpacked whiptail:amd64 0.52.21-5ubuntu2
2022-10-25 21:35:15 status half-configured whiptail:amd64 0.52.21-5ubuntu2
2022-10-25 21:35:15 status installed whiptail:amd64 0.52.21-5ubuntu2
2022-10-25 21:35:15 configure libmpdec3:amd64 2.5.1-2build2 <none>
2022-10-25 21:35:15 status unpacked libmpdec3:amd64 2.5.1-2build2
2022-10-25 21:35:15 status half-configured libmpdec3:amd64 2.5.1-2build2
2022-10-25 21:35:15 status installed libmpdec3:amd64 2.5.1-2build2
2022-10-25 21:35:15 configure keyboard-configuration:all 1.205ubuntu3 <none>
2022-10-25 21:35:15 status unpacked keyboard-configuration:all 1.205ubuntu3
2022-10-25 21:35:15 status half-configured keyboard-configuration:all 1.205ubuntu3
2022-10-25 21:35:16 status installed keyboard-configuration:all 1.205ubuntu3
2022-10-25 21:35:16 configure libbpf0:amd64 1:0.5.0-1 <none>
2022-10-25 21:35:16 status unpacked libbpf0:amd64 1:0.5.0-1
2022-10-25 21:35:16 status half-configured libbpf0:amd64 1:0.5.0-1
2022-10-25 21:35:16 status installed libbpf0:amd64 1:0.5.0-1
2022-10-25 21:35:16 configure libxml2:amd64 2.9.13+dfsg-1build1 <none>
2022-10-25 21:35:16 status unpacked libxml2:amd64 2.9.13+dfsg-1build1
2022-10-25 21:35:16 status half-configured libxml2:amd64 2.9.13+dfsg-1build1
2022-10-25 21:35:16 status installed libxml2:amd64 2.9.13+dfsg-1build1
2022-10-25 21:35:16 configure apt:amd64 2.4.5 <none>
2022-10-25 21:35:16 status unpacked apt:amd64 2.4.5
2022-10-25 21:35:16 status half-configured apt:amd64 2.4.5
2022-10-25 21:35:16 status installed apt:amd64 2.4.5
2022-10-25 21:35:16 configure apt-utils:amd64 2.4.5 <none>
2022-10-25 21:35:16 status unpacked apt-utils:amd64 2.4.5
2022-10-25 21:35:16 status half-configured apt-utils:amd64 2.4.5
2022-10-25 21:35:16 status installed apt-utils:amd64 2.4.5
2022-10-25 21:35:16 configure iproute2:amd64 5.15.0-1ubuntu2 <none>
2022-10-25 21:35:16 status unpacked iproute2:amd64 5.15.0-1ubuntu2
2022-10-25 21:35:16 status half-configured iproute2:amd64 5.15.0-1ubuntu2
2022-10-25 21:35:16 status installed iproute2:amd64 5.15.0-1ubuntu2
2022-10-25 21:35:16 configure isc-dhcp-client:amd64 4.4.1-2.3ubuntu2 <none>
2022-10-25 21:35:16 status unpacked isc-dhcp-client:amd64 4.4.1-2.3ubuntu2
2022-10-25 21:35:16 status half-configured isc-dhcp-client:amd64 4.4.1-2.3ubuntu2
2022-10-25 21:35:16 status installed isc-dhcp-client:amd64 4.4.1-2.3ubuntu2
2022-10-25 21:35:16 configure libpython3.10-stdlib:amd64 3.10.4-3 <none>
2022-10-25 21:35:16 status unpacked libpython3.10-stdlib:amd64 3.10.4-3
2022-10-25 21:35:16 status half-configured libpython3.10-stdlib:amd64 3.10.4-3
2022-10-25 21:35:16 status installed libpython3.10-stdlib:amd64 3.10.4-3
2022-10-25 21:35:16 configure shared-mime-info:amd64 2.1-2 <none>
2022-10-25 21:35:16 status unpacked shared-mime-info:amd64 2.1-2
2022-10-25 21:35:16 status half-configured shared-mime-info:amd64 2.1-2
2022-10-25 21:35:17 status installed shared-mime-info:amd64 2.1-2
2022-10-25 21:35:17 configure libpython3-stdlib:amd64 3.10.4-0ubuntu2 <none>
2022-10-25 21:35:17 status unpacked libpython3-stdlib:amd64 3.10.4-0ubuntu2
2022-10-25 21:35:17 status half-configured libpython3-stdlib:amd64 3.10.4-0ubuntu2
2022-10-25 21:35:17 status installed libpython3-stdlib:amd64 3.10.4-0ubuntu2
2022-10-25 21:35:17 configure python3.10:amd64 3.10.4-3 <none>
2022-10-25 21:35:17 status unpacked python3.10:amd64 3.10.4-3
2022-10-25 21:35:17 status half-configured python3.10:amd64 3.10.4-3
2022-10-25 21:35:18 status installed python3.10:amd64 3.10.4-3
2022-10-25 21:35:18 configure python3:amd64 3.10.4-0ubuntu2 <none>
2022-10-25 21:35:18 status unpacked python3:amd64 3.10.4-0ubuntu2
2022-10-25 21:35:18 status half-configured python3:amd64 3.10.4-0ubuntu2
2022-10-25 21:35:18 status installed python3:amd64 3.10.4-0ubuntu2
2022-10-25 21:35:18 configure python3-gi:amd64 3.42.0-3build1 <none>
2022-10-25 21:35:18 status unpacked python3-gi:amd64 3.42.0-3build1
2022-10-25 21:35:18 status half-configured python3-gi:amd64 3.42.0-3build1
2022-10-25 21:35:18 status installed python3-gi:amd64 3.42.0-3build1
2022-10-25 21:35:18 configure python3-netifaces:amd64 0.11.0-1build2 <none>
2022-10-25 21:35:18 status unpacked python3-netifaces:amd64 0.11.0-1build2
2022-10-25 21:35:18 status half-configured python3-netifaces:amd64 0.11.0-1build2
2022-10-25 21:35:18 status installed python3-netifaces:amd64 0.11.0-1build2
2022-10-25 21:35:18 configure lsb-release:all 11.1.0ubuntu4 <none>
2022-10-25 21:35:18 status unpacked lsb-release:all 11.1.0ubuntu4
2022-10-25 21:35:18 status half-configured lsb-release:all 11.1.0ubuntu4
2022-10-25 21:35:18 status installed lsb-release:all 11.1.0ubuntu4
2022-10-25 21:35:18 configure python3-pkg-resources:all 59.6.0-1.2 <none>
2022-10-25 21:35:18 status unpacked python3-pkg-resources:all 59.6.0-1.2
2022-10-25 21:35:18 status half-configured python3-pkg-resources:all 59.6.0-1.2
2022-10-25 21:35:18 status installed python3-pkg-resources:all 59.6.0-1.2
2022-10-25 21:35:18 configure python3-dbus:amd64 1.2.18-3build1 <none>
2022-10-25 21:35:18 status unpacked python3-dbus:amd64 1.2.18-3build1
2022-10-25 21:35:18 status half-configured python3-dbus:amd64 1.2.18-3build1
2022-10-25 21:35:18 status installed python3-dbus:amd64 1.2.18-3build1
2022-10-25 21:35:18 configure python3-apt:amd64 2.3.0ubuntu2 <none>
2022-10-25 21:35:18 status unpacked python3-apt:amd64 2.3.0ubuntu2
2022-10-25 21:35:18 status half-configured python3-apt:amd64 2.3.0ubuntu2
2022-10-25 21:35:18 status installed python3-apt:amd64 2.3.0ubuntu2
2022-10-25 21:35:18 configure python3-yaml:amd64 5.4.1-1ubuntu1 <none>
2022-10-25 21:35:18 status unpacked python3-yaml:amd64 5.4.1-1ubuntu1
2022-10-25 21:35:18 status half-configured python3-yaml:amd64 5.4.1-1ubuntu1
2022-10-25 21:35:18 status installed python3-yaml:amd64 5.4.1-1ubuntu1
2022-10-25 21:35:18 configure netplan.io:amd64 0.104-0ubuntu2 <none>
2022-10-25 21:35:18 status unpacked netplan.io:amd64 0.104-0ubuntu2
2022-10-25 21:35:18 status half-configured netplan.io:amd64 0.104-0ubuntu2
2022-10-25 21:35:18 status installed netplan.io:amd64 0.104-0ubuntu2
2022-10-25 21:35:18 configure ubuntu-advantage-tools:amd64 27.7~22.04.1 <none>
2022-10-25 21:35:18 status unpacked ubuntu-advantage-tools:amd64 27.7~22.04.1
2022-10-25 21:35:18 status half-configured ubuntu-advantage-tools:amd64 27.7~22.04.1
2022-10-25 21:35:19 status installed ubuntu-advantage-tools:amd64 27.7~22.04.1
2022-10-25 21:35:19 configure networkd-dispatcher:all 2.1-2 <none>
2022-10-25 21:35:19 status unpacked networkd-dispatcher:all 2.1-2
2022-10-25 21:35:19 status half-configured networkd-dispatcher:all 2.1-2
2022-10-25 21:35:19 status installed networkd-dispatcher:all 2.1-2
2022-10-25 21:35:19 configure kbd:amd64 2.3.0-3ubuntu4 <none>
2022-10-25 21:35:19 status unpacked kbd:amd64 2.3.0-3ubuntu4
2022-10-25 21:35:19 status half-configured kbd:amd64 2.3.0-3ubuntu4
2022-10-25 21:35:19 status installed kbd:amd64 2.3.0-3ubuntu4
2022-10-25 21:35:19 configure console-setup-linux:all 1.205ubuntu3 <none>
2022-10-25 21:35:19 status unpacked console-setup-linux:all 1.205ubuntu3
2022-10-25 21:35:19 status half-configured console-setup-linux:all 1.205ubuntu3
2022-10-25 21:35:20 status installed console-setup-linux:all 1.205ubuntu3
2022-10-25 21:35:20 configure console-setup:all 1.205ubuntu3 <none>
2022-10-25 21:35:20 status unpacked console-setup:all 1.205ubuntu3
2022-10-25 21:35:20 status half-configured console-setup:all 1.205ubuntu3
2022-10-25 21:35:20 status installed console-setup:all 1.205ubuntu3
2022-10-25 21:35:20 configure ubuntu-minimal:amd64 1.481 <none>
2022-10-25 21:35:20 status unpacked ubuntu-minimal:amd64 1.481
2022-10-25 21:35:20 status half-configured ubuntu-minimal:amd64 1.481
2022-10-25 21:35:20 status installed ubuntu-minimal:amd64 1.481
2022-10-25 21:35:20 trigproc libc-bin:amd64 2.35-0ubuntu3 <none>
2022-10-25 21:35:20 status half-configured libc-bin:amd64 2.35-0ubuntu3
2022-10-25 21:35:20 status installed libc-bin:amd64 2.35-0ubuntu3
2022-10-25 21:35:20 trigproc ca-certificates:all 20211016 <none>
2022-10-25 21:35:20 status half-configured ca-certificates:all 20211016
2022-10-25 21:35:21 status installed ca-certificates:all 20211016
2022-10-25 21:35:25 startup archives unpack
2022-10-25 21:35:25 upgrade gcc-12-base:amd64 12-20220319-1ubuntu1 12.1.0-2ubuntu1~22.04
2022-10-25 21:35:25 status half-configured gcc-12-base:amd64 12-20220319-1ubuntu1
2022-10-25 21:35:25 status unpacked gcc-12-base:amd64 12-20220319-1ubuntu1
2022-10-25 21:35:25 status half-installed gcc-12-base:amd64 12-20220319-1ubuntu1
2022-10-25 21:35:25 status unpacked gcc-12-base:amd64 12.1.0-2ubuntu1~22.04
2022-10-25 21:35:25 startup packages configure
2022-10-25 21:35:25 configure gcc-12-base:amd64 12.1.0-2ubuntu1~22.04 <none>
2022-10-25 21:35:25 status unpacked gcc-12-base:amd64 12.1.0-2ubuntu1~22.04
2022-10-25 21:35:25 status half-configured gcc-12-base:amd64 12.1.0-2ubuntu1~22.04
2022-10-25 21:35:25 status installed gcc-12-base:amd64 12.1.0-2ubuntu1~22.04
2022-10-25 21:35:25 startup archives unpack
2022-10-25 21:35:25 upgrade libgcc-s1:amd64 12-20220319-1ubuntu1 12.1.0-2ubuntu1~22.04
2022-10-25 21:35:25 status triggers-pending libc-bin:amd64 2.35-0ubuntu3
2022-10-25 21:35:25 status half-configured libgcc-s1:amd64 12-20220319-1ubuntu1
2022-10-25 21:35:25 status unpacked libgcc-s1:amd64 12-20220319-1ubuntu1
2022-10-25 21:35:25 status half-installed libgcc-s1:amd64 12-20220319-1ubuntu1
2022-10-25 21:35:25 status unpacked libgcc-s1:amd64 12.1.0-2ubuntu1~22.04
2022-10-25 21:35:25 startup packages configure
2022-10-25 21:35:25 configure libgcc-s1:amd64 12.1.0-2ubuntu1~22.04 <none>
2022-10-25 21:35:25 status unpacked libgcc-s1:amd64 12.1.0-2ubuntu1~22.04
2022-10-25 21:35:25 status half-configured libgcc-s1:amd64 12.1.0-2ubuntu1~22.04
2022-10-25 21:35:25 status installed libgcc-s1:amd64 12.1.0-2ubuntu1~22.04
2022-10-25 21:35:25 startup archives unpack
2022-10-25 21:35:25 upgrade libstdc++6:amd64 12-20220319-1ubuntu1 12.1.0-2ubuntu1~22.04
2022-10-25 21:35:25 status half-configured libstdc++6:amd64 12-20220319-1ubuntu1
2022-10-25 21:35:25 status unpacked libstdc++6:amd64 12-20220319-1ubuntu1
2022-10-25 21:35:25 status half-installed libstdc++6:amd64 12-20220319-1ubuntu1
2022-10-25 21:35:25 status unpacked libstdc++6:amd64 12.1.0-2ubuntu1~22.04
2022-10-25 21:35:25 startup packages configure
2022-10-25 21:35:25 configure libstdc++6:amd64 12.1.0-2ubuntu1~22.04 <none>
2022-10-25 21:35:25 status unpacked libstdc++6:amd64 12.1.0-2ubuntu1~22.04
2022-10-25 21:35:25 status half-configured libstdc++6:amd64 12.1.0-2ubuntu1~22.04
2022-10-25 21:35:25 status installed libstdc++6:amd64 12.1.0-2ubuntu1~22.04
2022-10-25 21:35:25 startup archives unpack
2022-10-25 21:35:25 upgrade libc6:amd64 2.35-0ubuntu3 2.35-0ubuntu3.1
2022-10-25 21:35:25 status half-configured libc6:amd64 2.35-0ubuntu3
2022-10-25 21:35:25 status unpacked libc6:amd64 2.35-0ubuntu3
2022-10-25 21:35:25 status half-installed libc6:amd64 2.35-0ubuntu3
2022-10-25 21:35:26 status unpacked libc6:amd64 2.35-0ubuntu3.1
2022-10-25 21:35:26 startup packages configure
2022-10-25 21:35:26 configure libc6:amd64 2.35-0ubuntu3.1 <none>
2022-10-25 21:35:26 status unpacked libc6:amd64 2.35-0ubuntu3.1
2022-10-25 21:35:26 status half-configured libc6:amd64 2.35-0ubuntu3.1
2022-10-25 21:35:26 status installed libc6:amd64 2.35-0ubuntu3.1
2022-10-25 21:35:26 startup archives unpack
2022-10-25 21:35:26 upgrade base-files:amd64 12ubuntu4 12ubuntu4.2
2022-10-25 21:35:26 status half-configured base-files:amd64 12ubuntu4
2022-10-25 21:35:26 status unpacked base-files:amd64 12ubuntu4
2022-10-25 21:35:26 status half-installed base-files:amd64 12ubuntu4
2022-10-25 21:35:26 status unpacked base-files:amd64 12ubuntu4.2
2022-10-25 21:35:26 startup packages configure
2022-10-25 21:35:26 configure base-files:amd64 12ubuntu4.2 <none>
2022-10-25 21:35:26 status unpacked base-files:amd64 12ubuntu4.2
2022-10-25 21:35:26 status half-configured base-files:amd64 12ubuntu4.2
2022-10-25 21:35:26 status installed base-files:amd64 12ubuntu4.2
2022-10-25 21:35:26 startup archives unpack
2022-10-25 21:35:26 upgrade systemd-timesyncd:amd64 249.11-0ubuntu3 249.11-0ubuntu3.6
2022-10-25 21:35:26 status half-configured systemd-timesyncd:amd64 249.11-0ubuntu3
2022-10-25 21:35:26 status unpacked systemd-timesyncd:amd64 249.11-0ubuntu3
2022-10-25 21:35:26 status half-installed systemd-timesyncd:amd64 249.11-0ubuntu3
2022-10-25 21:35:26 status triggers-pending dbus:amd64 1.12.20-2ubuntu4
2022-10-25 21:35:26 status unpacked systemd-timesyncd:amd64 249.11-0ubuntu3.6
2022-10-25 21:35:26 upgrade systemd-sysv:amd64 249.11-0ubuntu3 249.11-0ubuntu3.6
2022-10-25 21:35:26 status half-configured systemd-sysv:amd64 249.11-0ubuntu3
2022-10-25 21:35:26 status unpacked systemd-sysv:amd64 249.11-0ubuntu3
2022-10-25 21:35:26 status half-installed systemd-sysv:amd64 249.11-0ubuntu3
2022-10-25 21:35:26 status unpacked systemd-sysv:amd64 249.11-0ubuntu3.6
2022-10-25 21:35:26 upgrade libnss-systemd:amd64 249.11-0ubuntu3 249.11-0ubuntu3.6
2022-10-25 21:35:26 status half-configured libnss-systemd:amd64 249.11-0ubuntu3
2022-10-25 21:35:26 status unpacked libnss-systemd:amd64 249.11-0ubuntu3
2022-10-25 21:35:26 status half-installed libnss-systemd:amd64 249.11-0ubuntu3
2022-10-25 21:35:26 status unpacked libnss-systemd:amd64 249.11-0ubuntu3.6
2022-10-25 21:35:26 upgrade libpam-systemd:amd64 249.11-0ubuntu3 249.11-0ubuntu3.6
2022-10-25 21:35:26 status half-configured libpam-systemd:amd64 249.11-0ubuntu3
2022-10-25 21:35:26 status unpacked libpam-systemd:amd64 249.11-0ubuntu3
2022-10-25 21:35:26 status half-installed libpam-systemd:amd64 249.11-0ubuntu3
2022-10-25 21:35:26 status unpacked libpam-systemd:amd64 249.11-0ubuntu3.6
2022-10-25 21:35:26 upgrade libapparmor1:amd64 3.0.4-2ubuntu2 3.0.4-2ubuntu2.1
2022-10-25 21:35:26 status half-configured libapparmor1:amd64 3.0.4-2ubuntu2
2022-10-25 21:35:26 status unpacked libapparmor1:amd64 3.0.4-2ubuntu2
2022-10-25 21:35:26 status half-installed libapparmor1:amd64 3.0.4-2ubuntu2
2022-10-25 21:35:26 status unpacked libapparmor1:amd64 3.0.4-2ubuntu2.1
2022-10-25 21:35:26 upgrade libjson-c5:amd64 0.15-2build4 0.15-3~ubuntu1.22.04.1
2022-10-25 21:35:26 status half-configured libjson-c5:amd64 0.15-2build4
2022-10-25 21:35:26 status unpacked libjson-c5:amd64 0.15-2build4
2022-10-25 21:35:26 status half-installed libjson-c5:amd64 0.15-2build4
2022-10-25 21:35:26 status unpacked libjson-c5:amd64 0.15-3~ubuntu1.22.04.1
2022-10-25 21:35:26 upgrade libssl3:amd64 3.0.2-0ubuntu1 3.0.2-0ubuntu1.6
2022-10-25 21:35:26 status half-configured libssl3:amd64 3.0.2-0ubuntu1
2022-10-25 21:35:26 status unpacked libssl3:amd64 3.0.2-0ubuntu1
2022-10-25 21:35:26 status half-installed libssl3:amd64 3.0.2-0ubuntu1
2022-10-25 21:35:26 status unpacked libssl3:amd64 3.0.2-0ubuntu1.6
2022-10-25 21:35:26 startup packages configure
2022-10-25 21:35:26 configure libssl3:amd64 3.0.2-0ubuntu1.6 <none>
2022-10-25 21:35:26 status unpacked libssl3:amd64 3.0.2-0ubuntu1.6
2022-10-25 21:35:26 status half-configured libssl3:amd64 3.0.2-0ubuntu1.6
2022-10-25 21:35:26 status installed libssl3:amd64 3.0.2-0ubuntu1.6
2022-10-25 21:35:26 startup archives unpack
2022-10-25 21:35:26 upgrade libcryptsetup12:amd64 2:2.4.3-1ubuntu1 2:2.4.3-1ubuntu1.1
2022-10-25 21:35:26 status half-configured libcryptsetup12:amd64 2:2.4.3-1ubuntu1
2022-10-25 21:35:26 status unpacked libcryptsetup12:amd64 2:2.4.3-1ubuntu1
2022-10-25 21:35:26 status half-installed libcryptsetup12:amd64 2:2.4.3-1ubuntu1
2022-10-25 21:35:26 status unpacked libcryptsetup12:amd64 2:2.4.3-1ubuntu1.1
2022-10-25 21:35:26 upgrade libgnutls30:amd64 3.7.3-4ubuntu1 3.7.3-4ubuntu1.1
2022-10-25 21:35:26 status half-configured libgnutls30:amd64 3.7.3-4ubuntu1
2022-10-25 21:35:26 status unpacked libgnutls30:amd64 3.7.3-4ubuntu1
2022-10-25 21:35:26 status half-installed libgnutls30:amd64 3.7.3-4ubuntu1
2022-10-25 21:35:26 status unpacked libgnutls30:amd64 3.7.3-4ubuntu1.1
2022-10-25 21:35:26 startup packages configure
2022-10-25 21:35:26 configure libgnutls30:amd64 3.7.3-4ubuntu1.1 <none>
2022-10-25 21:35:26 status unpacked libgnutls30:amd64 3.7.3-4ubuntu1.1
2022-10-25 21:35:26 status half-configured libgnutls30:amd64 3.7.3-4ubuntu1.1
2022-10-25 21:35:26 status installed libgnutls30:amd64 3.7.3-4ubuntu1.1
2022-10-25 21:35:26 startup archives unpack
2022-10-25 21:35:26 upgrade systemd:amd64 249.11-0ubuntu3 249.11-0ubuntu3.6
2022-10-25 21:35:26 status half-configured systemd:amd64 249.11-0ubuntu3
2022-10-25 21:35:26 status unpacked systemd:amd64 249.11-0ubuntu3
2022-10-25 21:35:26 status half-installed systemd:amd64 249.11-0ubuntu3
2022-10-25 21:35:26 status unpacked systemd:amd64 249.11-0ubuntu3.6
2022-10-25 21:35:26 upgrade libsystemd0:amd64 249.11-0ubuntu3 249.11-0ubuntu3.6
2022-10-25 21:35:26 status half-configured libsystemd0:amd64 249.11-0ubuntu3
2022-10-25 21:35:26 status unpacked libsystemd0:amd64 249.11-0ubuntu3
2022-10-25 21:35:26 status half-installed libsystemd0:amd64 249.11-0ubuntu3
2022-10-25 21:35:26 status unpacked libsystemd0:amd64 249.11-0ubuntu3.6
2022-10-25 21:35:26 startup packages configure
2022-10-25 21:35:26 configure libsystemd0:amd64 249.11-0ubuntu3.6 <none>
2022-10-25 21:35:26 status unpacked libsystemd0:amd64 249.11-0ubuntu3.6
2022-10-25 21:35:26 status half-configured libsystemd0:amd64 249.11-0ubuntu3.6
2022-10-25 21:35:26 status installed libsystemd0:amd64 249.11-0ubuntu3.6
2022-10-25 21:35:26 startup archives unpack
2022-10-25 21:35:26 upgrade zlib1g:amd64 1:1.2.11.dfsg-2ubuntu9 1:1.2.11.dfsg-2ubuntu9.2
2022-10-25 21:35:26 status half-configured zlib1g:amd64 1:1.2.11.dfsg-2ubuntu9
2022-10-25 21:35:26 status unpacked zlib1g:amd64 1:1.2.11.dfsg-2ubuntu9
2022-10-25 21:35:26 status half-installed zlib1g:amd64 1:1.2.11.dfsg-2ubuntu9
2022-10-25 21:35:26 status unpacked zlib1g:amd64 1:1.2.11.dfsg-2ubuntu9.2
2022-10-25 21:35:26 startup packages configure
2022-10-25 21:35:26 configure zlib1g:amd64 1:1.2.11.dfsg-2ubuntu9.2 <none>
2022-10-25 21:35:26 status unpacked zlib1g:amd64 1:1.2.11.dfsg-2ubuntu9.2
2022-10-25 21:35:26 status half-configured zlib1g:amd64 1:1.2.11.dfsg-2ubuntu9.2
2022-10-25 21:35:26 status installed zlib1g:amd64 1:1.2.11.dfsg-2ubuntu9.2
2022-10-25 21:35:26 startup archives unpack
2022-10-25 21:35:26 upgrade libapt-pkg6.0:amd64 2.4.5 2.4.8
2022-10-25 21:35:26 status half-configured libapt-pkg6.0:amd64 2.4.5
2022-10-25 21:35:26 status unpacked libapt-pkg6.0:amd64 2.4.5
2022-10-25 21:35:26 status half-installed libapt-pkg6.0:amd64 2.4.5
2022-10-25 21:35:26 status unpacked libapt-pkg6.0:amd64 2.4.8
2022-10-25 21:35:26 startup packages configure
2022-10-25 21:35:26 configure libapt-pkg6.0:amd64 2.4.8 <none>
2022-10-25 21:35:26 status unpacked libapt-pkg6.0:amd64 2.4.8
2022-10-25 21:35:26 status half-configured libapt-pkg6.0:amd64 2.4.8
2022-10-25 21:35:26 status installed libapt-pkg6.0:amd64 2.4.8
2022-10-25 21:35:26 startup archives unpack
2022-10-25 21:35:27 upgrade dpkg:amd64 1.21.1ubuntu2 1.21.1ubuntu2.1
2022-10-25 21:35:27 status half-configured dpkg:amd64 1.21.1ubuntu2
2022-10-25 21:35:27 status unpacked dpkg:amd64 1.21.1ubuntu2
2022-10-25 21:35:27 status half-installed dpkg:amd64 1.21.1ubuntu2
2022-10-25 21:35:27 status unpacked dpkg:amd64 1.21.1ubuntu2.1
2022-10-25 21:35:27 startup packages configure
2022-10-25 21:35:27 configure dpkg:amd64 1.21.1ubuntu2.1 <none>
2022-10-25 21:35:27 status unpacked dpkg:amd64 1.21.1ubuntu2.1
2022-10-25 21:35:27 status half-configured dpkg:amd64 1.21.1ubuntu2.1
2022-10-25 21:35:27 status installed dpkg:amd64 1.21.1ubuntu2.1
2022-10-25 21:35:27 startup archives unpack
2022-10-25 21:35:27 upgrade gzip:amd64 1.10-4ubuntu4 1.10-4ubuntu4.1
2022-10-25 21:35:27 status half-configured gzip:amd64 1.10-4ubuntu4
2022-10-25 21:35:27 status unpacked gzip:amd64 1.10-4ubuntu4
2022-10-25 21:35:27 status half-installed gzip:amd64 1.10-4ubuntu4
2022-10-25 21:35:27 status unpacked gzip:amd64 1.10-4ubuntu4.1
2022-10-25 21:35:27 startup packages configure
2022-10-25 21:35:27 configure gzip:amd64 1.10-4ubuntu4.1 <none>
2022-10-25 21:35:27 status unpacked gzip:amd64 1.10-4ubuntu4.1
2022-10-25 21:35:27 status half-configured gzip:amd64 1.10-4ubuntu4.1
2022-10-25 21:35:27 status installed gzip:amd64 1.10-4ubuntu4.1
2022-10-25 21:35:27 startup archives unpack
2022-10-25 21:35:27 upgrade perl-base:amd64 5.34.0-3ubuntu1 5.34.0-3ubuntu1.1
2022-10-25 21:35:27 status half-configured perl-base:amd64 5.34.0-3ubuntu1
2022-10-25 21:35:27 status unpacked perl-base:amd64 5.34.0-3ubuntu1
2022-10-25 21:35:27 status half-installed perl-base:amd64 5.34.0-3ubuntu1
2022-10-25 21:35:27 status unpacked perl-base:amd64 5.34.0-3ubuntu1.1
2022-10-25 21:35:27 startup packages configure
2022-10-25 21:35:27 configure perl-base:amd64 5.34.0-3ubuntu1.1 <none>
2022-10-25 21:35:27 status unpacked perl-base:amd64 5.34.0-3ubuntu1.1
2022-10-25 21:35:27 status half-configured perl-base:amd64 5.34.0-3ubuntu1.1
2022-10-25 21:35:27 status installed perl-base:amd64 5.34.0-3ubuntu1.1
2022-10-25 21:35:27 startup archives unpack
2022-10-25 21:35:27 upgrade libc-bin:amd64 2.35-0ubuntu3 2.35-0ubuntu3.1
2022-10-25 21:35:27 status half-configured libc-bin:amd64 2.35-0ubuntu3
2022-10-25 21:35:27 status unpacked libc-bin:amd64 2.35-0ubuntu3
2022-10-25 21:35:27 status half-installed libc-bin:amd64 2.35-0ubuntu3
2022-10-25 21:35:27 status unpacked libc-bin:amd64 2.35-0ubuntu3.1
2022-10-25 21:35:27 startup packages configure
2022-10-25 21:35:27 configure libc-bin:amd64 2.35-0ubuntu3.1 <none>
2022-10-25 21:35:27 status unpacked libc-bin:amd64 2.35-0ubuntu3.1
2022-10-25 21:35:27 status half-configured libc-bin:amd64 2.35-0ubuntu3.1
2022-10-25 21:35:27 status installed libc-bin:amd64 2.35-0ubuntu3.1
2022-10-25 21:35:27 startup archives unpack
2022-10-25 21:35:27 upgrade apt:amd64 2.4.5 2.4.8
2022-10-25 21:35:27 status triggers-pending libc-bin:amd64 2.35-0ubuntu3.1
2022-10-25 21:35:27 status half-configured apt:amd64 2.4.5
2022-10-25 21:35:27 status unpacked apt:amd64 2.4.5
2022-10-25 21:35:27 status half-installed apt:amd64 2.4.5
2022-10-25 21:35:27 status unpacked apt:amd64 2.4.8
2022-10-25 21:35:27 startup packages configure
2022-10-25 21:35:27 configure apt:amd64 2.4.8 <none>
2022-10-25 21:35:27 status unpacked apt:amd64 2.4.8
2022-10-25 21:35:27 status half-configured apt:amd64 2.4.8
2022-10-25 21:35:27 status installed apt:amd64 2.4.8
2022-10-25 21:35:27 startup archives unpack
2022-10-25 21:35:27 upgrade apt-utils:amd64 2.4.5 2.4.8
2022-10-25 21:35:27 status half-configured apt-utils:amd64 2.4.5
2022-10-25 21:35:27 status unpacked apt-utils:amd64 2.4.5
2022-10-25 21:35:27 status half-installed apt-utils:amd64 2.4.5
2022-10-25 21:35:27 status unpacked apt-utils:amd64 2.4.8
2022-10-25 21:35:27 upgrade gpgv:amd64 2.2.27-3ubuntu2 2.2.27-3ubuntu2.1
2022-10-25 21:35:27 status half-configured gpgv:amd64 2.2.27-3ubuntu2
2022-10-25 21:35:27 status unpacked gpgv:amd64 2.2.27-3ubuntu2
2022-10-25 21:35:27 status half-installed gpgv:amd64 2.2.27-3ubuntu2
2022-10-25 21:35:27 status unpacked gpgv:amd64 2.2.27-3ubuntu2.1
2022-10-25 21:35:27 startup packages configure
2022-10-25 21:35:27 configure gpgv:amd64 2.2.27-3ubuntu2.1 <none>
2022-10-25 21:35:27 status unpacked gpgv:amd64 2.2.27-3ubuntu2.1
2022-10-25 21:35:27 status half-configured gpgv:amd64 2.2.27-3ubuntu2.1
2022-10-25 21:35:27 status installed gpgv:amd64 2.2.27-3ubuntu2.1
2022-10-25 21:35:27 startup archives unpack
2022-10-25 21:35:27 upgrade logsave:amd64 1.46.5-2ubuntu1 1.46.5-2ubuntu1.1
2022-10-25 21:35:27 status half-configured logsave:amd64 1.46.5-2ubuntu1
2022-10-25 21:35:27 status unpacked logsave:amd64 1.46.5-2ubuntu1
2022-10-25 21:35:27 status half-installed logsave:amd64 1.46.5-2ubuntu1
2022-10-25 21:35:27 status unpacked logsave:amd64 1.46.5-2ubuntu1.1
2022-10-25 21:35:27 upgrade libext2fs2:amd64 1.46.5-2ubuntu1 1.46.5-2ubuntu1.1
2022-10-25 21:35:27 status half-configured libext2fs2:amd64 1.46.5-2ubuntu1
2022-10-25 21:35:27 status unpacked libext2fs2:amd64 1.46.5-2ubuntu1
2022-10-25 21:35:27 status half-installed libext2fs2:amd64 1.46.5-2ubuntu1
2022-10-25 21:35:27 status unpacked libext2fs2:amd64 1.46.5-2ubuntu1.1
2022-10-25 21:35:27 startup packages configure
2022-10-25 21:35:27 configure libext2fs2:amd64 1.46.5-2ubuntu1.1 <none>
2022-10-25 21:35:27 status unpacked libext2fs2:amd64 1.46.5-2ubuntu1.1
2022-10-25 21:35:27 status half-configured libext2fs2:amd64 1.46.5-2ubuntu1.1
2022-10-25 21:35:27 status installed libext2fs2:amd64 1.46.5-2ubuntu1.1
2022-10-25 21:35:27 startup archives unpack
2022-10-25 21:35:27 upgrade e2fsprogs:amd64 1.46.5-2ubuntu1 1.46.5-2ubuntu1.1
2022-10-25 21:35:27 status half-configured e2fsprogs:amd64 1.46.5-2ubuntu1
2022-10-25 21:35:27 status unpacked e2fsprogs:amd64 1.46.5-2ubuntu1
2022-10-25 21:35:27 status half-installed e2fsprogs:amd64 1.46.5-2ubuntu1
2022-10-25 21:35:28 status unpacked e2fsprogs:amd64 1.46.5-2ubuntu1.1
2022-10-25 21:35:28 upgrade python3.10:amd64 3.10.4-3 3.10.6-1~22.04
2022-10-25 21:35:28 status half-configured python3.10:amd64 3.10.4-3
2022-10-25 21:35:28 status unpacked python3.10:amd64 3.10.4-3
2022-10-25 21:35:28 status half-installed python3.10:amd64 3.10.4-3
2022-10-25 21:35:28 status unpacked python3.10:amd64 3.10.6-1~22.04
2022-10-25 21:35:28 upgrade libtirpc-common:all 1.3.2-2build1 1.3.2-2ubuntu0.1
2022-10-25 21:35:28 status half-configured libtirpc-common:all 1.3.2-2build1
2022-10-25 21:35:28 status unpacked libtirpc-common:all 1.3.2-2build1
2022-10-25 21:35:28 status half-installed libtirpc-common:all 1.3.2-2build1
2022-10-25 21:35:28 status unpacked libtirpc-common:all 1.3.2-2ubuntu0.1
2022-10-25 21:35:28 startup packages configure
2022-10-25 21:35:28 configure libtirpc-common:all 1.3.2-2ubuntu0.1 <none>
2022-10-25 21:35:28 status unpacked libtirpc-common:all 1.3.2-2ubuntu0.1
2022-10-25 21:35:28 status half-configured libtirpc-common:all 1.3.2-2ubuntu0.1
2022-10-25 21:35:28 status installed libtirpc-common:all 1.3.2-2ubuntu0.1
2022-10-25 21:35:28 startup archives unpack
2022-10-25 21:35:28 upgrade libtirpc3:amd64 1.3.2-2build1 1.3.2-2ubuntu0.1
2022-10-25 21:35:28 status half-configured libtirpc3:amd64 1.3.2-2build1
2022-10-25 21:35:28 status unpacked libtirpc3:amd64 1.3.2-2build1
2022-10-25 21:35:28 status half-installed libtirpc3:amd64 1.3.2-2build1
2022-10-25 21:35:28 status unpacked libtirpc3:amd64 1.3.2-2ubuntu0.1
2022-10-25 21:35:28 startup packages configure
2022-10-25 21:35:28 configure libtirpc3:amd64 1.3.2-2ubuntu0.1 <none>
2022-10-25 21:35:28 status unpacked libtirpc3:amd64 1.3.2-2ubuntu0.1
2022-10-25 21:35:28 status half-configured libtirpc3:amd64 1.3.2-2ubuntu0.1
2022-10-25 21:35:28 status installed libtirpc3:amd64 1.3.2-2ubuntu0.1
2022-10-25 21:35:28 startup archives unpack
2022-10-25 21:35:28 upgrade libpython3.10-stdlib:amd64 3.10.4-3 3.10.6-1~22.04
2022-10-25 21:35:28 status half-configured libpython3.10-stdlib:amd64 3.10.4-3
2022-10-25 21:35:28 status unpacked libpython3.10-stdlib:amd64 3.10.4-3
2022-10-25 21:35:28 status half-installed libpython3.10-stdlib:amd64 3.10.4-3
2022-10-25 21:35:28 status unpacked libpython3.10-stdlib:amd64 3.10.6-1~22.04
2022-10-25 21:35:28 upgrade python3.10-minimal:amd64 3.10.4-3 3.10.6-1~22.04
2022-10-25 21:35:28 status half-configured python3.10-minimal:amd64 3.10.4-3
2022-10-25 21:35:28 status unpacked python3.10-minimal:amd64 3.10.4-3
2022-10-25 21:35:28 status half-installed python3.10-minimal:amd64 3.10.4-3
2022-10-25 21:35:28 status unpacked python3.10-minimal:amd64 3.10.6-1~22.04
2022-10-25 21:35:28 upgrade libpython3.10-minimal:amd64 3.10.4-3 3.10.6-1~22.04
2022-10-25 21:35:28 status half-configured libpython3.10-minimal:amd64 3.10.4-3
2022-10-25 21:35:28 status unpacked libpython3.10-minimal:amd64 3.10.4-3
2022-10-25 21:35:28 status half-installed libpython3.10-minimal:amd64 3.10.4-3
2022-10-25 21:35:28 status unpacked libpython3.10-minimal:amd64 3.10.6-1~22.04
2022-10-25 21:35:28 startup packages configure
2022-10-25 21:35:28 configure libpython3.10-minimal:amd64 3.10.6-1~22.04 <none>
2022-10-25 21:35:28 status unpacked libpython3.10-minimal:amd64 3.10.6-1~22.04
2022-10-25 21:35:28 status half-configured libpython3.10-minimal:amd64 3.10.6-1~22.04
2022-10-25 21:35:28 status installed libpython3.10-minimal:amd64 3.10.6-1~22.04
2022-10-25 21:35:28 configure python3.10-minimal:amd64 3.10.6-1~22.04 <none>
2022-10-25 21:35:28 status unpacked python3.10-minimal:amd64 3.10.6-1~22.04
2022-10-25 21:35:28 status half-configured python3.10-minimal:amd64 3.10.6-1~22.04
2022-10-25 21:35:28 status installed python3.10-minimal:amd64 3.10.6-1~22.04
2022-10-25 21:35:28 startup archives unpack
2022-10-25 21:35:28 upgrade python3-minimal:amd64 3.10.4-0ubuntu2 3.10.6-1~22.04
2022-10-25 21:35:28 status half-configured python3-minimal:amd64 3.10.4-0ubuntu2
2022-10-25 21:35:28 status unpacked python3-minimal:amd64 3.10.4-0ubuntu2
2022-10-25 21:35:28 status half-installed python3-minimal:amd64 3.10.4-0ubuntu2
2022-10-25 21:35:28 status unpacked python3-minimal:amd64 3.10.6-1~22.04
2022-10-25 21:35:28 startup packages configure
2022-10-25 21:35:28 configure python3-minimal:amd64 3.10.6-1~22.04 <none>
2022-10-25 21:35:28 status unpacked python3-minimal:amd64 3.10.6-1~22.04
2022-10-25 21:35:28 status half-configured python3-minimal:amd64 3.10.6-1~22.04
2022-10-25 21:35:29 status installed python3-minimal:amd64 3.10.6-1~22.04
2022-10-25 21:35:29 startup archives unpack
2022-10-25 21:35:29 upgrade python3:amd64 3.10.4-0ubuntu2 3.10.6-1~22.04
2022-10-25 21:35:29 status half-configured python3:amd64 3.10.4-0ubuntu2
2022-10-25 21:35:29 status unpacked python3:amd64 3.10.4-0ubuntu2
2022-10-25 21:35:29 status half-installed python3:amd64 3.10.4-0ubuntu2
2022-10-25 21:35:29 status unpacked python3:amd64 3.10.6-1~22.04
2022-10-25 21:35:29 upgrade libpython3-stdlib:amd64 3.10.4-0ubuntu2 3.10.6-1~22.04
2022-10-25 21:35:29 status half-configured libpython3-stdlib:amd64 3.10.4-0ubuntu2
2022-10-25 21:35:29 status unpacked libpython3-stdlib:amd64 3.10.4-0ubuntu2
2022-10-25 21:35:29 status half-installed libpython3-stdlib:amd64 3.10.4-0ubuntu2
2022-10-25 21:35:29 status unpacked libpython3-stdlib:amd64 3.10.6-1~22.04
2022-10-25 21:35:29 upgrade libcom-err2:amd64 1.46.5-2ubuntu1 1.46.5-2ubuntu1.1
2022-10-25 21:35:29 status half-configured libcom-err2:amd64 1.46.5-2ubuntu1
2022-10-25 21:35:29 status unpacked libcom-err2:amd64 1.46.5-2ubuntu1
2022-10-25 21:35:29 status half-installed libcom-err2:amd64 1.46.5-2ubuntu1
2022-10-25 21:35:29 status unpacked libcom-err2:amd64 1.46.5-2ubuntu1.1
2022-10-25 21:35:29 startup packages configure
2022-10-25 21:35:29 configure libcom-err2:amd64 1.46.5-2ubuntu1.1 <none>
2022-10-25 21:35:29 status unpacked libcom-err2:amd64 1.46.5-2ubuntu1.1
2022-10-25 21:35:29 status half-configured libcom-err2:amd64 1.46.5-2ubuntu1.1
2022-10-25 21:35:29 status installed libcom-err2:amd64 1.46.5-2ubuntu1.1
2022-10-25 21:35:29 startup archives unpack
2022-10-25 21:35:29 upgrade libpcre2-8-0:amd64 10.39-3build1 10.39-3ubuntu0.1
2022-10-25 21:35:29 status half-configured libpcre2-8-0:amd64 10.39-3build1
2022-10-25 21:35:29 status unpacked libpcre2-8-0:amd64 10.39-3build1
2022-10-25 21:35:29 status half-installed libpcre2-8-0:amd64 10.39-3build1
2022-10-25 21:35:29 status unpacked libpcre2-8-0:amd64 10.39-3ubuntu0.1
2022-10-25 21:35:29 startup packages configure
2022-10-25 21:35:29 configure libpcre2-8-0:amd64 10.39-3ubuntu0.1 <none>
2022-10-25 21:35:29 status unpacked libpcre2-8-0:amd64 10.39-3ubuntu0.1
2022-10-25 21:35:29 status half-configured libpcre2-8-0:amd64 10.39-3ubuntu0.1
2022-10-25 21:35:29 status installed libpcre2-8-0:amd64 10.39-3ubuntu0.1
2022-10-25 21:35:29 startup archives unpack
2022-10-25 21:35:29 upgrade libpcre3:amd64 2:8.39-13build5 2:8.39-13ubuntu0.22.04.1
2022-10-25 21:35:29 status half-configured libpcre3:amd64 2:8.39-13build5
2022-10-25 21:35:29 status unpacked libpcre3:amd64 2:8.39-13build5
2022-10-25 21:35:29 status half-installed libpcre3:amd64 2:8.39-13build5
2022-10-25 21:35:29 status unpacked libpcre3:amd64 2:8.39-13ubuntu0.22.04.1
2022-10-25 21:35:29 startup packages configure
2022-10-25 21:35:29 configure libpcre3:amd64 2:8.39-13ubuntu0.22.04.1 <none>
2022-10-25 21:35:29 status unpacked libpcre3:amd64 2:8.39-13ubuntu0.22.04.1
2022-10-25 21:35:29 status half-configured libpcre3:amd64 2:8.39-13ubuntu0.22.04.1
2022-10-25 21:35:29 status installed libpcre3:amd64 2:8.39-13ubuntu0.22.04.1
2022-10-25 21:35:29 startup archives unpack
2022-10-25 21:35:29 upgrade libss2:amd64 1.46.5-2ubuntu1 1.46.5-2ubuntu1.1
2022-10-25 21:35:29 status half-configured libss2:amd64 1.46.5-2ubuntu1
2022-10-25 21:35:29 status unpacked libss2:amd64 1.46.5-2ubuntu1
2022-10-25 21:35:29 status half-installed libss2:amd64 1.46.5-2ubuntu1
2022-10-25 21:35:29 status unpacked libss2:amd64 1.46.5-2ubuntu1.1
2022-10-25 21:35:29 upgrade distro-info-data:all 0.52 0.52ubuntu0.1
2022-10-25 21:35:29 status half-configured distro-info-data:all 0.52
2022-10-25 21:35:29 status unpacked distro-info-data:all 0.52
2022-10-25 21:35:29 status half-installed distro-info-data:all 0.52
2022-10-25 21:35:29 status unpacked distro-info-data:all 0.52ubuntu0.1
2022-10-25 21:35:29 upgrade isc-dhcp-client:amd64 4.4.1-2.3ubuntu2 4.4.1-2.3ubuntu2.3
2022-10-25 21:35:29 status half-configured isc-dhcp-client:amd64 4.4.1-2.3ubuntu2
2022-10-25 21:35:29 status unpacked isc-dhcp-client:amd64 4.4.1-2.3ubuntu2
2022-10-25 21:35:29 status half-installed isc-dhcp-client:amd64 4.4.1-2.3ubuntu2
2022-10-25 21:35:29 status unpacked isc-dhcp-client:amd64 4.4.1-2.3ubuntu2.3
2022-10-25 21:35:29 upgrade isc-dhcp-common:amd64 4.4.1-2.3ubuntu2 4.4.1-2.3ubuntu2.3
2022-10-25 21:35:29 status half-configured isc-dhcp-common:amd64 4.4.1-2.3ubuntu2
2022-10-25 21:35:29 status unpacked isc-dhcp-common:amd64 4.4.1-2.3ubuntu2
2022-10-25 21:35:29 status half-installed isc-dhcp-common:amd64 4.4.1-2.3ubuntu2
2022-10-25 21:35:29 status unpacked isc-dhcp-common:amd64 4.4.1-2.3ubuntu2.3
2022-10-25 21:35:29 upgrade libfribidi0:amd64 1.0.8-2ubuntu3 1.0.8-2ubuntu3.1
2022-10-25 21:35:29 status half-configured libfribidi0:amd64 1.0.8-2ubuntu3
2022-10-25 21:35:29 status unpacked libfribidi0:amd64 1.0.8-2ubuntu3
2022-10-25 21:35:29 status half-installed libfribidi0:amd64 1.0.8-2ubuntu3
2022-10-25 21:35:29 status unpacked libfribidi0:amd64 1.0.8-2ubuntu3.1
2022-10-25 21:35:29 upgrade netplan.io:amd64 0.104-0ubuntu2 0.104-0ubuntu2.1
2022-10-25 21:35:29 status half-configured netplan.io:amd64 0.104-0ubuntu2
2022-10-25 21:35:29 status unpacked netplan.io:amd64 0.104-0ubuntu2
2022-10-25 21:35:29 status half-installed netplan.io:amd64 0.104-0ubuntu2
2022-10-25 21:35:29 status unpacked netplan.io:amd64 0.104-0ubuntu2.1
2022-10-25 21:35:29 upgrade libnetplan0:amd64 0.104-0ubuntu2 0.104-0ubuntu2.1
2022-10-25 21:35:29 status half-configured libnetplan0:amd64 0.104-0ubuntu2
2022-10-25 21:35:29 status unpacked libnetplan0:amd64 0.104-0ubuntu2
2022-10-25 21:35:29 status half-installed libnetplan0:amd64 0.104-0ubuntu2
2022-10-25 21:35:29 status unpacked libnetplan0:amd64 0.104-0ubuntu2.1
2022-10-25 21:35:29 upgrade libxml2:amd64 2.9.13+dfsg-1build1 2.9.13+dfsg-1ubuntu0.1
2022-10-25 21:35:29 status half-configured libxml2:amd64 2.9.13+dfsg-1build1
2022-10-25 21:35:29 status unpacked libxml2:amd64 2.9.13+dfsg-1build1
2022-10-25 21:35:29 status half-installed libxml2:amd64 2.9.13+dfsg-1build1
2022-10-25 21:35:29 status unpacked libxml2:amd64 2.9.13+dfsg-1ubuntu0.1
2022-10-25 21:35:29 upgrade locales:all 2.35-0ubuntu3 2.35-0ubuntu3.1
2022-10-25 21:35:29 status half-configured locales:all 2.35-0ubuntu3
2022-10-25 21:35:29 status unpacked locales:all 2.35-0ubuntu3
2022-10-25 21:35:29 status half-installed locales:all 2.35-0ubuntu3
2022-10-25 21:35:29 status unpacked locales:all 2.35-0ubuntu3.1
2022-10-25 21:35:29 upgrade logrotate:amd64 3.19.0-1ubuntu1 3.19.0-1ubuntu1.1
2022-10-25 21:35:29 status half-configured logrotate:amd64 3.19.0-1ubuntu1
2022-10-25 21:35:29 status unpacked logrotate:amd64 3.19.0-1ubuntu1
2022-10-25 21:35:29 status half-installed logrotate:amd64 3.19.0-1ubuntu1
2022-10-25 21:35:29 status unpacked logrotate:amd64 3.19.0-1ubuntu1.1
2022-10-25 21:35:29 upgrade python3-gi:amd64 3.42.0-3build1 3.42.1-0ubuntu1
2022-10-25 21:35:29 status half-configured python3-gi:amd64 3.42.0-3build1
2022-10-25 21:35:29 status unpacked python3-gi:amd64 3.42.0-3build1
2022-10-25 21:35:29 status half-installed python3-gi:amd64 3.42.0-3build1
2022-10-25 21:35:29 status unpacked python3-gi:amd64 3.42.1-0ubuntu1
2022-10-25 21:35:29 upgrade networkd-dispatcher:all 2.1-2 2.1-2ubuntu0.22.04.2
2022-10-25 21:35:29 status half-configured networkd-dispatcher:all 2.1-2
2022-10-25 21:35:29 status unpacked networkd-dispatcher:all 2.1-2
2022-10-25 21:35:29 status half-installed networkd-dispatcher:all 2.1-2
2022-10-25 21:35:29 status unpacked networkd-dispatcher:all 2.1-2ubuntu0.22.04.2
2022-10-25 21:35:29 upgrade openssl:amd64 3.0.2-0ubuntu1 3.0.2-0ubuntu1.6
2022-10-25 21:35:29 status half-configured openssl:amd64 3.0.2-0ubuntu1
2022-10-25 21:35:29 status unpacked openssl:amd64 3.0.2-0ubuntu1
2022-10-25 21:35:29 status half-installed openssl:amd64 3.0.2-0ubuntu1
2022-10-25 21:35:29 status unpacked openssl:amd64 3.0.2-0ubuntu1.6
2022-10-25 21:35:29 upgrade python-apt-common:all 2.3.0ubuntu2 2.3.0ubuntu2.1
2022-10-25 21:35:29 status half-configured python-apt-common:all 2.3.0ubuntu2
2022-10-25 21:35:29 status unpacked python-apt-common:all 2.3.0ubuntu2
2022-10-25 21:35:29 status half-installed python-apt-common:all 2.3.0ubuntu2
2022-10-25 21:35:29 status unpacked python-apt-common:all 2.3.0ubuntu2.1
2022-10-25 21:35:29 upgrade python3-apt:amd64 2.3.0ubuntu2 2.3.0ubuntu2.1
2022-10-25 21:35:29 status half-configured python3-apt:amd64 2.3.0ubuntu2
2022-10-25 21:35:29 status unpacked python3-apt:amd64 2.3.0ubuntu2
2022-10-25 21:35:29 status half-installed python3-apt:amd64 2.3.0ubuntu2
2022-10-25 21:35:29 status unpacked python3-apt:amd64 2.3.0ubuntu2.1
2022-10-25 21:35:29 upgrade rsyslog:amd64 8.2112.0-2ubuntu2 8.2112.0-2ubuntu2.2
2022-10-25 21:35:29 status half-configured rsyslog:amd64 8.2112.0-2ubuntu2
2022-10-25 21:35:29 status unpacked rsyslog:amd64 8.2112.0-2ubuntu2
2022-10-25 21:35:29 status half-installed rsyslog:amd64 8.2112.0-2ubuntu2
2022-10-25 21:35:29 status unpacked rsyslog:amd64 8.2112.0-2ubuntu2.2
2022-10-25 21:35:29 upgrade sudo:amd64 1.9.9-1ubuntu2 1.9.9-1ubuntu2.1
2022-10-25 21:35:29 status half-configured sudo:amd64 1.9.9-1ubuntu2
2022-10-25 21:35:29 status unpacked sudo:amd64 1.9.9-1ubuntu2
2022-10-25 21:35:29 status half-installed sudo:amd64 1.9.9-1ubuntu2
2022-10-25 21:35:29 status unpacked sudo:amd64 1.9.9-1ubuntu2.1
2022-10-25 21:35:29 upgrade tzdata:all 2022a-0ubuntu1 2022c-0ubuntu0.22.04.0
2022-10-25 21:35:29 status half-configured tzdata:all 2022a-0ubuntu1
2022-10-25 21:35:29 status unpacked tzdata:all 2022a-0ubuntu1
2022-10-25 21:35:29 status half-installed tzdata:all 2022a-0ubuntu1
2022-10-25 21:35:30 status unpacked tzdata:all 2022c-0ubuntu0.22.04.0
2022-10-25 21:35:30 upgrade ubuntu-advantage-tools:amd64 27.7~22.04.1 27.11.2~22.04.1
2022-10-25 21:35:30 status half-configured ubuntu-advantage-tools:amd64 27.7~22.04.1
2022-10-25 21:35:30 status unpacked ubuntu-advantage-tools:amd64 27.7~22.04.1
2022-10-25 21:35:30 status half-installed ubuntu-advantage-tools:amd64 27.7~22.04.1
2022-10-25 21:35:30 status unpacked ubuntu-advantage-tools:amd64 27.11.2~22.04.1
2022-10-25 21:35:30 upgrade xxd:amd64 2:8.2.3995-1ubuntu2 2:8.2.3995-1ubuntu2.1
2022-10-25 21:35:30 status half-configured xxd:amd64 2:8.2.3995-1ubuntu2
2022-10-25 21:35:30 status unpacked xxd:amd64 2:8.2.3995-1ubuntu2
2022-10-25 21:35:30 status half-installed xxd:amd64 2:8.2.3995-1ubuntu2
2022-10-25 21:35:30 status unpacked xxd:amd64 2:8.2.3995-1ubuntu2.1
2022-10-25 21:35:30 upgrade vim-tiny:amd64 2:8.2.3995-1ubuntu2 2:8.2.3995-1ubuntu2.1
2022-10-25 21:35:30 status half-configured vim-tiny:amd64 2:8.2.3995-1ubuntu2
2022-10-25 21:35:30 status unpacked vim-tiny:amd64 2:8.2.3995-1ubuntu2
2022-10-25 21:35:30 status half-installed vim-tiny:amd64 2:8.2.3995-1ubuntu2
2022-10-25 21:35:30 status unpacked vim-tiny:amd64 2:8.2.3995-1ubuntu2.1
2022-10-25 21:35:30 upgrade vim-common:all 2:8.2.3995-1ubuntu2 2:8.2.3995-1ubuntu2.1
2022-10-25 21:35:30 status half-configured vim-common:all 2:8.2.3995-1ubuntu2
2022-10-25 21:35:30 status unpacked vim-common:all 2:8.2.3995-1ubuntu2
2022-10-25 21:35:30 status half-installed vim-common:all 2:8.2.3995-1ubuntu2
2022-10-25 21:35:30 status unpacked vim-common:all 2:8.2.3995-1ubuntu2.1
2022-10-25 21:35:30 startup packages configure
2022-10-25 21:35:30 configure logrotate:amd64 3.19.0-1ubuntu1.1 <none>
2022-10-25 21:35:30 status unpacked logrotate:amd64 3.19.0-1ubuntu1.1
2022-10-25 21:35:30 status half-configured logrotate:amd64 3.19.0-1ubuntu1.1
2022-10-25 21:35:30 status installed logrotate:amd64 3.19.0-1ubuntu1.1
2022-10-25 21:35:30 configure libapparmor1:amd64 3.0.4-2ubuntu2.1 <none>
2022-10-25 21:35:30 status unpacked libapparmor1:amd64 3.0.4-2ubuntu2.1
2022-10-25 21:35:30 status half-configured libapparmor1:amd64 3.0.4-2ubuntu2.1
2022-10-25 21:35:30 status installed libapparmor1:amd64 3.0.4-2ubuntu2.1
2022-10-25 21:35:30 configure apt-utils:amd64 2.4.8 <none>
2022-10-25 21:35:30 status unpacked apt-utils:amd64 2.4.8
2022-10-25 21:35:30 status half-configured apt-utils:amd64 2.4.8
2022-10-25 21:35:30 status installed apt-utils:amd64 2.4.8
2022-10-25 21:35:30 configure distro-info-data:all 0.52ubuntu0.1 <none>
2022-10-25 21:35:30 status unpacked distro-info-data:all 0.52ubuntu0.1
2022-10-25 21:35:30 status half-configured distro-info-data:all 0.52ubuntu0.1
2022-10-25 21:35:30 status installed distro-info-data:all 0.52ubuntu0.1
2022-10-25 21:35:30 configure rsyslog:amd64 8.2112.0-2ubuntu2.2 <none>
2022-10-25 21:35:30 status unpacked rsyslog:amd64 8.2112.0-2ubuntu2.2
2022-10-25 21:35:30 status half-configured rsyslog:amd64 8.2112.0-2ubuntu2.2
2022-10-25 21:35:30 status installed rsyslog:amd64 8.2112.0-2ubuntu2.2
2022-10-25 21:35:30 configure isc-dhcp-client:amd64 4.4.1-2.3ubuntu2.3 <none>
2022-10-25 21:35:30 status unpacked isc-dhcp-client:amd64 4.4.1-2.3ubuntu2.3
2022-10-25 21:35:30 status half-configured isc-dhcp-client:amd64 4.4.1-2.3ubuntu2.3
2022-10-25 21:35:30 status installed isc-dhcp-client:amd64 4.4.1-2.3ubuntu2.3
2022-10-25 21:35:30 configure libnetplan0:amd64 0.104-0ubuntu2.1 <none>
2022-10-25 21:35:30 status unpacked libnetplan0:amd64 0.104-0ubuntu2.1
2022-10-25 21:35:30 status half-configured libnetplan0:amd64 0.104-0ubuntu2.1
2022-10-25 21:35:30 status installed libnetplan0:amd64 0.104-0ubuntu2.1
2022-10-25 21:35:30 configure locales:all 2.35-0ubuntu3.1 <none>
2022-10-25 21:35:30 status unpacked locales:all 2.35-0ubuntu3.1
2022-10-25 21:35:30 status half-configured locales:all 2.35-0ubuntu3.1
2022-10-25 21:35:31 status installed locales:all 2.35-0ubuntu3.1
2022-10-25 21:35:31 configure xxd:amd64 2:8.2.3995-1ubuntu2.1 <none>
2022-10-25 21:35:31 status unpacked xxd:amd64 2:8.2.3995-1ubuntu2.1
2022-10-25 21:35:31 status half-configured xxd:amd64 2:8.2.3995-1ubuntu2.1
2022-10-25 21:35:31 status installed xxd:amd64 2:8.2.3995-1ubuntu2.1
2022-10-25 21:35:31 configure tzdata:all 2022c-0ubuntu0.22.04.0 <none>
2022-10-25 21:35:31 status unpacked tzdata:all 2022c-0ubuntu0.22.04.0
2022-10-25 21:35:31 status half-configured tzdata:all 2022c-0ubuntu0.22.04.0
2022-10-25 21:35:31 status installed tzdata:all 2022c-0ubuntu0.22.04.0
2022-10-25 21:35:31 configure libpython3.10-stdlib:amd64 3.10.6-1~22.04 <none>
2022-10-25 21:35:31 status unpacked libpython3.10-stdlib:amd64 3.10.6-1~22.04
2022-10-25 21:35:31 status half-configured libpython3.10-stdlib:amd64 3.10.6-1~22.04
2022-10-25 21:35:31 status installed libpython3.10-stdlib:amd64 3.10.6-1~22.04
2022-10-25 21:35:31 configure vim-common:all 2:8.2.3995-1ubuntu2.1 <none>
2022-10-25 21:35:31 status unpacked vim-common:all 2:8.2.3995-1ubuntu2.1
2022-10-25 21:35:31 status half-configured vim-common:all 2:8.2.3995-1ubuntu2.1
2022-10-25 21:35:31 status installed vim-common:all 2:8.2.3995-1ubuntu2.1
2022-10-25 21:35:31 configure libfribidi0:amd64 1.0.8-2ubuntu3.1 <none>
2022-10-25 21:35:31 status unpacked libfribidi0:amd64 1.0.8-2ubuntu3.1
2022-10-25 21:35:31 status half-configured libfribidi0:amd64 1.0.8-2ubuntu3.1
2022-10-25 21:35:31 status installed libfribidi0:amd64 1.0.8-2ubuntu3.1
2022-10-25 21:35:31 configure libss2:amd64 1.46.5-2ubuntu1.1 <none>
2022-10-25 21:35:31 status unpacked libss2:amd64 1.46.5-2ubuntu1.1
2022-10-25 21:35:31 status half-configured libss2:amd64 1.46.5-2ubuntu1.1
2022-10-25 21:35:31 status installed libss2:amd64 1.46.5-2ubuntu1.1
2022-10-25 21:35:31 configure sudo:amd64 1.9.9-1ubuntu2.1 <none>
2022-10-25 21:35:31 status unpacked sudo:amd64 1.9.9-1ubuntu2.1
2022-10-25 21:35:31 status half-configured sudo:amd64 1.9.9-1ubuntu2.1
2022-10-25 21:35:31 status installed sudo:amd64 1.9.9-1ubuntu2.1
2022-10-25 21:35:31 configure logsave:amd64 1.46.5-2ubuntu1.1 <none>
2022-10-25 21:35:31 status unpacked logsave:amd64 1.46.5-2ubuntu1.1
2022-10-25 21:35:31 status half-configured logsave:amd64 1.46.5-2ubuntu1.1
2022-10-25 21:35:31 status installed logsave:amd64 1.46.5-2ubuntu1.1
2022-10-25 21:35:31 configure python-apt-common:all 2.3.0ubuntu2.1 <none>
2022-10-25 21:35:31 status unpacked python-apt-common:all 2.3.0ubuntu2.1
2022-10-25 21:35:31 status half-configured python-apt-common:all 2.3.0ubuntu2.1
2022-10-25 21:35:31 status installed python-apt-common:all 2.3.0ubuntu2.1
2022-10-25 21:35:31 configure isc-dhcp-common:amd64 4.4.1-2.3ubuntu2.3 <none>
2022-10-25 21:35:31 status unpacked isc-dhcp-common:amd64 4.4.1-2.3ubuntu2.3
2022-10-25 21:35:31 status half-configured isc-dhcp-common:amd64 4.4.1-2.3ubuntu2.3
2022-10-25 21:35:31 status installed isc-dhcp-common:amd64 4.4.1-2.3ubuntu2.3
2022-10-25 21:35:31 configure openssl:amd64 3.0.2-0ubuntu1.6 <none>
2022-10-25 21:35:31 status unpacked openssl:amd64 3.0.2-0ubuntu1.6
2022-10-25 21:35:31 status half-configured openssl:amd64 3.0.2-0ubuntu1.6
2022-10-25 21:35:31 status installed openssl:amd64 3.0.2-0ubuntu1.6
2022-10-25 21:35:31 configure libjson-c5:amd64 0.15-3~ubuntu1.22.04.1 <none>
2022-10-25 21:35:31 status unpacked libjson-c5:amd64 0.15-3~ubuntu1.22.04.1
2022-10-25 21:35:31 status half-configured libjson-c5:amd64 0.15-3~ubuntu1.22.04.1
2022-10-25 21:35:31 status installed libjson-c5:amd64 0.15-3~ubuntu1.22.04.1
2022-10-25 21:35:31 configure libxml2:amd64 2.9.13+dfsg-1ubuntu0.1 <none>
2022-10-25 21:35:31 status unpacked libxml2:amd64 2.9.13+dfsg-1ubuntu0.1
2022-10-25 21:35:31 status half-configured libxml2:amd64 2.9.13+dfsg-1ubuntu0.1
2022-10-25 21:35:31 status installed libxml2:amd64 2.9.13+dfsg-1ubuntu0.1
2022-10-25 21:35:31 configure libpython3-stdlib:amd64 3.10.6-1~22.04 <none>
2022-10-25 21:35:31 status unpacked libpython3-stdlib:amd64 3.10.6-1~22.04
2022-10-25 21:35:31 status half-configured libpython3-stdlib:amd64 3.10.6-1~22.04
2022-10-25 21:35:31 status installed libpython3-stdlib:amd64 3.10.6-1~22.04
2022-10-25 21:35:31 configure python3.10:amd64 3.10.6-1~22.04 <none>
2022-10-25 21:35:31 status unpacked python3.10:amd64 3.10.6-1~22.04
2022-10-25 21:35:31 status half-configured python3.10:amd64 3.10.6-1~22.04
2022-10-25 21:35:31 status installed python3.10:amd64 3.10.6-1~22.04
2022-10-25 21:35:31 configure e2fsprogs:amd64 1.46.5-2ubuntu1.1 <none>
2022-10-25 21:35:31 status unpacked e2fsprogs:amd64 1.46.5-2ubuntu1.1
2022-10-25 21:35:31 status half-configured e2fsprogs:amd64 1.46.5-2ubuntu1.1
2022-10-25 21:35:32 status installed e2fsprogs:amd64 1.46.5-2ubuntu1.1
2022-10-25 21:35:32 configure python3:amd64 3.10.6-1~22.04 <none>
2022-10-25 21:35:32 status unpacked python3:amd64 3.10.6-1~22.04
2022-10-25 21:35:32 status half-configured python3:amd64 3.10.6-1~22.04
2022-10-25 21:35:32 status installed python3:amd64 3.10.6-1~22.04
2022-10-25 21:35:32 configure vim-tiny:amd64 2:8.2.3995-1ubuntu2.1 <none>
2022-10-25 21:35:32 status unpacked vim-tiny:amd64 2:8.2.3995-1ubuntu2.1
2022-10-25 21:35:32 status half-configured vim-tiny:amd64 2:8.2.3995-1ubuntu2.1
2022-10-25 21:35:32 status installed vim-tiny:amd64 2:8.2.3995-1ubuntu2.1
2022-10-25 21:35:32 configure python3-gi:amd64 3.42.1-0ubuntu1 <none>
2022-10-25 21:35:32 status unpacked python3-gi:amd64 3.42.1-0ubuntu1
2022-10-25 21:35:32 status half-configured python3-gi:amd64 3.42.1-0ubuntu1
2022-10-25 21:35:32 status installed python3-gi:amd64 3.42.1-0ubuntu1
2022-10-25 21:35:32 configure libcryptsetup12:amd64 2:2.4.3-1ubuntu1.1 <none>
2022-10-25 21:35:32 status unpacked libcryptsetup12:amd64 2:2.4.3-1ubuntu1.1
2022-10-25 21:35:32 status half-configured libcryptsetup12:amd64 2:2.4.3-1ubuntu1.1
2022-10-25 21:35:32 status installed libcryptsetup12:amd64 2:2.4.3-1ubuntu1.1
2022-10-25 21:35:32 configure networkd-dispatcher:all 2.1-2ubuntu0.22.04.2 <none>
2022-10-25 21:35:32 status unpacked networkd-dispatcher:all 2.1-2ubuntu0.22.04.2
2022-10-25 21:35:32 status half-configured networkd-dispatcher:all 2.1-2ubuntu0.22.04.2
2022-10-25 21:35:32 status installed networkd-dispatcher:all 2.1-2ubuntu0.22.04.2
2022-10-25 21:35:32 configure python3-apt:amd64 2.3.0ubuntu2.1 <none>
2022-10-25 21:35:32 status unpacked python3-apt:amd64 2.3.0ubuntu2.1
2022-10-25 21:35:32 status half-configured python3-apt:amd64 2.3.0ubuntu2.1
2022-10-25 21:35:32 status installed python3-apt:amd64 2.3.0ubuntu2.1
2022-10-25 21:35:32 configure systemd:amd64 249.11-0ubuntu3.6 <none>
2022-10-25 21:35:32 status unpacked systemd:amd64 249.11-0ubuntu3.6
2022-10-25 21:35:32 status half-configured systemd:amd64 249.11-0ubuntu3.6
2022-10-25 21:35:32 status installed systemd:amd64 249.11-0ubuntu3.6
2022-10-25 21:35:32 configure netplan.io:amd64 0.104-0ubuntu2.1 <none>
2022-10-25 21:35:32 status unpacked netplan.io:amd64 0.104-0ubuntu2.1
2022-10-25 21:35:32 status half-configured netplan.io:amd64 0.104-0ubuntu2.1
2022-10-25 21:35:32 status installed netplan.io:amd64 0.104-0ubuntu2.1
2022-10-25 21:35:32 configure systemd-timesyncd:amd64 249.11-0ubuntu3.6 <none>
2022-10-25 21:35:32 status unpacked systemd-timesyncd:amd64 249.11-0ubuntu3.6
2022-10-25 21:35:32 status half-configured systemd-timesyncd:amd64 249.11-0ubuntu3.6
2022-10-25 21:35:32 status installed systemd-timesyncd:amd64 249.11-0ubuntu3.6
2022-10-25 21:35:32 configure ubuntu-advantage-tools:amd64 27.11.2~22.04.1 <none>
2022-10-25 21:35:32 status unpacked ubuntu-advantage-tools:amd64 27.11.2~22.04.1
2022-10-25 21:35:32 status half-configured ubuntu-advantage-tools:amd64 27.11.2~22.04.1
2022-10-25 21:35:33 status installed ubuntu-advantage-tools:amd64 27.11.2~22.04.1
2022-10-25 21:35:33 configure systemd-sysv:amd64 249.11-0ubuntu3.6 <none>
2022-10-25 21:35:33 status unpacked systemd-sysv:amd64 249.11-0ubuntu3.6
2022-10-25 21:35:33 status half-configured systemd-sysv:amd64 249.11-0ubuntu3.6
2022-10-25 21:35:33 status installed systemd-sysv:amd64 249.11-0ubuntu3.6
2022-10-25 21:35:33 configure libnss-systemd:amd64 249.11-0ubuntu3.6 <none>
2022-10-25 21:35:33 status unpacked libnss-systemd:amd64 249.11-0ubuntu3.6
2022-10-25 21:35:33 status half-configured libnss-systemd:amd64 249.11-0ubuntu3.6
2022-10-25 21:35:33 status installed libnss-systemd:amd64 249.11-0ubuntu3.6
2022-10-25 21:35:33 configure libpam-systemd:amd64 249.11-0ubuntu3.6 <none>
2022-10-25 21:35:33 status unpacked libpam-systemd:amd64 249.11-0ubuntu3.6
2022-10-25 21:35:33 status half-configured libpam-systemd:amd64 249.11-0ubuntu3.6
2022-10-25 21:35:33 status installed libpam-systemd:amd64 249.11-0ubuntu3.6
2022-10-25 21:35:33 trigproc dbus:amd64 1.12.20-2ubuntu4 <none>
2022-10-25 21:35:33 status half-configured dbus:amd64 1.12.20-2ubuntu4
2022-10-25 21:35:33 status installed dbus:amd64 1.12.20-2ubuntu4
2022-10-25 21:35:33 trigproc libc-bin:amd64 2.35-0ubuntu3.1 <none>
2022-10-25 21:35:33 status half-configured libc-bin:amd64 2.35-0ubuntu3.1
2022-10-25 21:35:33 status installed libc-bin:amd64 2.35-0ubuntu3.1
2022-10-25 21:35:34 startup archives unpack
2022-10-25 21:35:34 upgrade udev:amd64 249.11-0ubuntu3 249.11-0ubuntu3.6
2022-10-25 21:35:34 status half-configured udev:amd64 249.11-0ubuntu3
2022-10-25 21:35:34 status unpacked udev:amd64 249.11-0ubuntu3
2022-10-25 21:35:34 status half-installed udev:amd64 249.11-0ubuntu3
2022-10-25 21:35:34 status unpacked udev:amd64 249.11-0ubuntu3.6
2022-10-25 21:35:34 upgrade libudev1:amd64 249.11-0ubuntu3 249.11-0ubuntu3.6
2022-10-25 21:35:34 status triggers-pending libc-bin:amd64 2.35-0ubuntu3.1
2022-10-25 21:35:34 status half-configured libudev1:amd64 249.11-0ubuntu3
2022-10-25 21:35:34 status unpacked libudev1:amd64 249.11-0ubuntu3
2022-10-25 21:35:34 status half-installed libudev1:amd64 249.11-0ubuntu3
2022-10-25 21:35:34 status unpacked libudev1:amd64 249.11-0ubuntu3.6
2022-10-25 21:35:34 startup packages configure
2022-10-25 21:35:34 configure libudev1:amd64 249.11-0ubuntu3.6 <none>
2022-10-25 21:35:34 status unpacked libudev1:amd64 249.11-0ubuntu3.6
2022-10-25 21:35:34 status half-configured libudev1:amd64 249.11-0ubuntu3.6
2022-10-25 21:35:34 status installed libudev1:amd64 249.11-0ubuntu3.6
2022-10-25 21:35:34 startup archives unpack
2022-10-25 21:35:34 install systemd-hwe-hwdb:all <none> 249.11.1
2022-10-25 21:35:34 status half-installed systemd-hwe-hwdb:all 249.11.1
2022-10-25 21:35:34 status unpacked systemd-hwe-hwdb:all 249.11.1
2022-10-25 21:35:34 startup packages configure
2022-10-25 21:35:34 configure udev:amd64 249.11-0ubuntu3.6 <none>
2022-10-25 21:35:34 status unpacked udev:amd64 249.11-0ubuntu3.6
2022-10-25 21:35:34 status half-configured udev:amd64 249.11-0ubuntu3.6
2022-10-25 21:35:34 status installed udev:amd64 249.11-0ubuntu3.6
2022-10-25 21:35:34 configure systemd-hwe-hwdb:all 249.11.1 <none>
2022-10-25 21:35:34 status unpacked systemd-hwe-hwdb:all 249.11.1
2022-10-25 21:35:34 status half-configured systemd-hwe-hwdb:all 249.11.1
2022-10-25 21:35:34 status installed systemd-hwe-hwdb:all 249.11.1
2022-10-25 21:35:34 trigproc libc-bin:amd64 2.35-0ubuntu3.1 <none>
2022-10-25 21:35:34 status half-configured libc-bin:amd64 2.35-0ubuntu3.1
2022-10-25 21:35:34 status installed libc-bin:amd64 2.35-0ubuntu3.1
2022-10-25 21:35:36 startup archives unpack
2022-10-25 21:35:36 install install-info:amd64 <none> 6.8-4build1
2022-10-25 21:35:36 status half-installed install-info:amd64 6.8-4build1
2022-10-25 21:35:36 status unpacked install-info:amd64 6.8-4build1
2022-10-25 21:35:36 startup packages configure
2022-10-25 21:35:36 configure install-info:amd64 6.8-4build1 <none>
2022-10-25 21:35:36 status unpacked install-info:amd64 6.8-4build1
2022-10-25 21:35:36 status half-configured install-info:amd64 6.8-4build1
2022-10-25 21:35:36 status installed install-info:amd64 6.8-4build1
2022-10-25 21:35:36 startup archives unpack
2022-10-25 21:35:36 install libnuma1:amd64 <none> 2.0.14-3ubuntu2
2022-10-25 21:35:36 status triggers-pending libc-bin:amd64 2.35-0ubuntu3.1
2022-10-25 21:35:36 status half-installed libnuma1:amd64 2.0.14-3ubuntu2
2022-10-25 21:35:36 status unpacked libnuma1:amd64 2.0.14-3ubuntu2
2022-10-25 21:35:36 install irqbalance:amd64 <none> 1.8.0-1build1
2022-10-25 21:35:36 status half-installed irqbalance:amd64 1.8.0-1build1
2022-10-25 21:35:36 status unpacked irqbalance:amd64 1.8.0-1build1
2022-10-25 21:35:36 install libfuse3-3:amd64 <none> 3.10.5-1build1
2022-10-25 21:35:36 status half-installed libfuse3-3:amd64 3.10.5-1build1
2022-10-25 21:35:36 status unpacked libfuse3-3:amd64 3.10.5-1build1
2022-10-25 21:35:36 install fuse3:amd64 <none> 3.10.5-1build1
2022-10-25 21:35:36 status half-installed fuse3:amd64 3.10.5-1build1
2022-10-25 21:35:36 status unpacked fuse3:amd64 3.10.5-1build1
2022-10-25 21:35:36 install libntfs-3g89:amd64 <none> 1:2021.8.22-3ubuntu1.1
2022-10-25 21:35:36 status half-installed libntfs-3g89:amd64 1:2021.8.22-3ubuntu1.1
2022-10-25 21:35:36 status unpacked libntfs-3g89:amd64 1:2021.8.22-3ubuntu1.1
2022-10-25 21:35:36 startup packages configure
2022-10-25 21:35:36 configure libfuse3-3:amd64 3.10.5-1build1 <none>
2022-10-25 21:35:36 status unpacked libfuse3-3:amd64 3.10.5-1build1
2022-10-25 21:35:36 status half-configured libfuse3-3:amd64 3.10.5-1build1
2022-10-25 21:35:36 status installed libfuse3-3:amd64 3.10.5-1build1
2022-10-25 21:35:36 configure fuse3:amd64 3.10.5-1build1 <none>
2022-10-25 21:35:36 status unpacked fuse3:amd64 3.10.5-1build1
2022-10-25 21:35:36 status half-configured fuse3:amd64 3.10.5-1build1
2022-10-25 21:35:36 status installed fuse3:amd64 3.10.5-1build1
2022-10-25 21:35:36 startup archives unpack
2022-10-25 21:35:36 install ntfs-3g:amd64 <none> 1:2021.8.22-3ubuntu1.1
2022-10-25 21:35:36 status half-installed ntfs-3g:amd64 1:2021.8.22-3ubuntu1.1
2022-10-25 21:35:36 status unpacked ntfs-3g:amd64 1:2021.8.22-3ubuntu1.1
2022-10-25 21:35:36 install rsync:amd64 <none> 3.2.3-8ubuntu3
2022-10-25 21:35:36 status half-installed rsync:amd64 3.2.3-8ubuntu3
2022-10-25 21:35:36 status unpacked rsync:amd64 3.2.3-8ubuntu3
2022-10-25 21:35:36 install uuid-runtime:amd64 <none> 2.37.2-4ubuntu3
2022-10-25 21:35:36 status half-installed uuid-runtime:amd64 2.37.2-4ubuntu3
2022-10-25 21:35:36 status unpacked uuid-runtime:amd64 2.37.2-4ubuntu3
2022-10-25 21:35:36 install libmpfr6:amd64 <none> 4.1.0-3build3
2022-10-25 21:35:36 status half-installed libmpfr6:amd64 4.1.0-3build3
2022-10-25 21:35:36 status unpacked libmpfr6:amd64 4.1.0-3build3
2022-10-25 21:35:36 install libsigsegv2:amd64 <none> 2.13-1ubuntu3
2022-10-25 21:35:36 status half-installed libsigsegv2:amd64 2.13-1ubuntu3
2022-10-25 21:35:36 status unpacked libsigsegv2:amd64 2.13-1ubuntu3
2022-10-25 21:35:36 startup packages configure
2022-10-25 21:35:36 configure libmpfr6:amd64 4.1.0-3build3 <none>
2022-10-25 21:35:36 status unpacked libmpfr6:amd64 4.1.0-3build3
2022-10-25 21:35:36 status half-configured libmpfr6:amd64 4.1.0-3build3
2022-10-25 21:35:36 status installed libmpfr6:amd64 4.1.0-3build3
2022-10-25 21:35:36 configure libsigsegv2:amd64 2.13-1ubuntu3 <none>
2022-10-25 21:35:36 status unpacked libsigsegv2:amd64 2.13-1ubuntu3
2022-10-25 21:35:36 status half-configured libsigsegv2:amd64 2.13-1ubuntu3
2022-10-25 21:35:36 status installed libsigsegv2:amd64 2.13-1ubuntu3
2022-10-25 21:35:36 startup archives unpack
2022-10-25 21:35:36 install gawk:amd64 <none> 1:5.1.0-1build3
2022-10-25 21:35:36 status half-installed gawk:amd64 1:5.1.0-1build3
2022-10-25 21:35:36 status unpacked gawk:amd64 1:5.1.0-1build3
2022-10-25 21:35:36 install perl-modules-5.34:all <none> 5.34.0-3ubuntu1.1
2022-10-25 21:35:36 status half-installed perl-modules-5.34:all 5.34.0-3ubuntu1.1
2022-10-25 21:35:36 status unpacked perl-modules-5.34:all 5.34.0-3ubuntu1.1
2022-10-25 21:35:36 install libgdbm6:amd64 <none> 1.23-1
2022-10-25 21:35:36 status half-installed libgdbm6:amd64 1.23-1
2022-10-25 21:35:36 status unpacked libgdbm6:amd64 1.23-1
2022-10-25 21:35:36 install libgdbm-compat4:amd64 <none> 1.23-1
2022-10-25 21:35:36 status half-installed libgdbm-compat4:amd64 1.23-1
2022-10-25 21:35:36 status unpacked libgdbm-compat4:amd64 1.23-1
2022-10-25 21:35:36 install libperl5.34:amd64 <none> 5.34.0-3ubuntu1.1
2022-10-25 21:35:36 status half-installed libperl5.34:amd64 5.34.0-3ubuntu1.1
2022-10-25 21:35:36 status unpacked libperl5.34:amd64 5.34.0-3ubuntu1.1
2022-10-25 21:35:36 install perl:amd64 <none> 5.34.0-3ubuntu1.1
2022-10-25 21:35:36 status half-installed perl:amd64 5.34.0-3ubuntu1.1
2022-10-25 21:35:36 status unpacked perl:amd64 5.34.0-3ubuntu1.1
2022-10-25 21:35:36 install apparmor:amd64 <none> 3.0.4-2ubuntu2.1
2022-10-25 21:35:36 status half-installed apparmor:amd64 3.0.4-2ubuntu2.1
2022-10-25 21:35:37 status unpacked apparmor:amd64 3.0.4-2ubuntu2.1
2022-10-25 21:35:37 install bash-completion:all <none> 1:2.11-5ubuntu1
2022-10-25 21:35:37 status half-installed bash-completion:all 1:2.11-5ubuntu1
2022-10-25 21:35:37 status unpacked bash-completion:all 1:2.11-5ubuntu1
2022-10-25 21:35:37 install liblmdb0:amd64 <none> 0.9.24-1build2
2022-10-25 21:35:37 status half-installed liblmdb0:amd64 0.9.24-1build2
2022-10-25 21:35:37 status unpacked liblmdb0:amd64 0.9.24-1build2
2022-10-25 21:35:37 install libmaxminddb0:amd64 <none> 1.5.2-1build2
2022-10-25 21:35:37 status half-installed libmaxminddb0:amd64 1.5.2-1build2
2022-10-25 21:35:37 status unpacked libmaxminddb0:amd64 1.5.2-1build2
2022-10-25 21:35:37 install libnghttp2-14:amd64 <none> 1.43.0-1build3
2022-10-25 21:35:37 status half-installed libnghttp2-14:amd64 1.43.0-1build3
2022-10-25 21:35:37 status unpacked libnghttp2-14:amd64 1.43.0-1build3
2022-10-25 21:35:37 install libuv1:amd64 <none> 1.43.0-1
2022-10-25 21:35:37 status half-installed libuv1:amd64 1.43.0-1
2022-10-25 21:35:37 status unpacked libuv1:amd64 1.43.0-1
2022-10-25 21:35:37 install bind9-libs:amd64 <none> 1:9.18.1-1ubuntu1.2
2022-10-25 21:35:37 status half-installed bind9-libs:amd64 1:9.18.1-1ubuntu1.2
2022-10-25 21:35:37 status unpacked bind9-libs:amd64 1:9.18.1-1ubuntu1.2
2022-10-25 21:35:37 install bind9-host:amd64 <none> 1:9.18.1-1ubuntu1.2
2022-10-25 21:35:37 status half-installed bind9-host:amd64 1:9.18.1-1ubuntu1.2
2022-10-25 21:35:37 status unpacked bind9-host:amd64 1:9.18.1-1ubuntu1.2
2022-10-25 21:35:37 install libedit2:amd64 <none> 3.1-20210910-1build1
2022-10-25 21:35:37 status half-installed libedit2:amd64 3.1-20210910-1build1
2022-10-25 21:35:37 status unpacked libedit2:amd64 3.1-20210910-1build1
2022-10-25 21:35:37 install bind9-dnsutils:amd64 <none> 1:9.18.1-1ubuntu1.2
2022-10-25 21:35:37 status half-installed bind9-dnsutils:amd64 1:9.18.1-1ubuntu1.2
2022-10-25 21:35:37 status unpacked bind9-dnsutils:amd64 1:9.18.1-1ubuntu1.2
2022-10-25 21:35:37 install bsdextrautils:amd64 <none> 2.37.2-4ubuntu3
2022-10-25 21:35:37 status half-installed bsdextrautils:amd64 2.37.2-4ubuntu3
2022-10-25 21:35:37 status unpacked bsdextrautils:amd64 2.37.2-4ubuntu3
2022-10-25 21:35:37 install busybox-static:amd64 <none> 1:1.30.1-7ubuntu3
2022-10-25 21:35:37 status half-installed busybox-static:amd64 1:1.30.1-7ubuntu3
2022-10-25 21:35:37 status unpacked busybox-static:amd64 1:1.30.1-7ubuntu3
2022-10-25 21:35:37 install python3-gdbm:amd64 <none> 3.10.6-1~22.04
2022-10-25 21:35:37 status half-installed python3-gdbm:amd64 3.10.6-1~22.04
2022-10-25 21:35:37 status unpacked python3-gdbm:amd64 3.10.6-1~22.04
2022-10-25 21:35:37 install python3-commandnotfound:all <none> 22.04.0
2022-10-25 21:35:37 status half-installed python3-commandnotfound:all 22.04.0
2022-10-25 21:35:37 status unpacked python3-commandnotfound:all 22.04.0
2022-10-25 21:35:37 install command-not-found:all <none> 22.04.0
2022-10-25 21:35:37 status half-installed command-not-found:all 22.04.0
2022-10-25 21:35:37 status unpacked command-not-found:all 22.04.0
2022-10-25 21:35:37 install cpio:amd64 <none> 2.13+dfsg-7
2022-10-25 21:35:37 status half-installed cpio:amd64 2.13+dfsg-7
2022-10-25 21:35:37 status unpacked cpio:amd64 2.13+dfsg-7
2022-10-25 21:35:37 install dmidecode:amd64 <none> 3.3-3ubuntu0.1
2022-10-25 21:35:37 status half-installed dmidecode:amd64 3.3-3ubuntu0.1
2022-10-25 21:35:37 status unpacked dmidecode:amd64 3.3-3ubuntu0.1
2022-10-25 21:35:37 install dosfstools:amd64 <none> 4.2-1build3
2022-10-25 21:35:37 status half-installed dosfstools:amd64 4.2-1build3
2022-10-25 21:35:37 status unpacked dosfstools:amd64 4.2-1build3
2022-10-25 21:35:37 install ed:amd64 <none> 1.18-1
2022-10-25 21:35:37 status half-installed ed:amd64 1.18-1
2022-10-25 21:35:37 status triggers-pending install-info:amd64 6.8-4build1
2022-10-25 21:35:37 status unpacked ed:amd64 1.18-1
2022-10-25 21:35:37 install libmagic-mgc:amd64 <none> 1:5.41-3
2022-10-25 21:35:37 status half-installed libmagic-mgc:amd64 1:5.41-3
2022-10-25 21:35:37 status unpacked libmagic-mgc:amd64 1:5.41-3
2022-10-25 21:35:37 install libmagic1:amd64 <none> 1:5.41-3
2022-10-25 21:35:37 status half-installed libmagic1:amd64 1:5.41-3
2022-10-25 21:35:37 status unpacked libmagic1:amd64 1:5.41-3
2022-10-25 21:35:37 install file:amd64 <none> 1:5.41-3
2022-10-25 21:35:37 status half-installed file:amd64 1:5.41-3
2022-10-25 21:35:37 status unpacked file:amd64 1:5.41-3
2022-10-25 21:35:37 install friendly-recovery:all <none> 0.2.42
2022-10-25 21:35:37 status half-installed friendly-recovery:all 0.2.42
2022-10-25 21:35:37 status unpacked friendly-recovery:all 0.2.42
2022-10-25 21:35:37 install tnftp:amd64 <none> 20210827-4build1
2022-10-25 21:35:37 status half-installed tnftp:amd64 20210827-4build1
2022-10-25 21:35:37 status unpacked tnftp:amd64 20210827-4build1
2022-10-25 21:35:37 install ftp:all <none> 20210827-4build1
2022-10-25 21:35:37 status half-installed ftp:all 20210827-4build1
2022-10-25 21:35:37 status unpacked ftp:all 20210827-4build1
2022-10-25 21:35:37 install gettext-base:amd64 <none> 0.21-4ubuntu4
2022-10-25 21:35:37 status half-installed gettext-base:amd64 0.21-4ubuntu4
2022-10-25 21:35:37 status unpacked gettext-base:amd64 0.21-4ubuntu4
2022-10-25 21:35:37 install libuchardet0:amd64 <none> 0.0.7-1build2
2022-10-25 21:35:37 status half-installed libuchardet0:amd64 0.0.7-1build2
2022-10-25 21:35:37 status unpacked libuchardet0:amd64 0.0.7-1build2
2022-10-25 21:35:37 install groff-base:amd64 <none> 1.22.4-8build1
2022-10-25 21:35:37 status half-installed groff-base:amd64 1.22.4-8build1
2022-10-25 21:35:37 status unpacked groff-base:amd64 1.22.4-8build1
2022-10-25 21:35:37 install hdparm:amd64 <none> 9.60+ds-1build3
2022-10-25 21:35:37 status half-installed hdparm:amd64 9.60+ds-1build3
2022-10-25 21:35:37 status unpacked hdparm:amd64 9.60+ds-1build3
2022-10-25 21:35:37 install info:amd64 <none> 6.8-4build1
2022-10-25 21:35:37 status half-installed info:amd64 6.8-4build1
2022-10-25 21:35:37 status unpacked info:amd64 6.8-4build1
2022-10-25 21:35:37 install libip6tc2:amd64 <none> 1.8.7-1ubuntu5
2022-10-25 21:35:37 status half-installed libip6tc2:amd64 1.8.7-1ubuntu5
2022-10-25 21:35:37 status unpacked libip6tc2:amd64 1.8.7-1ubuntu5
2022-10-25 21:35:37 install libnfnetlink0:amd64 <none> 1.0.1-3build3
2022-10-25 21:35:37 status half-installed libnfnetlink0:amd64 1.0.1-3build3
2022-10-25 21:35:37 status unpacked libnfnetlink0:amd64 1.0.1-3build3
2022-10-25 21:35:37 install libnetfilter-conntrack3:amd64 <none> 1.0.9-1
2022-10-25 21:35:37 status half-installed libnetfilter-conntrack3:amd64 1.0.9-1
2022-10-25 21:35:37 status unpacked libnetfilter-conntrack3:amd64 1.0.9-1
2022-10-25 21:35:37 install libnftnl11:amd64 <none> 1.2.1-1build1
2022-10-25 21:35:37 status half-installed libnftnl11:amd64 1.2.1-1build1
2022-10-25 21:35:37 status unpacked libnftnl11:amd64 1.2.1-1build1
2022-10-25 21:35:37 install iptables:amd64 <none> 1.8.7-1ubuntu5
2022-10-25 21:35:37 status half-installed iptables:amd64 1.8.7-1ubuntu5
2022-10-25 21:35:37 status unpacked iptables:amd64 1.8.7-1ubuntu5
2022-10-25 21:35:37 install iputils-tracepath:amd64 <none> 3:20211215-1
2022-10-25 21:35:37 status half-installed iputils-tracepath:amd64 3:20211215-1
2022-10-25 21:35:37 status unpacked iputils-tracepath:amd64 3:20211215-1
2022-10-25 21:35:37 install libcbor0.8:amd64 <none> 0.8.0-2ubuntu1
2022-10-25 21:35:37 status half-installed libcbor0.8:amd64 0.8.0-2ubuntu1
2022-10-25 21:35:37 status unpacked libcbor0.8:amd64 0.8.0-2ubuntu1
2022-10-25 21:35:37 install libdrm-common:all <none> 2.4.110-1ubuntu1
2022-10-25 21:35:37 status half-installed libdrm-common:all 2.4.110-1ubuntu1
2022-10-25 21:35:37 status unpacked libdrm-common:all 2.4.110-1ubuntu1
2022-10-25 21:35:38 install libdrm2:amd64 <none> 2.4.110-1ubuntu1
2022-10-25 21:35:38 status half-installed libdrm2:amd64 2.4.110-1ubuntu1
2022-10-25 21:35:38 status unpacked libdrm2:amd64 2.4.110-1ubuntu1
2022-10-25 21:35:38 install libfido2-1:amd64 <none> 1.10.0-1
2022-10-25 21:35:38 status half-installed libfido2-1:amd64 1.10.0-1
2022-10-25 21:35:38 status unpacked libfido2-1:amd64 1.10.0-1
2022-10-25 21:35:38 install libjansson4:amd64 <none> 2.13.1-1.1build3
2022-10-25 21:35:38 status half-installed libjansson4:amd64 2.13.1-1.1build3
2022-10-25 21:35:38 status unpacked libjansson4:amd64 2.13.1-1.1build3
2022-10-25 21:35:38 install libnftables1:amd64 <none> 1.0.2-1ubuntu3
2022-10-25 21:35:38 status half-installed libnftables1:amd64 1.0.2-1ubuntu3
2022-10-25 21:35:38 status unpacked libnftables1:amd64 1.0.2-1ubuntu3
2022-10-25 21:35:38 install libparted2:amd64 <none> 3.4-2build1
2022-10-25 21:35:38 status half-installed libparted2:amd64 3.4-2build1
2022-10-25 21:35:38 status unpacked libparted2:amd64 3.4-2build1
2022-10-25 21:35:38 install libpcap0.8:amd64 <none> 1.10.1-4build1
2022-10-25 21:35:38 status half-installed libpcap0.8:amd64 1.10.1-4build1
2022-10-25 21:35:38 status unpacked libpcap0.8:amd64 1.10.1-4build1
2022-10-25 21:35:38 install pci.ids:all <none> 0.0~2022.01.22-1
2022-10-25 21:35:38 status half-installed pci.ids:all 0.0~2022.01.22-1
2022-10-25 21:35:38 status unpacked pci.ids:all 0.0~2022.01.22-1
2022-10-25 21:35:38 install libpci3:amd64 <none> 1:3.7.0-6
2022-10-25 21:35:38 status half-installed libpci3:amd64 1:3.7.0-6
2022-10-25 21:35:38 status unpacked libpci3:amd64 1:3.7.0-6
2022-10-25 21:35:38 install libpipeline1:amd64 <none> 1.5.5-1
2022-10-25 21:35:38 status half-installed libpipeline1:amd64 1.5.5-1
2022-10-25 21:35:38 status unpacked libpipeline1:amd64 1.5.5-1
2022-10-25 21:35:38 install libpng16-16:amd64 <none> 1.6.37-3build5
2022-10-25 21:35:38 status half-installed libpng16-16:amd64 1.6.37-3build5
2022-10-25 21:35:38 status unpacked libpng16-16:amd64 1.6.37-3build5
2022-10-25 21:35:38 install libplymouth5:amd64 <none> 0.9.5+git20211018-1ubuntu3
2022-10-25 21:35:38 status half-installed libplymouth5:amd64 0.9.5+git20211018-1ubuntu3
2022-10-25 21:35:38 status unpacked libplymouth5:amd64 0.9.5+git20211018-1ubuntu3
2022-10-25 21:35:38 install libpsl5:amd64 <none> 0.21.0-1.2build2
2022-10-25 21:35:38 status half-installed libpsl5:amd64 0.21.0-1.2build2
2022-10-25 21:35:38 status unpacked libpsl5:amd64 0.21.0-1.2build2
2022-10-25 21:35:38 install libusb-1.0-0:amd64 <none> 2:1.0.25-1ubuntu2
2022-10-25 21:35:38 status half-installed libusb-1.0-0:amd64 2:1.0.25-1ubuntu2
2022-10-25 21:35:38 status unpacked libusb-1.0-0:amd64 2:1.0.25-1ubuntu2
2022-10-25 21:35:38 install libxau6:amd64 <none> 1:1.0.9-1build5
2022-10-25 21:35:38 status half-installed libxau6:amd64 1:1.0.9-1build5
2022-10-25 21:35:38 status unpacked libxau6:amd64 1:1.0.9-1build5
2022-10-25 21:35:38 install libxdmcp6:amd64 <none> 1:1.1.3-0ubuntu5
2022-10-25 21:35:38 status half-installed libxdmcp6:amd64 1:1.1.3-0ubuntu5
2022-10-25 21:35:38 status unpacked libxdmcp6:amd64 1:1.1.3-0ubuntu5
2022-10-25 21:35:38 install libxcb1:amd64 <none> 1.14-3ubuntu3
2022-10-25 21:35:38 status half-installed libxcb1:amd64 1.14-3ubuntu3
2022-10-25 21:35:38 status unpacked libxcb1:amd64 1.14-3ubuntu3
2022-10-25 21:35:38 install libx11-data:all <none> 2:1.7.5-1
2022-10-25 21:35:38 status half-installed libx11-data:all 2:1.7.5-1
2022-10-25 21:35:38 status unpacked libx11-data:all 2:1.7.5-1
2022-10-25 21:35:38 install libx11-6:amd64 <none> 2:1.7.5-1
2022-10-25 21:35:38 status half-installed libx11-6:amd64 2:1.7.5-1
2022-10-25 21:35:38 status unpacked libx11-6:amd64 2:1.7.5-1
2022-10-25 21:35:38 install libxext6:amd64 <none> 2:1.3.4-1build1
2022-10-25 21:35:38 status half-installed libxext6:amd64 2:1.3.4-1build1
2022-10-25 21:35:38 status unpacked libxext6:amd64 2:1.3.4-1build1
2022-10-25 21:35:38 install libxmuu1:amd64 <none> 2:1.1.3-3
2022-10-25 21:35:38 status half-installed libxmuu1:amd64 2:1.1.3-3
2022-10-25 21:35:38 status unpacked libxmuu1:amd64 2:1.1.3-3
2022-10-25 21:35:38 install lshw:amd64 <none> 02.19.git.2021.06.19.996aaad9c7-2build1
2022-10-25 21:35:38 status half-installed lshw:amd64 02.19.git.2021.06.19.996aaad9c7-2build1
2022-10-25 21:35:38 status unpacked lshw:amd64 02.19.git.2021.06.19.996aaad9c7-2build1
2022-10-25 21:35:38 install lsof:amd64 <none> 4.93.2+dfsg-1.1build2
2022-10-25 21:35:38 status half-installed lsof:amd64 4.93.2+dfsg-1.1build2
2022-10-25 21:35:38 status unpacked lsof:amd64 4.93.2+dfsg-1.1build2
2022-10-25 21:35:38 install man-db:amd64 <none> 2.10.2-1
2022-10-25 21:35:38 status half-installed man-db:amd64 2.10.2-1
2022-10-25 21:35:38 status unpacked man-db:amd64 2.10.2-1
2022-10-25 21:35:38 install manpages:all <none> 5.10-1ubuntu1
2022-10-25 21:35:38 status half-installed manpages:all 5.10-1ubuntu1
2022-10-25 21:35:38 status unpacked manpages:all 5.10-1ubuntu1
2022-10-25 21:35:38 install mtr-tiny:amd64 <none> 0.95-1
2022-10-25 21:35:38 status half-installed mtr-tiny:amd64 0.95-1
2022-10-25 21:35:38 status unpacked mtr-tiny:amd64 0.95-1
2022-10-25 21:35:38 install nano:amd64 <none> 6.2-1
2022-10-25 21:35:38 status half-installed nano:amd64 6.2-1
2022-10-25 21:35:38 status unpacked nano:amd64 6.2-1
2022-10-25 21:35:38 install nftables:amd64 <none> 1.0.2-1ubuntu3
2022-10-25 21:35:38 status half-installed nftables:amd64 1.0.2-1ubuntu3
2022-10-25 21:35:38 status unpacked nftables:amd64 1.0.2-1ubuntu3
2022-10-25 21:35:38 install openssh-client:amd64 <none> 1:8.9p1-3
2022-10-25 21:35:38 status half-installed openssh-client:amd64 1:8.9p1-3
2022-10-25 21:35:38 status unpacked openssh-client:amd64 1:8.9p1-3
2022-10-25 21:35:38 install parted:amd64 <none> 3.4-2build1
2022-10-25 21:35:38 status half-installed parted:amd64 3.4-2build1
2022-10-25 21:35:38 status unpacked parted:amd64 3.4-2build1
2022-10-25 21:35:38 install pciutils:amd64 <none> 1:3.7.0-6
2022-10-25 21:35:38 status half-installed pciutils:amd64 1:3.7.0-6
2022-10-25 21:35:38 status unpacked pciutils:amd64 1:3.7.0-6
2022-10-25 21:35:38 install plymouth:amd64 <none> 0.9.5+git20211018-1ubuntu3
2022-10-25 21:35:38 status half-installed plymouth:amd64 0.9.5+git20211018-1ubuntu3
2022-10-25 21:35:38 status unpacked plymouth:amd64 0.9.5+git20211018-1ubuntu3
2022-10-25 21:35:38 install plymouth-theme-ubuntu-text:amd64 <none> 0.9.5+git20211018-1ubuntu3
2022-10-25 21:35:38 status half-installed plymouth-theme-ubuntu-text:amd64 0.9.5+git20211018-1ubuntu3
2022-10-25 21:35:38 status unpacked plymouth-theme-ubuntu-text:amd64 0.9.5+git20211018-1ubuntu3
2022-10-25 21:35:38 install powermgmt-base:all <none> 1.36
2022-10-25 21:35:38 status half-installed powermgmt-base:all 1.36
2022-10-25 21:35:38 status unpacked powermgmt-base:all 1.36
2022-10-25 21:35:38 install psmisc:amd64 <none> 23.4-2build3
2022-10-25 21:35:38 status half-installed psmisc:amd64 23.4-2build3
2022-10-25 21:35:38 status unpacked psmisc:amd64 23.4-2build3
2022-10-25 21:35:38 install publicsuffix:all <none> 20211207.1025-1
2022-10-25 21:35:38 status half-installed publicsuffix:all 20211207.1025-1
2022-10-25 21:35:38 status unpacked publicsuffix:all 20211207.1025-1
2022-10-25 21:35:38 install python3-distro-info:all <none> 1.1build1
2022-10-25 21:35:38 status half-installed python3-distro-info:all 1.1build1
2022-10-25 21:35:38 status unpacked python3-distro-info:all 1.1build1
2022-10-25 21:35:38 install python3-update-manager:all <none> 1:22.04.9
2022-10-25 21:35:38 status half-installed python3-update-manager:all 1:22.04.9
2022-10-25 21:35:38 status unpacked python3-update-manager:all 1:22.04.9
2022-10-25 21:35:38 install python3-distupgrade:all <none> 1:22.04.14
2022-10-25 21:35:38 status half-installed python3-distupgrade:all 1:22.04.14
2022-10-25 21:35:38 status unpacked python3-distupgrade:all 1:22.04.14
2022-10-25 21:35:38 install libunwind8:amd64 <none> 1.3.2-2build2
2022-10-25 21:35:38 status half-installed libunwind8:amd64 1.3.2-2build2
2022-10-25 21:35:38 status unpacked libunwind8:amd64 1.3.2-2build2
2022-10-25 21:35:38 install strace:amd64 <none> 5.16-0ubuntu3
2022-10-25 21:35:38 status half-installed strace:amd64 5.16-0ubuntu3
2022-10-25 21:35:39 status unpacked strace:amd64 5.16-0ubuntu3
2022-10-25 21:35:39 install tcpdump:amd64 <none> 4.99.1-3build2
2022-10-25 21:35:39 status half-installed tcpdump:amd64 4.99.1-3build2
2022-10-25 21:35:39 status unpacked tcpdump:amd64 4.99.1-3build2
2022-10-25 21:35:39 install telnet:amd64 <none> 0.17-44build1
2022-10-25 21:35:39 status half-installed telnet:amd64 0.17-44build1
2022-10-25 21:35:39 status unpacked telnet:amd64 0.17-44build1
2022-10-25 21:35:39 install time:amd64 <none> 1.9-0.1build2
2022-10-25 21:35:39 status half-installed time:amd64 1.9-0.1build2
2022-10-25 21:35:39 status unpacked time:amd64 1.9-0.1build2
2022-10-25 21:35:39 install ubuntu-release-upgrader-core:all <none> 1:22.04.14
2022-10-25 21:35:39 status half-installed ubuntu-release-upgrader-core:all 1:22.04.14
2022-10-25 21:35:39 status unpacked ubuntu-release-upgrader-core:all 1:22.04.14
2022-10-25 21:35:39 install usbutils:amd64 <none> 1:014-1build1
2022-10-25 21:35:39 status half-installed usbutils:amd64 1:014-1build1
2022-10-25 21:35:39 status unpacked usbutils:amd64 1:014-1build1
2022-10-25 21:35:39 install wget:amd64 <none> 1.21.2-2ubuntu1
2022-10-25 21:35:39 status half-installed wget:amd64 1.21.2-2ubuntu1
2022-10-25 21:35:39 status unpacked wget:amd64 1.21.2-2ubuntu1
2022-10-25 21:35:39 install xz-utils:amd64 <none> 5.2.5-2ubuntu1
2022-10-25 21:35:39 status half-installed xz-utils:amd64 5.2.5-2ubuntu1
2022-10-25 21:35:39 status unpacked xz-utils:amd64 5.2.5-2ubuntu1
2022-10-25 21:35:39 install ubuntu-standard:amd64 <none> 1.481
2022-10-25 21:35:39 status half-installed ubuntu-standard:amd64 1.481
2022-10-25 21:35:39 status unpacked ubuntu-standard:amd64 1.481
2022-10-25 21:35:39 install ufw:all <none> 0.36.1-4build1
2022-10-25 21:35:39 status half-installed ufw:all 0.36.1-4build1
2022-10-25 21:35:39 status triggers-pending rsyslog:amd64 8.2112.0-2ubuntu2.2
2022-10-25 21:35:39 status unpacked ufw:all 0.36.1-4build1
2022-10-25 21:35:39 install update-manager-core:all <none> 1:22.04.9
2022-10-25 21:35:39 status half-installed update-manager-core:all 1:22.04.9
2022-10-25 21:35:39 status unpacked update-manager-core:all 1:22.04.9
2022-10-25 21:35:39 install usb.ids:all <none> 2022.04.02-1
2022-10-25 21:35:39 status half-installed usb.ids:all 2022.04.02-1
2022-10-25 21:35:39 status unpacked usb.ids:all 2022.04.02-1
2022-10-25 21:35:39 install xauth:amd64 <none> 1:1.1-1build2
2022-10-25 21:35:39 status half-installed xauth:amd64 1:1.1-1build2
2022-10-25 21:35:39 status unpacked xauth:amd64 1:1.1-1build2
2022-10-25 21:35:39 install python3-pyparsing:all <none> 2.4.7-1
2022-10-25 21:35:39 status half-installed python3-pyparsing:all 2.4.7-1
2022-10-25 21:35:39 status unpacked python3-pyparsing:all 2.4.7-1
2022-10-25 21:35:39 install python3-httplib2:all <none> 0.20.2-2
2022-10-25 21:35:39 status half-installed python3-httplib2:all 0.20.2-2
2022-10-25 21:35:39 status unpacked python3-httplib2:all 0.20.2-2
2022-10-25 21:35:39 install python3-problem-report:all <none> 2.20.11-0ubuntu82.1
2022-10-25 21:35:39 status half-installed python3-problem-report:all 2.20.11-0ubuntu82.1
2022-10-25 21:35:39 status unpacked python3-problem-report:all 2.20.11-0ubuntu82.1
2022-10-25 21:35:39 install python3-more-itertools:all <none> 8.10.0-2
2022-10-25 21:35:39 status half-installed python3-more-itertools:all 8.10.0-2
2022-10-25 21:35:39 status unpacked python3-more-itertools:all 8.10.0-2
2022-10-25 21:35:39 install python3-zipp:all <none> 1.0.0-3
2022-10-25 21:35:39 status half-installed python3-zipp:all 1.0.0-3
2022-10-25 21:35:39 status unpacked python3-zipp:all 1.0.0-3
2022-10-25 21:35:39 install python3-importlib-metadata:all <none> 4.6.4-1
2022-10-25 21:35:39 status half-installed python3-importlib-metadata:all 4.6.4-1
2022-10-25 21:35:39 status unpacked python3-importlib-metadata:all 4.6.4-1
2022-10-25 21:35:39 install python3-jeepney:all <none> 0.7.1-3
2022-10-25 21:35:39 status half-installed python3-jeepney:all 0.7.1-3
2022-10-25 21:35:39 status unpacked python3-jeepney:all 0.7.1-3
2022-10-25 21:35:39 install python3-cffi-backend:amd64 <none> 1.15.0-1build2
2022-10-25 21:35:39 status half-installed python3-cffi-backend:amd64 1.15.0-1build2
2022-10-25 21:35:39 status unpacked python3-cffi-backend:amd64 1.15.0-1build2
2022-10-25 21:35:39 install python3-cryptography:amd64 <none> 3.4.8-1ubuntu2
2022-10-25 21:35:39 status half-installed python3-cryptography:amd64 3.4.8-1ubuntu2
2022-10-25 21:35:39 status unpacked python3-cryptography:amd64 3.4.8-1ubuntu2
2022-10-25 21:35:39 install python3-secretstorage:all <none> 3.3.1-1
2022-10-25 21:35:39 status half-installed python3-secretstorage:all 3.3.1-1
2022-10-25 21:35:39 status unpacked python3-secretstorage:all 3.3.1-1
2022-10-25 21:35:39 install python3-keyring:all <none> 23.5.0-1
2022-10-25 21:35:39 status half-installed python3-keyring:all 23.5.0-1
2022-10-25 21:35:39 status unpacked python3-keyring:all 23.5.0-1
2022-10-25 21:35:39 install python3-lazr.uri:all <none> 1.0.6-2
2022-10-25 21:35:39 status half-installed python3-lazr.uri:all 1.0.6-2
2022-10-25 21:35:39 status unpacked python3-lazr.uri:all 1.0.6-2
2022-10-25 21:35:39 install python3-wadllib:all <none> 1.3.6-1
2022-10-25 21:35:39 status half-installed python3-wadllib:all 1.3.6-1
2022-10-25 21:35:39 status unpacked python3-wadllib:all 1.3.6-1
2022-10-25 21:35:39 install python3-distro:all <none> 1.7.0-1
2022-10-25 21:35:39 status half-installed python3-distro:all 1.7.0-1
2022-10-25 21:35:39 status unpacked python3-distro:all 1.7.0-1
2022-10-25 21:35:39 install python3-blinker:all <none> 1.4+dfsg1-0.4
2022-10-25 21:35:39 status half-installed python3-blinker:all 1.4+dfsg1-0.4
2022-10-25 21:35:39 status unpacked python3-blinker:all 1.4+dfsg1-0.4
2022-10-25 21:35:39 install python3-jwt:all <none> 2.3.0-1ubuntu0.2
2022-10-25 21:35:39 status half-installed python3-jwt:all 2.3.0-1ubuntu0.2
2022-10-25 21:35:39 status unpacked python3-jwt:all 2.3.0-1ubuntu0.2
2022-10-25 21:35:39 install python3-oauthlib:all <none> 3.2.0-1ubuntu0.1
2022-10-25 21:35:39 status half-installed python3-oauthlib:all 3.2.0-1ubuntu0.1
2022-10-25 21:35:39 status unpacked python3-oauthlib:all 3.2.0-1ubuntu0.1
2022-10-25 21:35:39 install python3-six:all <none> 1.16.0-3ubuntu1
2022-10-25 21:35:39 status half-installed python3-six:all 1.16.0-3ubuntu1
2022-10-25 21:35:39 status unpacked python3-six:all 1.16.0-3ubuntu1
2022-10-25 21:35:39 install python3-lazr.restfulclient:all <none> 0.14.4-1
2022-10-25 21:35:39 status half-installed python3-lazr.restfulclient:all 0.14.4-1
2022-10-25 21:35:39 status unpacked python3-lazr.restfulclient:all 0.14.4-1
2022-10-25 21:35:39 install python3-launchpadlib:all <none> 1.10.16-1
2022-10-25 21:35:39 status half-installed python3-launchpadlib:all 1.10.16-1
2022-10-25 21:35:39 status unpacked python3-launchpadlib:all 1.10.16-1
2022-10-25 21:35:39 install python3-apport:all <none> 2.20.11-0ubuntu82.1
2022-10-25 21:35:39 status half-installed python3-apport:all 2.20.11-0ubuntu82.1
2022-10-25 21:35:39 status unpacked python3-apport:all 2.20.11-0ubuntu82.1
2022-10-25 21:35:39 install apport:all <none> 2.20.11-0ubuntu82.1
2022-10-25 21:35:39 status half-installed apport:all 2.20.11-0ubuntu82.1
2022-10-25 21:35:39 status unpacked apport:all 2.20.11-0ubuntu82.1
2022-10-25 21:35:39 install apport-symptoms:all <none> 0.24
2022-10-25 21:35:39 status half-installed apport-symptoms:all 0.24
2022-10-25 21:35:39 status unpacked apport-symptoms:all 0.24
2022-10-25 21:35:39 install binutils-common:amd64 <none> 2.38-4ubuntu2
2022-10-25 21:35:39 status half-installed binutils-common:amd64 2.38-4ubuntu2
2022-10-25 21:35:39 status unpacked binutils-common:amd64 2.38-4ubuntu2
2022-10-25 21:35:39 install libbinutils:amd64 <none> 2.38-4ubuntu2
2022-10-25 21:35:39 status half-installed libbinutils:amd64 2.38-4ubuntu2
2022-10-25 21:35:39 status unpacked libbinutils:amd64 2.38-4ubuntu2
2022-10-25 21:35:39 install libctf-nobfd0:amd64 <none> 2.38-4ubuntu2
2022-10-25 21:35:39 status half-installed libctf-nobfd0:amd64 2.38-4ubuntu2
2022-10-25 21:35:39 status unpacked libctf-nobfd0:amd64 2.38-4ubuntu2
2022-10-25 21:35:39 install libctf0:amd64 <none> 2.38-4ubuntu2
2022-10-25 21:35:39 status half-installed libctf0:amd64 2.38-4ubuntu2
2022-10-25 21:35:39 status unpacked libctf0:amd64 2.38-4ubuntu2
2022-10-25 21:35:39 install binutils-x86-64-linux-gnu:amd64 <none> 2.38-4ubuntu2
2022-10-25 21:35:39 status half-installed binutils-x86-64-linux-gnu:amd64 2.38-4ubuntu2
2022-10-25 21:35:39 status unpacked binutils-x86-64-linux-gnu:amd64 2.38-4ubuntu2
2022-10-25 21:35:39 install binutils:amd64 <none> 2.38-4ubuntu2
2022-10-25 21:35:39 status half-installed binutils:amd64 2.38-4ubuntu2
2022-10-25 21:35:39 status unpacked binutils:amd64 2.38-4ubuntu2
2022-10-25 21:35:40 install python3-newt:amd64 <none> 0.52.21-5ubuntu2
2022-10-25 21:35:40 status half-installed python3-newt:amd64 0.52.21-5ubuntu2
2022-10-25 21:35:40 status unpacked python3-newt:amd64 0.52.21-5ubuntu2
2022-10-25 21:35:40 install libevent-core-2.1-7:amd64 <none> 2.1.12-stable-1build3
2022-10-25 21:35:40 status half-installed libevent-core-2.1-7:amd64 2.1.12-stable-1build3
2022-10-25 21:35:40 status unpacked libevent-core-2.1-7:amd64 2.1.12-stable-1build3
2022-10-25 21:35:40 install libutempter0:amd64 <none> 1.2.1-2build2
2022-10-25 21:35:40 status half-installed libutempter0:amd64 1.2.1-2build2
2022-10-25 21:35:40 status unpacked libutempter0:amd64 1.2.1-2build2
2022-10-25 21:35:40 install tmux:amd64 <none> 3.2a-4build1
2022-10-25 21:35:40 status half-installed tmux:amd64 3.2a-4build1
2022-10-25 21:35:40 status unpacked tmux:amd64 3.2a-4build1
2022-10-25 21:35:40 install byobu:all <none> 5.133-1
2022-10-25 21:35:40 status half-installed byobu:all 5.133-1
2022-10-25 21:35:40 status unpacked byobu:all 5.133-1
2022-10-25 21:35:40 install libbrotli1:amd64 <none> 1.0.9-2build6
2022-10-25 21:35:40 status half-installed libbrotli1:amd64 1.0.9-2build6
2022-10-25 21:35:40 status unpacked libbrotli1:amd64 1.0.9-2build6
2022-10-25 21:35:40 install libsasl2-modules-db:amd64 <none> 2.1.27+dfsg2-3ubuntu1
2022-10-25 21:35:40 status half-installed libsasl2-modules-db:amd64 2.1.27+dfsg2-3ubuntu1
2022-10-25 21:35:40 status unpacked libsasl2-modules-db:amd64 2.1.27+dfsg2-3ubuntu1
2022-10-25 21:35:40 install libsasl2-2:amd64 <none> 2.1.27+dfsg2-3ubuntu1
2022-10-25 21:35:40 status half-installed libsasl2-2:amd64 2.1.27+dfsg2-3ubuntu1
2022-10-25 21:35:40 status unpacked libsasl2-2:amd64 2.1.27+dfsg2-3ubuntu1
2022-10-25 21:35:40 install libldap-2.5-0:amd64 <none> 2.5.13+dfsg-0ubuntu0.22.04.1
2022-10-25 21:35:40 status half-installed libldap-2.5-0:amd64 2.5.13+dfsg-0ubuntu0.22.04.1
2022-10-25 21:35:40 status unpacked libldap-2.5-0:amd64 2.5.13+dfsg-0ubuntu0.22.04.1
2022-10-25 21:35:40 install librtmp1:amd64 <none> 2.4+20151223.gitfa8646d.1-2build4
2022-10-25 21:35:40 status half-installed librtmp1:amd64 2.4+20151223.gitfa8646d.1-2build4
2022-10-25 21:35:40 status unpacked librtmp1:amd64 2.4+20151223.gitfa8646d.1-2build4
2022-10-25 21:35:40 install libssh-4:amd64 <none> 0.9.6-2build1
2022-10-25 21:35:40 status half-installed libssh-4:amd64 0.9.6-2build1
2022-10-25 21:35:40 status unpacked libssh-4:amd64 0.9.6-2build1
2022-10-25 21:35:40 install libcurl4:amd64 <none> 7.81.0-1ubuntu1.4
2022-10-25 21:35:40 status half-installed libcurl4:amd64 7.81.0-1ubuntu1.4
2022-10-25 21:35:40 status unpacked libcurl4:amd64 7.81.0-1ubuntu1.4
2022-10-25 21:35:40 install curl:amd64 <none> 7.81.0-1ubuntu1.4
2022-10-25 21:35:40 status half-installed curl:amd64 7.81.0-1ubuntu1.4
2022-10-25 21:35:40 status unpacked curl:amd64 7.81.0-1ubuntu1.4
2022-10-25 21:35:40 install dbus-x11:amd64 <none> 1.12.20-2ubuntu4
2022-10-25 21:35:40 status half-installed dbus-x11:amd64 1.12.20-2ubuntu4
2022-10-25 21:35:40 status unpacked dbus-x11:amd64 1.12.20-2ubuntu4
2022-10-25 21:35:40 install libassuan0:amd64 <none> 2.5.5-1build1
2022-10-25 21:35:40 status half-installed libassuan0:amd64 2.5.5-1build1
2022-10-25 21:35:40 status unpacked libassuan0:amd64 2.5.5-1build1
2022-10-25 21:35:40 install gpgconf:amd64 <none> 2.2.27-3ubuntu2.1
2022-10-25 21:35:40 status half-installed gpgconf:amd64 2.2.27-3ubuntu2.1
2022-10-25 21:35:40 status unpacked gpgconf:amd64 2.2.27-3ubuntu2.1
2022-10-25 21:35:40 install libksba8:amd64 <none> 1.6.0-2ubuntu0.1
2022-10-25 21:35:40 status half-installed libksba8:amd64 1.6.0-2ubuntu0.1
2022-10-25 21:35:40 status unpacked libksba8:amd64 1.6.0-2ubuntu0.1
2022-10-25 21:35:40 install libnpth0:amd64 <none> 1.6-3build2
2022-10-25 21:35:40 status half-installed libnpth0:amd64 1.6-3build2
2022-10-25 21:35:40 status unpacked libnpth0:amd64 1.6-3build2
2022-10-25 21:35:40 install dirmngr:amd64 <none> 2.2.27-3ubuntu2.1
2022-10-25 21:35:40 status half-installed dirmngr:amd64 2.2.27-3ubuntu2.1
2022-10-25 21:35:40 status unpacked dirmngr:amd64 2.2.27-3ubuntu2.1
2022-10-25 21:35:40 install fonts-ubuntu:all <none> 0.83-6ubuntu1
2022-10-25 21:35:40 status half-installed fonts-ubuntu:all 0.83-6ubuntu1
2022-10-25 21:35:40 status unpacked fonts-ubuntu:all 0.83-6ubuntu1
2022-10-25 21:35:40 install libpackagekit-glib2-18:amd64 <none> 1.2.5-2ubuntu2
2022-10-25 21:35:40 status half-installed libpackagekit-glib2-18:amd64 1.2.5-2ubuntu2
2022-10-25 21:35:40 status unpacked libpackagekit-glib2-18:amd64 1.2.5-2ubuntu2
2022-10-25 21:35:40 install gir1.2-packagekitglib-1.0:amd64 <none> 1.2.5-2ubuntu2
2022-10-25 21:35:40 status half-installed gir1.2-packagekitglib-1.0:amd64 1.2.5-2ubuntu2
2022-10-25 21:35:40 status unpacked gir1.2-packagekitglib-1.0:amd64 1.2.5-2ubuntu2
2022-10-25 21:35:40 install libcurl3-gnutls:amd64 <none> 7.81.0-1ubuntu1.4
2022-10-25 21:35:40 status half-installed libcurl3-gnutls:amd64 7.81.0-1ubuntu1.4
2022-10-25 21:35:40 status unpacked libcurl3-gnutls:amd64 7.81.0-1ubuntu1.4
2022-10-25 21:35:40 install liberror-perl:all <none> 0.17029-1
2022-10-25 21:35:40 status half-installed liberror-perl:all 0.17029-1
2022-10-25 21:35:40 status unpacked liberror-perl:all 0.17029-1
2022-10-25 21:35:40 install git-man:all <none> 1:2.34.1-1ubuntu1.5
2022-10-25 21:35:40 status half-installed git-man:all 1:2.34.1-1ubuntu1.5
2022-10-25 21:35:40 status unpacked git-man:all 1:2.34.1-1ubuntu1.5
2022-10-25 21:35:40 install git:amd64 <none> 1:2.34.1-1ubuntu1.5
2022-10-25 21:35:40 status half-installed git:amd64 1:2.34.1-1ubuntu1.5
2022-10-25 21:35:40 status unpacked git:amd64 1:2.34.1-1ubuntu1.5
2022-10-25 21:35:40 install gnupg-l10n:all <none> 2.2.27-3ubuntu2.1
2022-10-25 21:35:40 status half-installed gnupg-l10n:all 2.2.27-3ubuntu2.1
2022-10-25 21:35:40 status unpacked gnupg-l10n:all 2.2.27-3ubuntu2.1
2022-10-25 21:35:40 install gnupg-utils:amd64 <none> 2.2.27-3ubuntu2.1
2022-10-25 21:35:40 status half-installed gnupg-utils:amd64 2.2.27-3ubuntu2.1
2022-10-25 21:35:40 status unpacked gnupg-utils:amd64 2.2.27-3ubuntu2.1
2022-10-25 21:35:40 install gpg:amd64 <none> 2.2.27-3ubuntu2.1
2022-10-25 21:35:40 status half-installed gpg:amd64 2.2.27-3ubuntu2.1
2022-10-25 21:35:40 status unpacked gpg:amd64 2.2.27-3ubuntu2.1
2022-10-25 21:35:40 install pinentry-curses:amd64 <none> 1.1.1-1build2
2022-10-25 21:35:40 status half-installed pinentry-curses:amd64 1.1.1-1build2
2022-10-25 21:35:40 status unpacked pinentry-curses:amd64 1.1.1-1build2
2022-10-25 21:35:40 install gpg-agent:amd64 <none> 2.2.27-3ubuntu2.1
2022-10-25 21:35:40 status half-installed gpg-agent:amd64 2.2.27-3ubuntu2.1
2022-10-25 21:35:40 status unpacked gpg-agent:amd64 2.2.27-3ubuntu2.1
2022-10-25 21:35:40 install gpg-wks-client:amd64 <none> 2.2.27-3ubuntu2.1
2022-10-25 21:35:40 status half-installed gpg-wks-client:amd64 2.2.27-3ubuntu2.1
2022-10-25 21:35:40 status unpacked gpg-wks-client:amd64 2.2.27-3ubuntu2.1
2022-10-25 21:35:40 install gpg-wks-server:amd64 <none> 2.2.27-3ubuntu2.1
2022-10-25 21:35:40 status half-installed gpg-wks-server:amd64 2.2.27-3ubuntu2.1
2022-10-25 21:35:40 status unpacked gpg-wks-server:amd64 2.2.27-3ubuntu2.1
2022-10-25 21:35:40 install gpgsm:amd64 <none> 2.2.27-3ubuntu2.1
2022-10-25 21:35:40 status half-installed gpgsm:amd64 2.2.27-3ubuntu2.1
2022-10-25 21:35:40 status unpacked gpgsm:amd64 2.2.27-3ubuntu2.1
2022-10-25 21:35:40 install gnupg:all <none> 2.2.27-3ubuntu2.1
2022-10-25 21:35:40 status half-installed gnupg:all 2.2.27-3ubuntu2.1
2022-10-25 21:35:40 status unpacked gnupg:all 2.2.27-3ubuntu2.1
2022-10-25 21:35:41 install libnl-3-200:amd64 <none> 3.5.0-0.1
2022-10-25 21:35:41 status half-installed libnl-3-200:amd64 3.5.0-0.1
2022-10-25 21:35:41 status unpacked libnl-3-200:amd64 3.5.0-0.1
2022-10-25 21:35:41 install libnl-genl-3-200:amd64 <none> 3.5.0-0.1
2022-10-25 21:35:41 status half-installed libnl-genl-3-200:amd64 3.5.0-0.1
2022-10-25 21:35:41 status unpacked libnl-genl-3-200:amd64 3.5.0-0.1
2022-10-25 21:35:41 install htop:amd64 <none> 3.0.5-7build2
2022-10-25 21:35:41 status half-installed htop:amd64 3.0.5-7build2
2022-10-25 21:35:41 status unpacked htop:amd64 3.0.5-7build2
2022-10-25 21:35:41 install libstemmer0d:amd64 <none> 2.2.0-1build1
2022-10-25 21:35:41 status half-installed libstemmer0d:amd64 2.2.0-1build1
2022-10-25 21:35:41 status unpacked libstemmer0d:amd64 2.2.0-1build1
2022-10-25 21:35:41 install libxmlb2:amd64 <none> 0.3.6-2build1
2022-10-25 21:35:41 status half-installed libxmlb2:amd64 0.3.6-2build1
2022-10-25 21:35:41 status unpacked libxmlb2:amd64 0.3.6-2build1
2022-10-25 21:35:41 install libappstream4:amd64 <none> 0.15.2-2
2022-10-25 21:35:41 status half-installed libappstream4:amd64 0.15.2-2
2022-10-25 21:35:41 status unpacked libappstream4:amd64 0.15.2-2
2022-10-25 21:35:41 install libdw1:amd64 <none> 0.186-1build1
2022-10-25 21:35:41 status half-installed libdw1:amd64 0.186-1build1
2022-10-25 21:35:41 status unpacked libdw1:amd64 0.186-1build1
2022-10-25 21:35:41 install libglib2.0-bin:amd64 <none> 2.72.1-1
2022-10-25 21:35:41 status half-installed libglib2.0-bin:amd64 2.72.1-1
2022-10-25 21:35:41 status unpacked libglib2.0-bin:amd64 2.72.1-1
2022-10-25 21:35:41 install libgpm2:amd64 <none> 1.20.7-10build1
2022-10-25 21:35:41 status half-installed libgpm2:amd64 1.20.7-10build1
2022-10-25 21:35:41 status unpacked libgpm2:amd64 1.20.7-10build1
2022-10-25 21:35:41 install libgstreamer1.0-0:amd64 <none> 1.20.3-0ubuntu1
2022-10-25 21:35:41 status half-installed libgstreamer1.0-0:amd64 1.20.3-0ubuntu1
2022-10-25 21:35:41 status unpacked libgstreamer1.0-0:amd64 1.20.3-0ubuntu1
2022-10-25 21:35:41 install libldap-common:all <none> 2.5.13+dfsg-0ubuntu0.22.04.1
2022-10-25 21:35:41 status half-installed libldap-common:all 2.5.13+dfsg-0ubuntu0.22.04.1
2022-10-25 21:35:41 status unpacked libldap-common:all 2.5.13+dfsg-0ubuntu0.22.04.1
2022-10-25 21:35:41 install liblzo2-2:amd64 <none> 2.10-2build3
2022-10-25 21:35:41 status half-installed liblzo2-2:amd64 2.10-2build3
2022-10-25 21:35:41 status unpacked liblzo2-2:amd64 2.10-2build3
2022-10-25 21:35:41 install libpolkit-gobject-1-0:amd64 <none> 0.105-33
2022-10-25 21:35:41 status half-installed libpolkit-gobject-1-0:amd64 0.105-33
2022-10-25 21:35:41 status unpacked libpolkit-gobject-1-0:amd64 0.105-33
2022-10-25 21:35:41 install libpolkit-agent-1-0:amd64 <none> 0.105-33
2022-10-25 21:35:41 status half-installed libpolkit-agent-1-0:amd64 0.105-33
2022-10-25 21:35:41 status unpacked libpolkit-agent-1-0:amd64 0.105-33
2022-10-25 21:35:41 install libpython3.10:amd64 <none> 3.10.6-1~22.04
2022-10-25 21:35:41 status half-installed libpython3.10:amd64 3.10.6-1~22.04
2022-10-25 21:35:41 status unpacked libpython3.10:amd64 3.10.6-1~22.04
2022-10-25 21:35:41 install libsasl2-modules:amd64 <none> 2.1.27+dfsg2-3ubuntu1
2022-10-25 21:35:41 status half-installed libsasl2-modules:amd64 2.1.27+dfsg2-3ubuntu1
2022-10-25 21:35:41 status unpacked libsasl2-modules:amd64 2.1.27+dfsg2-3ubuntu1
2022-10-25 21:35:41 install libsodium23:amd64 <none> 1.0.18-1build2
2022-10-25 21:35:41 status half-installed libsodium23:amd64 1.0.18-1build2
2022-10-25 21:35:41 status unpacked libsodium23:amd64 1.0.18-1build2
2022-10-25 21:35:41 install motd-news-config:all <none> 12ubuntu4.2
2022-10-25 21:35:41 status half-installed motd-news-config:all 12ubuntu4.2
2022-10-25 21:35:41 status unpacked motd-news-config:all 12ubuntu4.2
2022-10-25 21:35:41 install polkitd:amd64 <none> 0.105-33
2022-10-25 21:35:41 status half-installed polkitd:amd64 0.105-33
2022-10-25 21:35:41 status triggers-pending dbus:amd64 1.12.20-2ubuntu4
2022-10-25 21:35:41 status unpacked polkitd:amd64 0.105-33
2022-10-25 21:35:41 install pkexec:amd64 <none> 0.105-33
2022-10-25 21:35:41 status half-installed pkexec:amd64 0.105-33
2022-10-25 21:35:41 status unpacked pkexec:amd64 0.105-33
2022-10-25 21:35:41 install policykit-1:amd64 <none> 0.105-33
2022-10-25 21:35:41 status half-installed policykit-1:amd64 0.105-33
2022-10-25 21:35:41 status unpacked policykit-1:amd64 0.105-33
2022-10-25 21:35:41 install packagekit:amd64 <none> 1.2.5-2ubuntu2
2022-10-25 21:35:41 status half-installed packagekit:amd64 1.2.5-2ubuntu2
2022-10-25 21:35:41 status unpacked packagekit:amd64 1.2.5-2ubuntu2
2022-10-25 21:35:41 install packagekit-tools:amd64 <none> 1.2.5-2ubuntu2
2022-10-25 21:35:41 status half-installed packagekit-tools:amd64 1.2.5-2ubuntu2
2022-10-25 21:35:41 status unpacked packagekit-tools:amd64 1.2.5-2ubuntu2
2022-10-25 21:35:41 install pastebinit:all <none> 1.5.1-1ubuntu1
2022-10-25 21:35:41 status half-installed pastebinit:all 1.5.1-1ubuntu1
2022-10-25 21:35:41 status unpacked pastebinit:all 1.5.1-1ubuntu1
2022-10-25 21:35:41 install patch:amd64 <none> 2.7.6-7build2
2022-10-25 21:35:41 status half-installed patch:amd64 2.7.6-7build2
2022-10-25 21:35:41 status unpacked patch:amd64 2.7.6-7build2
2022-10-25 21:35:41 install python3-software-properties:all <none> 0.99.22.3
2022-10-25 21:35:41 status half-installed python3-software-properties:all 0.99.22.3
2022-10-25 21:35:41 status unpacked python3-software-properties:all 0.99.22.3
2022-10-25 21:35:41 install python3-systemd:amd64 <none> 234-3ubuntu2
2022-10-25 21:35:41 status half-installed python3-systemd:amd64 234-3ubuntu2
2022-10-25 21:35:41 status unpacked python3-systemd:amd64 234-3ubuntu2
2022-10-25 21:35:41 install run-one:all <none> 1.17-0ubuntu1
2022-10-25 21:35:41 status half-installed run-one:all 1.17-0ubuntu1
2022-10-25 21:35:41 status unpacked run-one:all 1.17-0ubuntu1
2022-10-25 21:35:41 install screen:amd64 <none> 4.9.0-1
2022-10-25 21:35:41 status half-installed screen:amd64 4.9.0-1
2022-10-25 21:35:41 status unpacked screen:amd64 4.9.0-1
2022-10-25 21:35:41 install squashfs-tools:amd64 <none> 1:4.5-3build1
2022-10-25 21:35:41 status half-installed squashfs-tools:amd64 1:4.5-3build1
2022-10-25 21:35:41 status unpacked squashfs-tools:amd64 1:4.5-3build1
2022-10-25 21:35:41 install snapd:amd64 <none> 2.57.5+22.04
2022-10-25 21:35:41 status half-installed snapd:amd64 2.57.5+22.04
2022-10-25 21:35:42 status unpacked snapd:amd64 2.57.5+22.04
2022-10-25 21:35:42 install software-properties-common:all <none> 0.99.22.3
2022-10-25 21:35:42 status half-installed software-properties-common:all 0.99.22.3
2022-10-25 21:35:42 status unpacked software-properties-common:all 0.99.22.3
2022-10-25 21:35:42 install vim-runtime:all <none> 2:8.2.3995-1ubuntu2.1
2022-10-25 21:35:42 status half-installed vim-runtime:all 2:8.2.3995-1ubuntu2.1
2022-10-25 21:35:42 status unpacked vim-runtime:all 2:8.2.3995-1ubuntu2.1
2022-10-25 21:35:42 install vim:amd64 <none> 2:8.2.3995-1ubuntu2.1
2022-10-25 21:35:42 status half-installed vim:amd64 2:8.2.3995-1ubuntu2.1
2022-10-25 21:35:42 status unpacked vim:amd64 2:8.2.3995-1ubuntu2.1
2022-10-25 21:35:42 install wsl-setup:amd64 <none> 0.2
2022-10-25 21:35:42 status half-installed wsl-setup:amd64 0.2
2022-10-25 21:35:42 status unpacked wsl-setup:amd64 0.2
2022-10-25 21:35:42 install ubuntu-wsl:amd64 <none> 1.481
2022-10-25 21:35:42 status half-installed ubuntu-wsl:amd64 1.481
2022-10-25 21:35:42 status unpacked ubuntu-wsl:amd64 1.481
2022-10-25 21:35:42 install unattended-upgrades:all <none> 2.8ubuntu1
2022-10-25 21:35:42 status half-installed unattended-upgrades:all 2.8ubuntu1
2022-10-25 21:35:42 status unpacked unattended-upgrades:all 2.8ubuntu1
2022-10-25 21:35:42 install update-motd:all <none> 3.10
2022-10-25 21:35:42 status half-installed update-motd:all 3.10
2022-10-25 21:35:42 status unpacked update-motd:all 3.10
2022-10-25 21:35:42 install show-motd:all <none> 3.10
2022-10-25 21:35:42 status half-installed show-motd:all 3.10
2022-10-25 21:35:42 status unpacked show-motd:all 3.10
2022-10-25 21:35:42 startup packages configure
2022-10-25 21:35:42 configure libksba8:amd64 1.6.0-2ubuntu0.1 <none>
2022-10-25 21:35:42 status unpacked libksba8:amd64 1.6.0-2ubuntu0.1
2022-10-25 21:35:42 status half-configured libksba8:amd64 1.6.0-2ubuntu0.1
2022-10-25 21:35:42 status installed libksba8:amd64 1.6.0-2ubuntu0.1
2022-10-25 21:35:42 configure cpio:amd64 2.13+dfsg-7 <none>
2022-10-25 21:35:42 status unpacked cpio:amd64 2.13+dfsg-7
2022-10-25 21:35:42 status half-configured cpio:amd64 2.13+dfsg-7
2022-10-25 21:35:42 status installed cpio:amd64 2.13+dfsg-7
2022-10-25 21:35:42 configure powermgmt-base:all 1.36 <none>
2022-10-25 21:35:42 status unpacked powermgmt-base:all 1.36
2022-10-25 21:35:42 status half-configured powermgmt-base:all 1.36
2022-10-25 21:35:42 status installed powermgmt-base:all 1.36
2022-10-25 21:35:42 configure libpipeline1:amd64 1.5.5-1 <none>
2022-10-25 21:35:42 status unpacked libpipeline1:amd64 1.5.5-1
2022-10-25 21:35:42 status half-configured libpipeline1:amd64 1.5.5-1
2022-10-25 21:35:42 status installed libpipeline1:amd64 1.5.5-1
2022-10-25 21:35:42 configure liblmdb0:amd64 0.9.24-1build2 <none>
2022-10-25 21:35:42 status unpacked liblmdb0:amd64 0.9.24-1build2
2022-10-25 21:35:42 status half-configured liblmdb0:amd64 0.9.24-1build2
2022-10-25 21:35:42 status installed liblmdb0:amd64 0.9.24-1build2
2022-10-25 21:35:42 configure motd-news-config:all 12ubuntu4.2 <none>
2022-10-25 21:35:42 status unpacked motd-news-config:all 12ubuntu4.2
2022-10-25 21:35:42 status half-configured motd-news-config:all 12ubuntu4.2
2022-10-25 21:35:42 status installed motd-news-config:all 12ubuntu4.2
2022-10-25 21:35:42 configure python3-more-itertools:all 8.10.0-2 <none>
2022-10-25 21:35:42 status unpacked python3-more-itertools:all 8.10.0-2
2022-10-25 21:35:42 status half-configured python3-more-itertools:all 8.10.0-2
2022-10-25 21:35:42 status installed python3-more-itertools:all 8.10.0-2
2022-10-25 21:35:42 configure wsl-setup:amd64 0.2 <none>
2022-10-25 21:35:42 status unpacked wsl-setup:amd64 0.2
2022-10-25 21:35:42 status half-configured wsl-setup:amd64 0.2
2022-10-25 21:35:42 status installed wsl-setup:amd64 0.2
2022-10-25 21:35:42 configure libpython3.10:amd64 3.10.6-1~22.04 <none>
2022-10-25 21:35:42 status unpacked libpython3.10:amd64 3.10.6-1~22.04
2022-10-25 21:35:42 status half-configured libpython3.10:amd64 3.10.6-1~22.04
2022-10-25 21:35:42 status installed libpython3.10:amd64 3.10.6-1~22.04
2022-10-25 21:35:42 configure libdw1:amd64 0.186-1build1 <none>
2022-10-25 21:35:42 status unpacked libdw1:amd64 0.186-1build1
2022-10-25 21:35:42 status half-configured libdw1:amd64 0.186-1build1
2022-10-25 21:35:42 status installed libdw1:amd64 0.186-1build1
2022-10-25 21:35:42 configure libxau6:amd64 1:1.0.9-1build5 <none>
2022-10-25 21:35:42 status unpacked libxau6:amd64 1:1.0.9-1build5
2022-10-25 21:35:42 status half-configured libxau6:amd64 1:1.0.9-1build5
2022-10-25 21:35:42 status installed libxau6:amd64 1:1.0.9-1build5
2022-10-25 21:35:42 configure libxdmcp6:amd64 1:1.1.3-0ubuntu5 <none>
2022-10-25 21:35:42 status unpacked libxdmcp6:amd64 1:1.1.3-0ubuntu5
2022-10-25 21:35:42 status half-configured libxdmcp6:amd64 1:1.1.3-0ubuntu5
2022-10-25 21:35:42 status installed libxdmcp6:amd64 1:1.1.3-0ubuntu5
2022-10-25 21:35:42 configure time:amd64 1.9-0.1build2 <none>
2022-10-25 21:35:42 status unpacked time:amd64 1.9-0.1build2
2022-10-25 21:35:42 status half-configured time:amd64 1.9-0.1build2
2022-10-25 21:35:42 status installed time:amd64 1.9-0.1build2
2022-10-25 21:35:42 configure pci.ids:all 0.0~2022.01.22-1 <none>
2022-10-25 21:35:42 status unpacked pci.ids:all 0.0~2022.01.22-1
2022-10-25 21:35:42 status half-configured pci.ids:all 0.0~2022.01.22-1
2022-10-25 21:35:42 status installed pci.ids:all 0.0~2022.01.22-1
2022-10-25 21:35:42 configure libpsl5:amd64 0.21.0-1.2build2 <none>
2022-10-25 21:35:42 status unpacked libpsl5:amd64 0.21.0-1.2build2
2022-10-25 21:35:42 status half-configured libpsl5:amd64 0.21.0-1.2build2
2022-10-25 21:35:42 status installed libpsl5:amd64 0.21.0-1.2build2
2022-10-25 21:35:42 configure libxcb1:amd64 1.14-3ubuntu3 <none>
2022-10-25 21:35:42 status unpacked libxcb1:amd64 1.14-3ubuntu3
2022-10-25 21:35:42 status half-configured libxcb1:amd64 1.14-3ubuntu3
2022-10-25 21:35:42 status installed libxcb1:amd64 1.14-3ubuntu3
2022-10-25 21:35:42 configure libsodium23:amd64 1.0.18-1build2 <none>
2022-10-25 21:35:42 status unpacked libsodium23:amd64 1.0.18-1build2
2022-10-25 21:35:42 status half-configured libsodium23:amd64 1.0.18-1build2
2022-10-25 21:35:42 status installed libsodium23:amd64 1.0.18-1build2
2022-10-25 21:35:42 configure libgpm2:amd64 1.20.7-10build1 <none>
2022-10-25 21:35:42 status unpacked libgpm2:amd64 1.20.7-10build1
2022-10-25 21:35:42 status half-configured libgpm2:amd64 1.20.7-10build1
2022-10-25 21:35:42 status installed libgpm2:amd64 1.20.7-10build1
2022-10-25 21:35:42 configure telnet:amd64 0.17-44build1 <none>
2022-10-25 21:35:42 status unpacked telnet:amd64 0.17-44build1
2022-10-25 21:35:42 status half-configured telnet:amd64 0.17-44build1
2022-10-25 21:35:42 status installed telnet:amd64 0.17-44build1
2022-10-25 21:35:42 configure bsdextrautils:amd64 2.37.2-4ubuntu3 <none>
2022-10-25 21:35:42 status unpacked bsdextrautils:amd64 2.37.2-4ubuntu3
2022-10-25 21:35:42 status half-configured bsdextrautils:amd64 2.37.2-4ubuntu3
2022-10-25 21:35:42 status installed bsdextrautils:amd64 2.37.2-4ubuntu3
2022-10-25 21:35:42 configure python3-distro:all 1.7.0-1 <none>
2022-10-25 21:35:42 status unpacked python3-distro:all 1.7.0-1
2022-10-25 21:35:42 status half-configured python3-distro:all 1.7.0-1
2022-10-25 21:35:42 status installed python3-distro:all 1.7.0-1
2022-10-25 21:35:42 configure wget:amd64 1.21.2-2ubuntu1 <none>
2022-10-25 21:35:42 status unpacked wget:amd64 1.21.2-2ubuntu1
2022-10-25 21:35:42 status half-configured wget:amd64 1.21.2-2ubuntu1
2022-10-25 21:35:42 status installed wget:amd64 1.21.2-2ubuntu1
2022-10-25 21:35:42 configure python3-jwt:all 2.3.0-1ubuntu0.2 <none>
2022-10-25 21:35:42 status unpacked python3-jwt:all 2.3.0-1ubuntu0.2
2022-10-25 21:35:42 status half-configured python3-jwt:all 2.3.0-1ubuntu0.2
2022-10-25 21:35:42 status installed python3-jwt:all 2.3.0-1ubuntu0.2
2022-10-25 21:35:42 configure libmagic-mgc:amd64 1:5.41-3 <none>
2022-10-25 21:35:42 status unpacked libmagic-mgc:amd64 1:5.41-3
2022-10-25 21:35:42 status half-configured libmagic-mgc:amd64 1:5.41-3
2022-10-25 21:35:42 status installed libmagic-mgc:amd64 1:5.41-3
2022-10-25 21:35:42 configure gawk:amd64 1:5.1.0-1build3 <none>
2022-10-25 21:35:42 status unpacked gawk:amd64 1:5.1.0-1build3
2022-10-25 21:35:42 status half-configured gawk:amd64 1:5.1.0-1build3
2022-10-25 21:35:42 status installed gawk:amd64 1:5.1.0-1build3
2022-10-25 21:35:42 configure psmisc:amd64 23.4-2build3 <none>
2022-10-25 21:35:42 status unpacked psmisc:amd64 23.4-2build3
2022-10-25 21:35:42 status half-configured psmisc:amd64 23.4-2build3
2022-10-25 21:35:42 status installed psmisc:amd64 23.4-2build3
2022-10-25 21:35:42 configure python3-problem-report:all 2.20.11-0ubuntu82.1 <none>
2022-10-25 21:35:42 status unpacked python3-problem-report:all 2.20.11-0ubuntu82.1
2022-10-25 21:35:42 status half-configured python3-problem-report:all 2.20.11-0ubuntu82.1
2022-10-25 21:35:43 status installed python3-problem-report:all 2.20.11-0ubuntu82.1
2022-10-25 21:35:43 configure libip6tc2:amd64 1.8.7-1ubuntu5 <none>
2022-10-25 21:35:43 status unpacked libip6tc2:amd64 1.8.7-1ubuntu5
2022-10-25 21:35:43 status half-configured libip6tc2:amd64 1.8.7-1ubuntu5
2022-10-25 21:35:43 status installed libip6tc2:amd64 1.8.7-1ubuntu5
2022-10-25 21:35:43 configure manpages:all 5.10-1ubuntu1 <none>
2022-10-25 21:35:43 status unpacked manpages:all 5.10-1ubuntu1
2022-10-25 21:35:43 status half-configured manpages:all 5.10-1ubuntu1
2022-10-25 21:35:43 status installed manpages:all 5.10-1ubuntu1
2022-10-25 21:35:43 configure libmaxminddb0:amd64 1.5.2-1build2 <none>
2022-10-25 21:35:43 status unpacked libmaxminddb0:amd64 1.5.2-1build2
2022-10-25 21:35:43 status half-configured libmaxminddb0:amd64 1.5.2-1build2
2022-10-25 21:35:43 status installed libmaxminddb0:amd64 1.5.2-1build2
2022-10-25 21:35:43 configure fonts-ubuntu:all 0.83-6ubuntu1 <none>
2022-10-25 21:35:43 status unpacked fonts-ubuntu:all 0.83-6ubuntu1
2022-10-25 21:35:43 status half-configured fonts-ubuntu:all 0.83-6ubuntu1
2022-10-25 21:35:43 status installed fonts-ubuntu:all 0.83-6ubuntu1
2022-10-25 21:35:43 configure libxmlb2:amd64 0.3.6-2build1 <none>
2022-10-25 21:35:43 status unpacked libxmlb2:amd64 0.3.6-2build1
2022-10-25 21:35:43 status half-configured libxmlb2:amd64 0.3.6-2build1
2022-10-25 21:35:43 status installed libxmlb2:amd64 0.3.6-2build1
2022-10-25 21:35:43 configure libcbor0.8:amd64 0.8.0-2ubuntu1 <none>
2022-10-25 21:35:43 status unpacked libcbor0.8:amd64 0.8.0-2ubuntu1
2022-10-25 21:35:43 status half-configured libcbor0.8:amd64 0.8.0-2ubuntu1
2022-10-25 21:35:43 status installed libcbor0.8:amd64 0.8.0-2ubuntu1
2022-10-25 21:35:43 configure libbrotli1:amd64 1.0.9-2build6 <none>
2022-10-25 21:35:43 status unpacked libbrotli1:amd64 1.0.9-2build6
2022-10-25 21:35:43 status half-configured libbrotli1:amd64 1.0.9-2build6
2022-10-25 21:35:43 status installed libbrotli1:amd64 1.0.9-2build6
2022-10-25 21:35:43 configure libedit2:amd64 3.1-20210910-1build1 <none>
2022-10-25 21:35:43 status unpacked libedit2:amd64 3.1-20210910-1build1
2022-10-25 21:35:43 status half-configured libedit2:amd64 3.1-20210910-1build1
2022-10-25 21:35:43 status installed libedit2:amd64 3.1-20210910-1build1
2022-10-25 21:35:43 configure libsasl2-modules:amd64 2.1.27+dfsg2-3ubuntu1 <none>
2022-10-25 21:35:43 status unpacked libsasl2-modules:amd64 2.1.27+dfsg2-3ubuntu1
2022-10-25 21:35:43 status half-configured libsasl2-modules:amd64 2.1.27+dfsg2-3ubuntu1
2022-10-25 21:35:43 status installed libsasl2-modules:amd64 2.1.27+dfsg2-3ubuntu1
2022-10-25 21:35:43 configure dosfstools:amd64 4.2-1build3 <none>
2022-10-25 21:35:43 status unpacked dosfstools:amd64 4.2-1build3
2022-10-25 21:35:43 status half-configured dosfstools:amd64 4.2-1build3
2022-10-25 21:35:43 status installed dosfstools:amd64 4.2-1build3
2022-10-25 21:35:43 configure binutils-common:amd64 2.38-4ubuntu2 <none>
2022-10-25 21:35:43 status unpacked binutils-common:amd64 2.38-4ubuntu2
2022-10-25 21:35:43 status half-configured binutils-common:amd64 2.38-4ubuntu2
2022-10-25 21:35:43 status installed binutils-common:amd64 2.38-4ubuntu2
2022-10-25 21:35:43 configure libnghttp2-14:amd64 1.43.0-1build3 <none>
2022-10-25 21:35:43 status unpacked libnghttp2-14:amd64 1.43.0-1build3
2022-10-25 21:35:43 status half-configured libnghttp2-14:amd64 1.43.0-1build3
2022-10-25 21:35:43 status installed libnghttp2-14:amd64 1.43.0-1build3
2022-10-25 21:35:43 configure libmagic1:amd64 1:5.41-3 <none>
2022-10-25 21:35:43 status unpacked libmagic1:amd64 1:5.41-3
2022-10-25 21:35:43 status half-configured libmagic1:amd64 1:5.41-3
2022-10-25 21:35:43 status installed libmagic1:amd64 1:5.41-3
2022-10-25 21:35:43 configure libglib2.0-bin:amd64 2.72.1-1 <none>
2022-10-25 21:35:43 status unpacked libglib2.0-bin:amd64 2.72.1-1
2022-10-25 21:35:43 status half-configured libglib2.0-bin:amd64 2.72.1-1
2022-10-25 21:35:43 status installed libglib2.0-bin:amd64 2.72.1-1
2022-10-25 21:35:43 configure libctf-nobfd0:amd64 2.38-4ubuntu2 <none>
2022-10-25 21:35:43 status unpacked libctf-nobfd0:amd64 2.38-4ubuntu2
2022-10-25 21:35:43 status half-configured libctf-nobfd0:amd64 2.38-4ubuntu2
2022-10-25 21:35:43 status installed libctf-nobfd0:amd64 2.38-4ubuntu2
2022-10-25 21:35:43 configure gettext-base:amd64 0.21-4ubuntu4 <none>
2022-10-25 21:35:43 status unpacked gettext-base:amd64 0.21-4ubuntu4
2022-10-25 21:35:43 status half-configured gettext-base:amd64 0.21-4ubuntu4
2022-10-25 21:35:43 status installed gettext-base:amd64 0.21-4ubuntu4
2022-10-25 21:35:43 configure libpackagekit-glib2-18:amd64 1.2.5-2ubuntu2 <none>
2022-10-25 21:35:43 status unpacked libpackagekit-glib2-18:amd64 1.2.5-2ubuntu2
2022-10-25 21:35:43 status half-configured libpackagekit-glib2-18:amd64 1.2.5-2ubuntu2
2022-10-25 21:35:43 status installed libpackagekit-glib2-18:amd64 1.2.5-2ubuntu2
2022-10-25 21:35:43 configure pastebinit:all 1.5.1-1ubuntu1 <none>
2022-10-25 21:35:43 status unpacked pastebinit:all 1.5.1-1ubuntu1
2022-10-25 21:35:43 status half-configured pastebinit:all 1.5.1-1ubuntu1
2022-10-25 21:35:43 status installed pastebinit:all 1.5.1-1ubuntu1
2022-10-25 21:35:43 configure liblzo2-2:amd64 2.10-2build3 <none>
2022-10-25 21:35:43 status unpacked liblzo2-2:amd64 2.10-2build3
2022-10-25 21:35:43 status half-configured liblzo2-2:amd64 2.10-2build3
2022-10-25 21:35:43 status installed liblzo2-2:amd64 2.10-2build3
2022-10-25 21:35:43 configure libnftnl11:amd64 1.2.1-1build1 <none>
2022-10-25 21:35:43 status unpacked libnftnl11:amd64 1.2.1-1build1
2022-10-25 21:35:43 status half-configured libnftnl11:amd64 1.2.1-1build1
2022-10-25 21:35:43 status installed libnftnl11:amd64 1.2.1-1build1
2022-10-25 21:35:43 configure libnpth0:amd64 1.6-3build2 <none>
2022-10-25 21:35:43 status unpacked libnpth0:amd64 1.6-3build2
2022-10-25 21:35:43 status half-configured libnpth0:amd64 1.6-3build2
2022-10-25 21:35:43 status installed libnpth0:amd64 1.6-3build2
2022-10-25 21:35:43 configure hdparm:amd64 9.60+ds-1build3 <none>
2022-10-25 21:35:43 status unpacked hdparm:amd64 9.60+ds-1build3
2022-10-25 21:35:43 status half-configured hdparm:amd64 9.60+ds-1build3
2022-10-25 21:35:43 status installed hdparm:amd64 9.60+ds-1build3
2022-10-25 21:35:43 configure python3-lazr.uri:all 1.0.6-2 <none>
2022-10-25 21:35:43 status unpacked python3-lazr.uri:all 1.0.6-2
2022-10-25 21:35:43 status half-configured python3-lazr.uri:all 1.0.6-2
2022-10-25 21:35:43 status installed python3-lazr.uri:all 1.0.6-2
2022-10-25 21:35:43 configure libntfs-3g89:amd64 1:2021.8.22-3ubuntu1.1 <none>
2022-10-25 21:35:43 status unpacked libntfs-3g89:amd64 1:2021.8.22-3ubuntu1.1
2022-10-25 21:35:43 status half-configured libntfs-3g89:amd64 1:2021.8.22-3ubuntu1.1
2022-10-25 21:35:43 status installed libntfs-3g89:amd64 1:2021.8.22-3ubuntu1.1
2022-10-25 21:35:43 configure file:amd64 1:5.41-3 <none>
2022-10-25 21:35:43 status unpacked file:amd64 1:5.41-3
2022-10-25 21:35:43 status half-configured file:amd64 1:5.41-3
2022-10-25 21:35:43 status installed file:amd64 1:5.41-3
2022-10-25 21:35:43 configure libassuan0:amd64 2.5.5-1build1 <none>
2022-10-25 21:35:43 status unpacked libassuan0:amd64 2.5.5-1build1
2022-10-25 21:35:43 status half-configured libassuan0:amd64 2.5.5-1build1
2022-10-25 21:35:43 status installed libassuan0:amd64 2.5.5-1build1
2022-10-25 21:35:43 configure python3-zipp:all 1.0.0-3 <none>
2022-10-25 21:35:43 status unpacked python3-zipp:all 1.0.0-3
2022-10-25 21:35:43 status half-configured python3-zipp:all 1.0.0-3
2022-10-25 21:35:43 status installed python3-zipp:all 1.0.0-3
2022-10-25 21:35:43 configure perl-modules-5.34:all 5.34.0-3ubuntu1.1 <none>
2022-10-25 21:35:43 status unpacked perl-modules-5.34:all 5.34.0-3ubuntu1.1
2022-10-25 21:35:43 status half-configured perl-modules-5.34:all 5.34.0-3ubuntu1.1
2022-10-25 21:35:43 status installed perl-modules-5.34:all 5.34.0-3ubuntu1.1
2022-10-25 21:35:43 configure lshw:amd64 02.19.git.2021.06.19.996aaad9c7-2build1 <none>
2022-10-25 21:35:43 status unpacked lshw:amd64 02.19.git.2021.06.19.996aaad9c7-2build1
2022-10-25 21:35:43 status half-configured lshw:amd64 02.19.git.2021.06.19.996aaad9c7-2build1
2022-10-25 21:35:43 status installed lshw:amd64 02.19.git.2021.06.19.996aaad9c7-2build1
2022-10-25 21:35:43 configure python3-newt:amd64 0.52.21-5ubuntu2 <none>
2022-10-25 21:35:43 status unpacked python3-newt:amd64 0.52.21-5ubuntu2
2022-10-25 21:35:43 status half-configured python3-newt:amd64 0.52.21-5ubuntu2
2022-10-25 21:35:43 status installed python3-newt:amd64 0.52.21-5ubuntu2
2022-10-25 21:35:43 configure libldap-common:all 2.5.13+dfsg-0ubuntu0.22.04.1 <none>
2022-10-25 21:35:43 status unpacked libldap-common:all 2.5.13+dfsg-0ubuntu0.22.04.1
2022-10-25 21:35:43 status half-configured libldap-common:all 2.5.13+dfsg-0ubuntu0.22.04.1
2022-10-25 21:35:43 status installed libldap-common:all 2.5.13+dfsg-0ubuntu0.22.04.1
2022-10-25 21:35:43 configure libunwind8:amd64 1.3.2-2build2 <none>
2022-10-25 21:35:43 status unpacked libunwind8:amd64 1.3.2-2build2
2022-10-25 21:35:43 status half-configured libunwind8:amd64 1.3.2-2build2
2022-10-25 21:35:43 status installed libunwind8:amd64 1.3.2-2build2
2022-10-25 21:35:43 configure apport-symptoms:all 0.24 <none>
2022-10-25 21:35:43 status unpacked apport-symptoms:all 0.24
2022-10-25 21:35:43 status half-configured apport-symptoms:all 0.24
2022-10-25 21:35:43 status installed apport-symptoms:all 0.24
2022-10-25 21:35:43 configure ntfs-3g:amd64 1:2021.8.22-3ubuntu1.1 <none>
2022-10-25 21:35:43 status unpacked ntfs-3g:amd64 1:2021.8.22-3ubuntu1.1
2022-10-25 21:35:43 status half-configured ntfs-3g:amd64 1:2021.8.22-3ubuntu1.1
2022-10-25 21:35:43 status installed ntfs-3g:amd64 1:2021.8.22-3ubuntu1.1
2022-10-25 21:35:43 configure libjansson4:amd64 2.13.1-1.1build3 <none>
2022-10-25 21:35:43 status unpacked libjansson4:amd64 2.13.1-1.1build3
2022-10-25 21:35:43 status half-configured libjansson4:amd64 2.13.1-1.1build3
2022-10-25 21:35:43 status installed libjansson4:amd64 2.13.1-1.1build3
2022-10-25 21:35:43 configure libsasl2-modules-db:amd64 2.1.27+dfsg2-3ubuntu1 <none>
2022-10-25 21:35:43 status unpacked libsasl2-modules-db:amd64 2.1.27+dfsg2-3ubuntu1
2022-10-25 21:35:43 status half-configured libsasl2-modules-db:amd64 2.1.27+dfsg2-3ubuntu1
2022-10-25 21:35:43 status installed libsasl2-modules-db:amd64 2.1.27+dfsg2-3ubuntu1
2022-10-25 21:35:43 configure update-motd:all 3.10 <none>
2022-10-25 21:35:43 status unpacked update-motd:all 3.10
2022-10-25 21:35:43 status half-configured update-motd:all 3.10
2022-10-25 21:35:43 status installed update-motd:all 3.10
2022-10-25 21:35:43 configure python3-six:all 1.16.0-3ubuntu1 <none>
2022-10-25 21:35:43 status unpacked python3-six:all 1.16.0-3ubuntu1
2022-10-25 21:35:43 status half-configured python3-six:all 1.16.0-3ubuntu1
2022-10-25 21:35:43 status installed python3-six:all 1.16.0-3ubuntu1
2022-10-25 21:35:43 configure apparmor:amd64 3.0.4-2ubuntu2.1 <none>
2022-10-25 21:35:43 status unpacked apparmor:amd64 3.0.4-2ubuntu2.1
2022-10-25 21:35:43 status half-configured apparmor:amd64 3.0.4-2ubuntu2.1
2022-10-25 21:35:43 status installed apparmor:amd64 3.0.4-2ubuntu2.1
2022-10-25 21:35:43 configure gir1.2-packagekitglib-1.0:amd64 1.2.5-2ubuntu2 <none>
2022-10-25 21:35:43 status unpacked gir1.2-packagekitglib-1.0:amd64 1.2.5-2ubuntu2
2022-10-25 21:35:43 status half-configured gir1.2-packagekitglib-1.0:amd64 1.2.5-2ubuntu2
2022-10-25 21:35:43 status installed gir1.2-packagekitglib-1.0:amd64 1.2.5-2ubuntu2
2022-10-25 21:35:43 configure libuv1:amd64 1.43.0-1 <none>
2022-10-25 21:35:43 status unpacked libuv1:amd64 1.43.0-1
2022-10-25 21:35:43 status half-configured libuv1:amd64 1.43.0-1
2022-10-25 21:35:43 status installed libuv1:amd64 1.43.0-1
2022-10-25 21:35:43 configure python3-pyparsing:all 2.4.7-1 <none>
2022-10-25 21:35:43 status unpacked python3-pyparsing:all 2.4.7-1
2022-10-25 21:35:43 status half-configured python3-pyparsing:all 2.4.7-1
2022-10-25 21:35:44 status installed python3-pyparsing:all 2.4.7-1
2022-10-25 21:35:44 configure busybox-static:amd64 1:1.30.1-7ubuntu3 <none>
2022-10-25 21:35:44 status unpacked busybox-static:amd64 1:1.30.1-7ubuntu3
2022-10-25 21:35:44 status half-configured busybox-static:amd64 1:1.30.1-7ubuntu3
2022-10-25 21:35:44 status installed busybox-static:amd64 1:1.30.1-7ubuntu3
2022-10-25 21:35:44 configure libpcap0.8:amd64 1.10.1-4build1 <none>
2022-10-25 21:35:44 status unpacked libpcap0.8:amd64 1.10.1-4build1
2022-10-25 21:35:44 status half-configured libpcap0.8:amd64 1.10.1-4build1
2022-10-25 21:35:44 status installed libpcap0.8:amd64 1.10.1-4build1
2022-10-25 21:35:44 configure mtr-tiny:amd64 0.95-1 <none>
2022-10-25 21:35:44 status unpacked mtr-tiny:amd64 0.95-1
2022-10-25 21:35:44 status half-configured mtr-tiny:amd64 0.95-1
2022-10-25 21:35:44 status installed mtr-tiny:amd64 0.95-1
2022-10-25 21:35:44 configure libx11-data:all 2:1.7.5-1 <none>
2022-10-25 21:35:44 status unpacked libx11-data:all 2:1.7.5-1
2022-10-25 21:35:44 status half-configured libx11-data:all 2:1.7.5-1
2022-10-25 21:35:44 status installed libx11-data:all 2:1.7.5-1
2022-10-25 21:35:44 configure gnupg-l10n:all 2.2.27-3ubuntu2.1 <none>
2022-10-25 21:35:44 status unpacked gnupg-l10n:all 2.2.27-3ubuntu2.1
2022-10-25 21:35:44 status half-configured gnupg-l10n:all 2.2.27-3ubuntu2.1
2022-10-25 21:35:44 status installed gnupg-l10n:all 2.2.27-3ubuntu2.1
2022-10-25 21:35:44 configure ed:amd64 1.18-1 <none>
2022-10-25 21:35:44 status unpacked ed:amd64 1.18-1
2022-10-25 21:35:44 status half-configured ed:amd64 1.18-1
2022-10-25 21:35:44 status installed ed:amd64 1.18-1
2022-10-25 21:35:44 configure librtmp1:amd64 2.4+20151223.gitfa8646d.1-2build4 <none>
2022-10-25 21:35:44 status unpacked librtmp1:amd64 2.4+20151223.gitfa8646d.1-2build4
2022-10-25 21:35:44 status half-configured librtmp1:amd64 2.4+20151223.gitfa8646d.1-2build4
2022-10-25 21:35:44 status installed librtmp1:amd64 2.4+20151223.gitfa8646d.1-2build4
2022-10-25 21:35:44 configure bash-completion:all 1:2.11-5ubuntu1 <none>
2022-10-25 21:35:44 status unpacked bash-completion:all 1:2.11-5ubuntu1
2022-10-25 21:35:44 status half-configured bash-completion:all 1:2.11-5ubuntu1
2022-10-25 21:35:44 status installed bash-completion:all 1:2.11-5ubuntu1
2022-10-25 21:35:44 configure friendly-recovery:all 0.2.42 <none>
2022-10-25 21:35:44 status unpacked friendly-recovery:all 0.2.42
2022-10-25 21:35:44 status half-configured friendly-recovery:all 0.2.42
2022-10-25 21:35:44 status installed friendly-recovery:all 0.2.42
2022-10-25 21:35:44 configure strace:amd64 5.16-0ubuntu3 <none>
2022-10-25 21:35:44 status unpacked strace:amd64 5.16-0ubuntu3
2022-10-25 21:35:44 status half-configured strace:amd64 5.16-0ubuntu3
2022-10-25 21:35:44 status installed strace:amd64 5.16-0ubuntu3
2022-10-25 21:35:44 configure python3-wadllib:all 1.3.6-1 <none>
2022-10-25 21:35:44 status unpacked python3-wadllib:all 1.3.6-1
2022-10-25 21:35:44 status half-configured python3-wadllib:all 1.3.6-1
2022-10-25 21:35:44 status installed python3-wadllib:all 1.3.6-1
2022-10-25 21:35:44 configure xz-utils:amd64 5.2.5-2ubuntu1 <none>
2022-10-25 21:35:44 status unpacked xz-utils:amd64 5.2.5-2ubuntu1
2022-10-25 21:35:44 status half-configured xz-utils:amd64 5.2.5-2ubuntu1
2022-10-25 21:35:44 status installed xz-utils:amd64 5.2.5-2ubuntu1
2022-10-25 21:35:44 configure libpng16-16:amd64 1.6.37-3build5 <none>
2022-10-25 21:35:44 status unpacked libpng16-16:amd64 1.6.37-3build5
2022-10-25 21:35:44 status half-configured libpng16-16:amd64 1.6.37-3build5
2022-10-25 21:35:44 status installed libpng16-16:amd64 1.6.37-3build5
2022-10-25 21:35:44 configure libevent-core-2.1-7:amd64 2.1.12-stable-1build3 <none>
2022-10-25 21:35:44 status unpacked libevent-core-2.1-7:amd64 2.1.12-stable-1build3
2022-10-25 21:35:44 status half-configured libevent-core-2.1-7:amd64 2.1.12-stable-1build3
2022-10-25 21:35:44 status installed libevent-core-2.1-7:amd64 2.1.12-stable-1build3
2022-10-25 21:35:44 configure patch:amd64 2.7.6-7build2 <none>
2022-10-25 21:35:44 status unpacked patch:amd64 2.7.6-7build2
2022-10-25 21:35:44 status half-configured patch:amd64 2.7.6-7build2
2022-10-25 21:35:44 status installed patch:amd64 2.7.6-7build2
2022-10-25 21:35:44 configure usb.ids:all 2022.04.02-1 <none>
2022-10-25 21:35:44 status unpacked usb.ids:all 2022.04.02-1
2022-10-25 21:35:44 status half-configured usb.ids:all 2022.04.02-1
2022-10-25 21:35:44 status installed usb.ids:all 2022.04.02-1
2022-10-25 21:35:44 configure libsasl2-2:amd64 2.1.27+dfsg2-3ubuntu1 <none>
2022-10-25 21:35:44 status unpacked libsasl2-2:amd64 2.1.27+dfsg2-3ubuntu1
2022-10-25 21:35:44 status half-configured libsasl2-2:amd64 2.1.27+dfsg2-3ubuntu1
2022-10-25 21:35:44 status installed libsasl2-2:amd64 2.1.27+dfsg2-3ubuntu1
2022-10-25 21:35:44 configure libssh-4:amd64 0.9.6-2build1 <none>
2022-10-25 21:35:44 status unpacked libssh-4:amd64 0.9.6-2build1
2022-10-25 21:35:44 status half-configured libssh-4:amd64 0.9.6-2build1
2022-10-25 21:35:44 status installed libssh-4:amd64 0.9.6-2build1
2022-10-25 21:35:44 configure python3-jeepney:all 0.7.1-3 <none>
2022-10-25 21:35:44 status unpacked python3-jeepney:all 0.7.1-3
2022-10-25 21:35:44 status half-configured python3-jeepney:all 0.7.1-3
2022-10-25 21:35:44 status installed python3-jeepney:all 0.7.1-3
2022-10-25 21:35:44 configure lsof:amd64 4.93.2+dfsg-1.1build2 <none>
2022-10-25 21:35:44 status unpacked lsof:amd64 4.93.2+dfsg-1.1build2
2022-10-25 21:35:44 status half-configured lsof:amd64 4.93.2+dfsg-1.1build2
2022-10-25 21:35:44 status installed lsof:amd64 4.93.2+dfsg-1.1build2
2022-10-25 21:35:44 configure libutempter0:amd64 1.2.1-2build2 <none>
2022-10-25 21:35:44 status unpacked libutempter0:amd64 1.2.1-2build2
2022-10-25 21:35:44 status half-configured libutempter0:amd64 1.2.1-2build2
2022-10-25 21:35:44 status installed libutempter0:amd64 1.2.1-2build2
2022-10-25 21:35:44 configure nano:amd64 6.2-1 <none>
2022-10-25 21:35:44 status unpacked nano:amd64 6.2-1
2022-10-25 21:35:44 status half-configured nano:amd64 6.2-1
2022-10-25 21:35:44 status installed nano:amd64 6.2-1
2022-10-25 21:35:44 configure libpci3:amd64 1:3.7.0-6 <none>
2022-10-25 21:35:44 status unpacked libpci3:amd64 1:3.7.0-6
2022-10-25 21:35:44 status half-configured libpci3:amd64 1:3.7.0-6
2022-10-25 21:35:44 status installed libpci3:amd64 1:3.7.0-6
2022-10-25 21:35:44 configure libnuma1:amd64 2.0.14-3ubuntu2 <none>
2022-10-25 21:35:44 status unpacked libnuma1:amd64 2.0.14-3ubuntu2
2022-10-25 21:35:44 status half-configured libnuma1:amd64 2.0.14-3ubuntu2
2022-10-25 21:35:44 status installed libnuma1:amd64 2.0.14-3ubuntu2
2022-10-25 21:35:44 configure uuid-runtime:amd64 2.37.2-4ubuntu3 <none>
2022-10-25 21:35:44 status unpacked uuid-runtime:amd64 2.37.2-4ubuntu3
2022-10-25 21:35:44 status half-configured uuid-runtime:amd64 2.37.2-4ubuntu3
2022-10-25 21:35:44 status installed uuid-runtime:amd64 2.37.2-4ubuntu3
2022-10-25 21:35:44 configure libnfnetlink0:amd64 1.0.1-3build3 <none>
2022-10-25 21:35:44 status unpacked libnfnetlink0:amd64 1.0.1-3build3
2022-10-25 21:35:44 status half-configured libnfnetlink0:amd64 1.0.1-3build3
2022-10-25 21:35:44 status installed libnfnetlink0:amd64 1.0.1-3build3
2022-10-25 21:35:44 configure libplymouth5:amd64 0.9.5+git20211018-1ubuntu3 <none>
2022-10-25 21:35:44 status unpacked libplymouth5:amd64 0.9.5+git20211018-1ubuntu3
2022-10-25 21:35:44 status half-configured libplymouth5:amd64 0.9.5+git20211018-1ubuntu3
2022-10-25 21:35:44 status installed libplymouth5:amd64 0.9.5+git20211018-1ubuntu3
2022-10-25 21:35:44 configure libuchardet0:amd64 0.0.7-1build2 <none>
2022-10-25 21:35:44 status unpacked libuchardet0:amd64 0.0.7-1build2
2022-10-25 21:35:44 status half-configured libuchardet0:amd64 0.0.7-1build2
2022-10-25 21:35:44 status installed libuchardet0:amd64 0.0.7-1build2
2022-10-25 21:35:44 configure libnl-3-200:amd64 3.5.0-0.1 <none>
2022-10-25 21:35:44 status unpacked libnl-3-200:amd64 3.5.0-0.1
2022-10-25 21:35:44 status half-configured libnl-3-200:amd64 3.5.0-0.1
2022-10-25 21:35:44 status installed libnl-3-200:amd64 3.5.0-0.1
2022-10-25 21:35:44 configure show-motd:all 3.10 <none>
2022-10-25 21:35:44 status unpacked show-motd:all 3.10
2022-10-25 21:35:44 status half-configured show-motd:all 3.10
2022-10-25 21:35:44 status installed show-motd:all 3.10
2022-10-25 21:35:44 configure gpgconf:amd64 2.2.27-3ubuntu2.1 <none>
2022-10-25 21:35:44 status unpacked gpgconf:amd64 2.2.27-3ubuntu2.1
2022-10-25 21:35:44 status half-configured gpgconf:amd64 2.2.27-3ubuntu2.1
2022-10-25 21:35:44 status installed gpgconf:amd64 2.2.27-3ubuntu2.1
2022-10-25 21:35:44 configure python3-httplib2:all 0.20.2-2 <none>
2022-10-25 21:35:44 status unpacked python3-httplib2:all 0.20.2-2
2022-10-25 21:35:44 status half-configured python3-httplib2:all 0.20.2-2
2022-10-25 21:35:44 status installed python3-httplib2:all 0.20.2-2
2022-10-25 21:35:44 configure git-man:all 1:2.34.1-1ubuntu1.5 <none>
2022-10-25 21:35:44 status unpacked git-man:all 1:2.34.1-1ubuntu1.5
2022-10-25 21:35:44 status half-configured git-man:all 1:2.34.1-1ubuntu1.5
2022-10-25 21:35:44 status installed git-man:all 1:2.34.1-1ubuntu1.5
2022-10-25 21:35:44 configure libx11-6:amd64 2:1.7.5-1 <none>
2022-10-25 21:35:44 status unpacked libx11-6:amd64 2:1.7.5-1
2022-10-25 21:35:44 status half-configured libx11-6:amd64 2:1.7.5-1
2022-10-25 21:35:44 status installed libx11-6:amd64 2:1.7.5-1
2022-10-25 21:35:44 configure libusb-1.0-0:amd64 2:1.0.25-1ubuntu2 <none>
2022-10-25 21:35:44 status unpacked libusb-1.0-0:amd64 2:1.0.25-1ubuntu2
2022-10-25 21:35:44 status half-configured libusb-1.0-0:amd64 2:1.0.25-1ubuntu2
2022-10-25 21:35:44 status installed libusb-1.0-0:amd64 2:1.0.25-1ubuntu2
2022-10-25 21:35:44 configure libstemmer0d:amd64 2.2.0-1build1 <none>
2022-10-25 21:35:44 status unpacked libstemmer0d:amd64 2.2.0-1build1
2022-10-25 21:35:44 status half-configured libstemmer0d:amd64 2.2.0-1build1
2022-10-25 21:35:44 status installed libstemmer0d:amd64 2.2.0-1build1
2022-10-25 21:35:44 configure tnftp:amd64 20210827-4build1 <none>
2022-10-25 21:35:44 status unpacked tnftp:amd64 20210827-4build1
2022-10-25 21:35:44 status half-configured tnftp:amd64 20210827-4build1
2022-10-25 21:35:44 status installed tnftp:amd64 20210827-4build1
2022-10-25 21:35:44 configure dmidecode:amd64 3.3-3ubuntu0.1 <none>
2022-10-25 21:35:44 status unpacked dmidecode:amd64 3.3-3ubuntu0.1
2022-10-25 21:35:44 status half-configured dmidecode:amd64 3.3-3ubuntu0.1
2022-10-25 21:35:44 status installed dmidecode:amd64 3.3-3ubuntu0.1
2022-10-25 21:35:44 configure libbinutils:amd64 2.38-4ubuntu2 <none>
2022-10-25 21:35:44 status unpacked libbinutils:amd64 2.38-4ubuntu2
2022-10-25 21:35:44 status half-configured libbinutils:amd64 2.38-4ubuntu2
2022-10-25 21:35:44 status installed libbinutils:amd64 2.38-4ubuntu2
2022-10-25 21:35:44 configure vim-runtime:all 2:8.2.3995-1ubuntu2.1 <none>
2022-10-25 21:35:44 status unpacked vim-runtime:all 2:8.2.3995-1ubuntu2.1
2022-10-25 21:35:44 status half-configured vim-runtime:all 2:8.2.3995-1ubuntu2.1
2022-10-25 21:35:44 status installed vim-runtime:all 2:8.2.3995-1ubuntu2.1
2022-10-25 21:35:45 configure libfido2-1:amd64 1.10.0-1 <none>
2022-10-25 21:35:45 status unpacked libfido2-1:amd64 1.10.0-1
2022-10-25 21:35:45 status half-configured libfido2-1:amd64 1.10.0-1
2022-10-25 21:35:45 status installed libfido2-1:amd64 1.10.0-1
2022-10-25 21:35:45 configure libdrm-common:all 2.4.110-1ubuntu1 <none>
2022-10-25 21:35:45 status unpacked libdrm-common:all 2.4.110-1ubuntu1
2022-10-25 21:35:45 status half-configured libdrm-common:all 2.4.110-1ubuntu1
2022-10-25 21:35:45 status installed libdrm-common:all 2.4.110-1ubuntu1
2022-10-25 21:35:45 configure run-one:all 1.17-0ubuntu1 <none>
2022-10-25 21:35:45 status unpacked run-one:all 1.17-0ubuntu1
2022-10-25 21:35:45 status half-configured run-one:all 1.17-0ubuntu1
2022-10-25 21:35:45 status installed run-one:all 1.17-0ubuntu1
2022-10-25 21:35:45 configure python3-distro-info:all 1.1build1 <none>
2022-10-25 21:35:45 status unpacked python3-distro-info:all 1.1build1
2022-10-25 21:35:45 status half-configured python3-distro-info:all 1.1build1
2022-10-25 21:35:45 status installed python3-distro-info:all 1.1build1
2022-10-25 21:35:45 configure publicsuffix:all 20211207.1025-1 <none>
2022-10-25 21:35:45 status unpacked publicsuffix:all 20211207.1025-1
2022-10-25 21:35:45 status half-configured publicsuffix:all 20211207.1025-1
2022-10-25 21:35:45 status installed publicsuffix:all 20211207.1025-1
2022-10-25 21:35:45 configure tmux:amd64 3.2a-4build1 <none>
2022-10-25 21:35:45 status unpacked tmux:amd64 3.2a-4build1
2022-10-25 21:35:45 status half-configured tmux:amd64 3.2a-4build1
2022-10-25 21:35:45 status installed tmux:amd64 3.2a-4build1
2022-10-25 21:35:45 configure libxmuu1:amd64 2:1.1.3-3 <none>
2022-10-25 21:35:45 status unpacked libxmuu1:amd64 2:1.1.3-3
2022-10-25 21:35:45 status half-configured libxmuu1:amd64 2:1.1.3-3
2022-10-25 21:35:45 status installed libxmuu1:amd64 2:1.1.3-3
2022-10-25 21:35:45 configure info:amd64 6.8-4build1 <none>
2022-10-25 21:35:45 status unpacked info:amd64 6.8-4build1
2022-10-25 21:35:45 status half-configured info:amd64 6.8-4build1
2022-10-25 21:35:45 status installed info:amd64 6.8-4build1
2022-10-25 21:35:45 configure gpg:amd64 2.2.27-3ubuntu2.1 <none>
2022-10-25 21:35:45 status unpacked gpg:amd64 2.2.27-3ubuntu2.1
2022-10-25 21:35:45 status half-configured gpg:amd64 2.2.27-3ubuntu2.1
2022-10-25 21:35:45 status installed gpg:amd64 2.2.27-3ubuntu2.1
2022-10-25 21:35:45 configure libpolkit-gobject-1-0:amd64 0.105-33 <none>
2022-10-25 21:35:45 status unpacked libpolkit-gobject-1-0:amd64 0.105-33
2022-10-25 21:35:45 status half-configured libpolkit-gobject-1-0:amd64 0.105-33
2022-10-25 21:35:45 status installed libpolkit-gobject-1-0:amd64 0.105-33
2022-10-25 21:35:45 configure iputils-tracepath:amd64 3:20211215-1 <none>
2022-10-25 21:35:45 status unpacked iputils-tracepath:amd64 3:20211215-1
2022-10-25 21:35:45 status half-configured iputils-tracepath:amd64 3:20211215-1
2022-10-25 21:35:45 status installed iputils-tracepath:amd64 3:20211215-1
2022-10-25 21:35:45 configure libgstreamer1.0-0:amd64 1.20.3-0ubuntu1 <none>
2022-10-25 21:35:45 status unpacked libgstreamer1.0-0:amd64 1.20.3-0ubuntu1
2022-10-25 21:35:45 status half-configured libgstreamer1.0-0:amd64 1.20.3-0ubuntu1
2022-10-25 21:35:45 status installed libgstreamer1.0-0:amd64 1.20.3-0ubuntu1
2022-10-25 21:35:45 configure rsync:amd64 3.2.3-8ubuntu3 <none>
2022-10-25 21:35:45 status unpacked rsync:amd64 3.2.3-8ubuntu3
2022-10-25 21:35:45 status half-configured rsync:amd64 3.2.3-8ubuntu3
2022-10-25 21:35:45 status installed rsync:amd64 3.2.3-8ubuntu3
2022-10-25 21:35:45 configure python3-systemd:amd64 234-3ubuntu2 <none>
2022-10-25 21:35:45 status unpacked python3-systemd:amd64 234-3ubuntu2
2022-10-25 21:35:45 status half-configured python3-systemd:amd64 234-3ubuntu2
2022-10-25 21:35:45 status installed python3-systemd:amd64 234-3ubuntu2
2022-10-25 21:35:45 configure python3-cffi-backend:amd64 1.15.0-1build2 <none>
2022-10-25 21:35:45 status unpacked python3-cffi-backend:amd64 1.15.0-1build2
2022-10-25 21:35:45 status half-configured python3-cffi-backend:amd64 1.15.0-1build2
2022-10-25 21:35:45 status installed python3-cffi-backend:amd64 1.15.0-1build2
2022-10-25 21:35:45 configure libgdbm6:amd64 1.23-1 <none>
2022-10-25 21:35:45 status unpacked libgdbm6:amd64 1.23-1
2022-10-25 21:35:45 status half-configured libgdbm6:amd64 1.23-1
2022-10-25 21:35:45 status installed libgdbm6:amd64 1.23-1
2022-10-25 21:35:45 configure gnupg-utils:amd64 2.2.27-3ubuntu2.1 <none>
2022-10-25 21:35:45 status unpacked gnupg-utils:amd64 2.2.27-3ubuntu2.1
2022-10-25 21:35:45 status half-configured gnupg-utils:amd64 2.2.27-3ubuntu2.1
2022-10-25 21:35:45 status installed gnupg-utils:amd64 2.2.27-3ubuntu2.1
2022-10-25 21:35:45 configure python3-blinker:all 1.4+dfsg1-0.4 <none>
2022-10-25 21:35:45 status unpacked python3-blinker:all 1.4+dfsg1-0.4
2022-10-25 21:35:45 status half-configured python3-blinker:all 1.4+dfsg1-0.4
2022-10-25 21:35:45 status installed python3-blinker:all 1.4+dfsg1-0.4
2022-10-25 21:35:45 configure libctf0:amd64 2.38-4ubuntu2 <none>
2022-10-25 21:35:45 status unpacked libctf0:amd64 2.38-4ubuntu2
2022-10-25 21:35:45 status half-configured libctf0:amd64 2.38-4ubuntu2
2022-10-25 21:35:45 status installed libctf0:amd64 2.38-4ubuntu2
2022-10-25 21:35:45 configure pinentry-curses:amd64 1.1.1-1build2 <none>
2022-10-25 21:35:45 status unpacked pinentry-curses:amd64 1.1.1-1build2
2022-10-25 21:35:45 status half-configured pinentry-curses:amd64 1.1.1-1build2
2022-10-25 21:35:45 status installed pinentry-curses:amd64 1.1.1-1build2
2022-10-25 21:35:45 configure byobu:all 5.133-1 <none>
2022-10-25 21:35:45 status unpacked byobu:all 5.133-1
2022-10-25 21:35:45 status half-configured byobu:all 5.133-1
2022-10-25 21:35:45 status installed byobu:all 5.133-1
2022-10-25 21:35:45 configure tcpdump:amd64 4.99.1-3build2 <none>
2022-10-25 21:35:45 status unpacked tcpdump:amd64 4.99.1-3build2
2022-10-25 21:35:45 status half-configured tcpdump:amd64 4.99.1-3build2
2022-10-25 21:35:45 status installed tcpdump:amd64 4.99.1-3build2
2022-10-25 21:35:45 configure libnftables1:amd64 1.0.2-1ubuntu3 <none>
2022-10-25 21:35:45 status unpacked libnftables1:amd64 1.0.2-1ubuntu3
2022-10-25 21:35:45 status half-configured libnftables1:amd64 1.0.2-1ubuntu3
2022-10-25 21:35:45 status installed libnftables1:amd64 1.0.2-1ubuntu3
2022-10-25 21:35:45 configure vim:amd64 2:8.2.3995-1ubuntu2.1 <none>
2022-10-25 21:35:45 status unpacked vim:amd64 2:8.2.3995-1ubuntu2.1
2022-10-25 21:35:45 status half-configured vim:amd64 2:8.2.3995-1ubuntu2.1
2022-10-25 21:35:45 status installed vim:amd64 2:8.2.3995-1ubuntu2.1
2022-10-25 21:35:45 configure gpg-agent:amd64 2.2.27-3ubuntu2.1 <none>
2022-10-25 21:35:45 status unpacked gpg-agent:amd64 2.2.27-3ubuntu2.1
2022-10-25 21:35:45 status half-configured gpg-agent:amd64 2.2.27-3ubuntu2.1
2022-10-25 21:35:46 status installed gpg-agent:amd64 2.2.27-3ubuntu2.1
2022-10-25 21:35:46 configure nftables:amd64 1.0.2-1ubuntu3 <none>
2022-10-25 21:35:46 status unpacked nftables:amd64 1.0.2-1ubuntu3
2022-10-25 21:35:46 status half-configured nftables:amd64 1.0.2-1ubuntu3
2022-10-25 21:35:46 status installed nftables:amd64 1.0.2-1ubuntu3
2022-10-25 21:35:46 configure irqbalance:amd64 1.8.0-1build1 <none>
2022-10-25 21:35:46 status unpacked irqbalance:amd64 1.8.0-1build1
2022-10-25 21:35:46 status half-configured irqbalance:amd64 1.8.0-1build1
2022-10-25 21:35:46 status installed irqbalance:amd64 1.8.0-1build1
2022-10-25 21:35:46 configure python3-importlib-metadata:all 4.6.4-1 <none>
2022-10-25 21:35:46 status unpacked python3-importlib-metadata:all 4.6.4-1
2022-10-25 21:35:46 status half-configured python3-importlib-metadata:all 4.6.4-1
2022-10-25 21:35:46 status installed python3-importlib-metadata:all 4.6.4-1
2022-10-25 21:35:46 configure squashfs-tools:amd64 1:4.5-3build1 <none>
2022-10-25 21:35:46 status unpacked squashfs-tools:amd64 1:4.5-3build1
2022-10-25 21:35:46 status half-configured squashfs-tools:amd64 1:4.5-3build1
2022-10-25 21:35:46 status installed squashfs-tools:amd64 1:4.5-3build1
2022-10-25 21:35:46 configure bind9-libs:amd64 1:9.18.1-1ubuntu1.2 <none>
2022-10-25 21:35:46 status unpacked bind9-libs:amd64 1:9.18.1-1ubuntu1.2
2022-10-25 21:35:46 status half-configured bind9-libs:amd64 1:9.18.1-1ubuntu1.2
2022-10-25 21:35:46 status installed bind9-libs:amd64 1:9.18.1-1ubuntu1.2
2022-10-25 21:35:46 configure python3-gdbm:amd64 3.10.6-1~22.04 <none>
2022-10-25 21:35:46 status unpacked python3-gdbm:amd64 3.10.6-1~22.04
2022-10-25 21:35:46 status half-configured python3-gdbm:amd64 3.10.6-1~22.04
2022-10-25 21:35:46 status installed python3-gdbm:amd64 3.10.6-1~22.04
2022-10-25 21:35:46 configure openssh-client:amd64 1:8.9p1-3 <none>
2022-10-25 21:35:46 status unpacked openssh-client:amd64 1:8.9p1-3
2022-10-25 21:35:46 status half-configured openssh-client:amd64 1:8.9p1-3
2022-10-25 21:35:46 status installed openssh-client:amd64 1:8.9p1-3
2022-10-25 21:35:46 configure gpgsm:amd64 2.2.27-3ubuntu2.1 <none>
2022-10-25 21:35:46 status unpacked gpgsm:amd64 2.2.27-3ubuntu2.1
2022-10-25 21:35:46 status half-configured gpgsm:amd64 2.2.27-3ubuntu2.1
2022-10-25 21:35:46 status installed gpgsm:amd64 2.2.27-3ubuntu2.1
2022-10-25 21:35:46 configure libxext6:amd64 2:1.3.4-1build1 <none>
2022-10-25 21:35:46 status unpacked libxext6:amd64 2:1.3.4-1build1
2022-10-25 21:35:46 status half-configured libxext6:amd64 2:1.3.4-1build1
2022-10-25 21:35:46 status installed libxext6:amd64 2:1.3.4-1build1
2022-10-25 21:35:46 configure screen:amd64 4.9.0-1 <none>
2022-10-25 21:35:46 status unpacked screen:amd64 4.9.0-1
2022-10-25 21:35:46 status half-configured screen:amd64 4.9.0-1
2022-10-25 21:35:46 status installed screen:amd64 4.9.0-1
2022-10-25 21:35:46 configure usbutils:amd64 1:014-1build1 <none>
2022-10-25 21:35:46 status unpacked usbutils:amd64 1:014-1build1
2022-10-25 21:35:46 status half-configured usbutils:amd64 1:014-1build1
2022-10-25 21:35:46 status installed usbutils:amd64 1:014-1build1
2022-10-25 21:35:46 configure libldap-2.5-0:amd64 2.5.13+dfsg-0ubuntu0.22.04.1 <none>
2022-10-25 21:35:46 status unpacked libldap-2.5-0:amd64 2.5.13+dfsg-0ubuntu0.22.04.1
2022-10-25 21:35:46 status half-configured libldap-2.5-0:amd64 2.5.13+dfsg-0ubuntu0.22.04.1
2022-10-25 21:35:46 status installed libldap-2.5-0:amd64 2.5.13+dfsg-0ubuntu0.22.04.1
2022-10-25 21:35:46 configure dirmngr:amd64 2.2.27-3ubuntu2.1 <none>
2022-10-25 21:35:46 status unpacked dirmngr:amd64 2.2.27-3ubuntu2.1
2022-10-25 21:35:46 status half-configured dirmngr:amd64 2.2.27-3ubuntu2.1
2022-10-25 21:35:46 status installed dirmngr:amd64 2.2.27-3ubuntu2.1
2022-10-25 21:35:46 configure unattended-upgrades:all 2.8ubuntu1 <none>
2022-10-25 21:35:46 status unpacked unattended-upgrades:all 2.8ubuntu1
2022-10-25 21:35:46 status half-configured unattended-upgrades:all 2.8ubuntu1
2022-10-25 21:35:47 status installed unattended-upgrades:all 2.8ubuntu1
2022-10-25 21:35:47 configure python3-cryptography:amd64 3.4.8-1ubuntu2 <none>
2022-10-25 21:35:47 status unpacked python3-cryptography:amd64 3.4.8-1ubuntu2
2022-10-25 21:35:47 status half-configured python3-cryptography:amd64 3.4.8-1ubuntu2
2022-10-25 21:35:47 status installed python3-cryptography:amd64 3.4.8-1ubuntu2
2022-10-25 21:35:47 configure python3-commandnotfound:all 22.04.0 <none>
2022-10-25 21:35:47 status unpacked python3-commandnotfound:all 22.04.0
2022-10-25 21:35:47 status half-configured python3-commandnotfound:all 22.04.0
2022-10-25 21:35:47 status installed python3-commandnotfound:all 22.04.0
2022-10-25 21:35:47 configure ftp:all 20210827-4build1 <none>
2022-10-25 21:35:47 status unpacked ftp:all 20210827-4build1
2022-10-25 21:35:47 status half-configured ftp:all 20210827-4build1
2022-10-25 21:35:47 status installed ftp:all 20210827-4build1
2022-10-25 21:35:47 configure libgdbm-compat4:amd64 1.23-1 <none>
2022-10-25 21:35:47 status unpacked libgdbm-compat4:amd64 1.23-1
2022-10-25 21:35:47 status half-configured libgdbm-compat4:amd64 1.23-1
2022-10-25 21:35:47 status installed libgdbm-compat4:amd64 1.23-1
2022-10-25 21:35:47 configure pciutils:amd64 1:3.7.0-6 <none>
2022-10-25 21:35:47 status unpacked pciutils:amd64 1:3.7.0-6
2022-10-25 21:35:47 status half-configured pciutils:amd64 1:3.7.0-6
2022-10-25 21:35:47 status installed pciutils:amd64 1:3.7.0-6
2022-10-25 21:35:47 configure gpg-wks-server:amd64 2.2.27-3ubuntu2.1 <none>
2022-10-25 21:35:47 status unpacked gpg-wks-server:amd64 2.2.27-3ubuntu2.1
2022-10-25 21:35:47 status half-configured gpg-wks-server:amd64 2.2.27-3ubuntu2.1
2022-10-25 21:35:47 status installed gpg-wks-server:amd64 2.2.27-3ubuntu2.1
2022-10-25 21:35:47 configure libparted2:amd64 3.4-2build1 <none>
2022-10-25 21:35:47 status unpacked libparted2:amd64 3.4-2build1
2022-10-25 21:35:47 status half-configured libparted2:amd64 3.4-2build1
2022-10-25 21:35:47 status installed libparted2:amd64 3.4-2build1
2022-10-25 21:35:47 configure libdrm2:amd64 2.4.110-1ubuntu1 <none>
2022-10-25 21:35:47 status unpacked libdrm2:amd64 2.4.110-1ubuntu1
2022-10-25 21:35:47 status half-configured libdrm2:amd64 2.4.110-1ubuntu1
2022-10-25 21:35:47 status installed libdrm2:amd64 2.4.110-1ubuntu1
2022-10-25 21:35:47 configure xauth:amd64 1:1.1-1build2 <none>
2022-10-25 21:35:47 status unpacked xauth:amd64 1:1.1-1build2
2022-10-25 21:35:47 status half-configured xauth:amd64 1:1.1-1build2
2022-10-25 21:35:47 status installed xauth:amd64 1:1.1-1build2
2022-10-25 21:35:47 configure libnetfilter-conntrack3:amd64 1.0.9-1 <none>
2022-10-25 21:35:47 status unpacked libnetfilter-conntrack3:amd64 1.0.9-1
2022-10-25 21:35:47 status half-configured libnetfilter-conntrack3:amd64 1.0.9-1
2022-10-25 21:35:47 status installed libnetfilter-conntrack3:amd64 1.0.9-1
2022-10-25 21:35:47 configure groff-base:amd64 1.22.4-8build1 <none>
2022-10-25 21:35:47 status unpacked groff-base:amd64 1.22.4-8build1
2022-10-25 21:35:47 status half-configured groff-base:amd64 1.22.4-8build1
2022-10-25 21:35:47 status installed groff-base:amd64 1.22.4-8build1
2022-10-25 21:35:47 configure dbus-x11:amd64 1.12.20-2ubuntu4 <none>
2022-10-25 21:35:47 status unpacked dbus-x11:amd64 1.12.20-2ubuntu4
2022-10-25 21:35:47 status half-configured dbus-x11:amd64 1.12.20-2ubuntu4
2022-10-25 21:35:47 status installed dbus-x11:amd64 1.12.20-2ubuntu4
2022-10-25 21:35:47 configure libnl-genl-3-200:amd64 3.5.0-0.1 <none>
2022-10-25 21:35:47 status unpacked libnl-genl-3-200:amd64 3.5.0-0.1
2022-10-25 21:35:47 status half-configured libnl-genl-3-200:amd64 3.5.0-0.1
2022-10-25 21:35:47 status installed libnl-genl-3-200:amd64 3.5.0-0.1
2022-10-25 21:35:47 configure libcurl4:amd64 7.81.0-1ubuntu1.4 <none>
2022-10-25 21:35:47 status unpacked libcurl4:amd64 7.81.0-1ubuntu1.4
2022-10-25 21:35:47 status half-configured libcurl4:amd64 7.81.0-1ubuntu1.4
2022-10-25 21:35:47 status installed libcurl4:amd64 7.81.0-1ubuntu1.4
2022-10-25 21:35:47 configure libpolkit-agent-1-0:amd64 0.105-33 <none>
2022-10-25 21:35:47 status unpacked libpolkit-agent-1-0:amd64 0.105-33
2022-10-25 21:35:47 status half-configured libpolkit-agent-1-0:amd64 0.105-33
2022-10-25 21:35:47 status installed libpolkit-agent-1-0:amd64 0.105-33
2022-10-25 21:35:47 configure curl:amd64 7.81.0-1ubuntu1.4 <none>
2022-10-25 21:35:47 status unpacked curl:amd64 7.81.0-1ubuntu1.4
2022-10-25 21:35:47 status half-configured curl:amd64 7.81.0-1ubuntu1.4
2022-10-25 21:35:47 status installed curl:amd64 7.81.0-1ubuntu1.4
2022-10-25 21:35:47 configure bind9-host:amd64 1:9.18.1-1ubuntu1.2 <none>
2022-10-25 21:35:47 status unpacked bind9-host:amd64 1:9.18.1-1ubuntu1.2
2022-10-25 21:35:47 status half-configured bind9-host:amd64 1:9.18.1-1ubuntu1.2
2022-10-25 21:35:47 status installed bind9-host:amd64 1:9.18.1-1ubuntu1.2
2022-10-25 21:35:47 configure polkitd:amd64 0.105-33 <none>
2022-10-25 21:35:47 status unpacked polkitd:amd64 0.105-33
2022-10-25 21:35:47 status half-configured polkitd:amd64 0.105-33
2022-10-25 21:35:47 status installed polkitd:amd64 0.105-33
2022-10-25 21:35:47 configure binutils-x86-64-linux-gnu:amd64 2.38-4ubuntu2 <none>
2022-10-25 21:35:47 status unpacked binutils-x86-64-linux-gnu:amd64 2.38-4ubuntu2
2022-10-25 21:35:47 status half-configured binutils-x86-64-linux-gnu:amd64 2.38-4ubuntu2
2022-10-25 21:35:47 status installed binutils-x86-64-linux-gnu:amd64 2.38-4ubuntu2
2022-10-25 21:35:47 configure snapd:amd64 2.57.5+22.04 <none>
2022-10-25 21:35:47 status unpacked snapd:amd64 2.57.5+22.04
2022-10-25 21:35:47 status half-configured snapd:amd64 2.57.5+22.04
2022-10-25 21:35:48 status installed snapd:amd64 2.57.5+22.04
2022-10-25 21:35:48 configure libperl5.34:amd64 5.34.0-3ubuntu1.1 <none>
2022-10-25 21:35:48 status unpacked libperl5.34:amd64 5.34.0-3ubuntu1.1
2022-10-25 21:35:48 status half-configured libperl5.34:amd64 5.34.0-3ubuntu1.1
2022-10-25 21:35:48 status installed libperl5.34:amd64 5.34.0-3ubuntu1.1
2022-10-25 21:35:48 configure gpg-wks-client:amd64 2.2.27-3ubuntu2.1 <none>
2022-10-25 21:35:48 status unpacked gpg-wks-client:amd64 2.2.27-3ubuntu2.1
2022-10-25 21:35:48 status half-configured gpg-wks-client:amd64 2.2.27-3ubuntu2.1
2022-10-25 21:35:48 status installed gpg-wks-client:amd64 2.2.27-3ubuntu2.1
2022-10-25 21:35:48 configure plymouth:amd64 0.9.5+git20211018-1ubuntu3 <none>
2022-10-25 21:35:48 status unpacked plymouth:amd64 0.9.5+git20211018-1ubuntu3
2022-10-25 21:35:48 status half-configured plymouth:amd64 0.9.5+git20211018-1ubuntu3
2022-10-25 21:35:48 status installed plymouth:amd64 0.9.5+git20211018-1ubuntu3
2022-10-25 21:35:48 configure iptables:amd64 1.8.7-1ubuntu5 <none>
2022-10-25 21:35:48 status unpacked iptables:amd64 1.8.7-1ubuntu5
2022-10-25 21:35:48 status half-configured iptables:amd64 1.8.7-1ubuntu5
2022-10-25 21:35:48 status installed iptables:amd64 1.8.7-1ubuntu5
2022-10-25 21:35:48 configure htop:amd64 3.0.5-7build2 <none>
2022-10-25 21:35:48 status unpacked htop:amd64 3.0.5-7build2
2022-10-25 21:35:48 status half-configured htop:amd64 3.0.5-7build2
2022-10-25 21:35:48 status installed htop:amd64 3.0.5-7build2
2022-10-25 21:35:48 configure pkexec:amd64 0.105-33 <none>
2022-10-25 21:35:48 status unpacked pkexec:amd64 0.105-33
2022-10-25 21:35:48 status half-configured pkexec:amd64 0.105-33
2022-10-25 21:35:48 status installed pkexec:amd64 0.105-33
2022-10-25 21:35:48 configure parted:amd64 3.4-2build1 <none>
2022-10-25 21:35:48 status unpacked parted:amd64 3.4-2build1
2022-10-25 21:35:48 status half-configured parted:amd64 3.4-2build1
2022-10-25 21:35:48 status installed parted:amd64 3.4-2build1
2022-10-25 21:35:48 configure libcurl3-gnutls:amd64 7.81.0-1ubuntu1.4 <none>
2022-10-25 21:35:48 status unpacked libcurl3-gnutls:amd64 7.81.0-1ubuntu1.4
2022-10-25 21:35:48 status half-configured libcurl3-gnutls:amd64 7.81.0-1ubuntu1.4
2022-10-25 21:35:48 status installed libcurl3-gnutls:amd64 7.81.0-1ubuntu1.4
2022-10-25 21:35:48 configure ufw:all 0.36.1-4build1 <none>
2022-10-25 21:35:48 status unpacked ufw:all 0.36.1-4build1
2022-10-25 21:35:48 status half-configured ufw:all 0.36.1-4build1
2022-10-25 21:35:49 status installed ufw:all 0.36.1-4build1
2022-10-25 21:35:49 configure binutils:amd64 2.38-4ubuntu2 <none>
2022-10-25 21:35:49 status unpacked binutils:amd64 2.38-4ubuntu2
2022-10-25 21:35:49 status half-configured binutils:amd64 2.38-4ubuntu2
2022-10-25 21:35:49 status installed binutils:amd64 2.38-4ubuntu2
2022-10-25 21:35:49 configure man-db:amd64 2.10.2-1 <none>
2022-10-25 21:35:49 status unpacked man-db:amd64 2.10.2-1
2022-10-25 21:35:49 status half-configured man-db:amd64 2.10.2-1
2022-10-25 21:35:50 status installed man-db:amd64 2.10.2-1
2022-10-25 21:35:50 configure libappstream4:amd64 0.15.2-2 <none>
2022-10-25 21:35:50 status unpacked libappstream4:amd64 0.15.2-2
2022-10-25 21:35:50 status half-configured libappstream4:amd64 0.15.2-2
2022-10-25 21:35:50 status installed libappstream4:amd64 0.15.2-2
2022-10-25 21:35:50 configure perl:amd64 5.34.0-3ubuntu1.1 <none>
2022-10-25 21:35:50 status unpacked perl:amd64 5.34.0-3ubuntu1.1
2022-10-25 21:35:50 status half-configured perl:amd64 5.34.0-3ubuntu1.1
2022-10-25 21:35:50 status installed perl:amd64 5.34.0-3ubuntu1.1
2022-10-25 21:35:50 configure plymouth-theme-ubuntu-text:amd64 0.9.5+git20211018-1ubuntu3 <none>
2022-10-25 21:35:50 status unpacked plymouth-theme-ubuntu-text:amd64 0.9.5+git20211018-1ubuntu3
2022-10-25 21:35:50 status half-configured plymouth-theme-ubuntu-text:amd64 0.9.5+git20211018-1ubuntu3
2022-10-25 21:35:50 status installed plymouth-theme-ubuntu-text:amd64 0.9.5+git20211018-1ubuntu3
2022-10-25 21:35:50 configure python3-oauthlib:all 3.2.0-1ubuntu0.1 <none>
2022-10-25 21:35:50 status unpacked python3-oauthlib:all 3.2.0-1ubuntu0.1
2022-10-25 21:35:50 status half-configured python3-oauthlib:all 3.2.0-1ubuntu0.1
2022-10-25 21:35:50 status installed python3-oauthlib:all 3.2.0-1ubuntu0.1
2022-10-25 21:35:50 configure python3-secretstorage:all 3.3.1-1 <none>
2022-10-25 21:35:50 status unpacked python3-secretstorage:all 3.3.1-1
2022-10-25 21:35:50 status half-configured python3-secretstorage:all 3.3.1-1
2022-10-25 21:35:50 status installed python3-secretstorage:all 3.3.1-1
2022-10-25 21:35:50 configure command-not-found:all 22.04.0 <none>
2022-10-25 21:35:50 status unpacked command-not-found:all 22.04.0
2022-10-25 21:35:50 status half-configured command-not-found:all 22.04.0
2022-10-25 21:35:50 status installed command-not-found:all 22.04.0
2022-10-25 21:35:50 configure gnupg:all 2.2.27-3ubuntu2.1 <none>
2022-10-25 21:35:50 status unpacked gnupg:all 2.2.27-3ubuntu2.1
2022-10-25 21:35:50 status half-configured gnupg:all 2.2.27-3ubuntu2.1
2022-10-25 21:35:50 status installed gnupg:all 2.2.27-3ubuntu2.1
2022-10-25 21:35:50 configure python3-keyring:all 23.5.0-1 <none>
2022-10-25 21:35:50 status unpacked python3-keyring:all 23.5.0-1
2022-10-25 21:35:50 status half-configured python3-keyring:all 23.5.0-1
2022-10-25 21:35:50 status installed python3-keyring:all 23.5.0-1
2022-10-25 21:35:50 configure bind9-dnsutils:amd64 1:9.18.1-1ubuntu1.2 <none>
2022-10-25 21:35:50 status unpacked bind9-dnsutils:amd64 1:9.18.1-1ubuntu1.2
2022-10-25 21:35:50 status half-configured bind9-dnsutils:amd64 1:9.18.1-1ubuntu1.2
2022-10-25 21:35:50 status installed bind9-dnsutils:amd64 1:9.18.1-1ubuntu1.2
2022-10-25 21:35:50 configure python3-lazr.restfulclient:all 0.14.4-1 <none>
2022-10-25 21:35:50 status unpacked python3-lazr.restfulclient:all 0.14.4-1
2022-10-25 21:35:50 status half-configured python3-lazr.restfulclient:all 0.14.4-1
2022-10-25 21:35:50 status installed python3-lazr.restfulclient:all 0.14.4-1
2022-10-25 21:35:50 configure policykit-1:amd64 0.105-33 <none>
2022-10-25 21:35:50 status unpacked policykit-1:amd64 0.105-33
2022-10-25 21:35:50 status half-configured policykit-1:amd64 0.105-33
2022-10-25 21:35:50 status installed policykit-1:amd64 0.105-33
2022-10-25 21:35:50 configure python3-launchpadlib:all 1.10.16-1 <none>
2022-10-25 21:35:50 status unpacked python3-launchpadlib:all 1.10.16-1
2022-10-25 21:35:50 status half-configured python3-launchpadlib:all 1.10.16-1
2022-10-25 21:35:50 status installed python3-launchpadlib:all 1.10.16-1
2022-10-25 21:35:50 configure ubuntu-standard:amd64 1.481 <none>
2022-10-25 21:35:50 status unpacked ubuntu-standard:amd64 1.481
2022-10-25 21:35:50 status half-configured ubuntu-standard:amd64 1.481
2022-10-25 21:35:50 status installed ubuntu-standard:amd64 1.481
2022-10-25 21:35:50 configure python3-apport:all 2.20.11-0ubuntu82.1 <none>
2022-10-25 21:35:50 status unpacked python3-apport:all 2.20.11-0ubuntu82.1
2022-10-25 21:35:50 status half-configured python3-apport:all 2.20.11-0ubuntu82.1
2022-10-25 21:35:50 status installed python3-apport:all 2.20.11-0ubuntu82.1
2022-10-25 21:35:50 configure liberror-perl:all 0.17029-1 <none>
2022-10-25 21:35:50 status unpacked liberror-perl:all 0.17029-1
2022-10-25 21:35:50 status half-configured liberror-perl:all 0.17029-1
2022-10-25 21:35:50 status installed liberror-perl:all 0.17029-1
2022-10-25 21:35:50 configure python3-software-properties:all 0.99.22.3 <none>
2022-10-25 21:35:50 status unpacked python3-software-properties:all 0.99.22.3
2022-10-25 21:35:50 status half-configured python3-software-properties:all 0.99.22.3
2022-10-25 21:35:50 status installed python3-software-properties:all 0.99.22.3
2022-10-25 21:35:50 configure git:amd64 1:2.34.1-1ubuntu1.5 <none>
2022-10-25 21:35:50 status unpacked git:amd64 1:2.34.1-1ubuntu1.5
2022-10-25 21:35:50 status half-configured git:amd64 1:2.34.1-1ubuntu1.5
2022-10-25 21:35:50 status installed git:amd64 1:2.34.1-1ubuntu1.5
2022-10-25 21:35:50 configure packagekit:amd64 1.2.5-2ubuntu2 <none>
2022-10-25 21:35:50 status unpacked packagekit:amd64 1.2.5-2ubuntu2
2022-10-25 21:35:50 status half-configured packagekit:amd64 1.2.5-2ubuntu2
2022-10-25 21:35:51 status installed packagekit:amd64 1.2.5-2ubuntu2
2022-10-25 21:35:51 configure packagekit-tools:amd64 1.2.5-2ubuntu2 <none>
2022-10-25 21:35:51 status unpacked packagekit-tools:amd64 1.2.5-2ubuntu2
2022-10-25 21:35:51 status half-configured packagekit-tools:amd64 1.2.5-2ubuntu2
2022-10-25 21:35:51 status installed packagekit-tools:amd64 1.2.5-2ubuntu2
2022-10-25 21:35:51 configure software-properties-common:all 0.99.22.3 <none>
2022-10-25 21:35:51 status unpacked software-properties-common:all 0.99.22.3
2022-10-25 21:35:51 status half-configured software-properties-common:all 0.99.22.3
2022-10-25 21:35:51 status installed software-properties-common:all 0.99.22.3
2022-10-25 21:35:51 configure apport:all 2.20.11-0ubuntu82.1 <none>
2022-10-25 21:35:51 status unpacked apport:all 2.20.11-0ubuntu82.1
2022-10-25 21:35:51 status half-configured apport:all 2.20.11-0ubuntu82.1
2022-10-25 21:35:51 status installed apport:all 2.20.11-0ubuntu82.1
2022-10-25 21:35:51 configure ubuntu-wsl:amd64 1.481 <none>
2022-10-25 21:35:51 status unpacked ubuntu-wsl:amd64 1.481
2022-10-25 21:35:51 status half-configured ubuntu-wsl:amd64 1.481
2022-10-25 21:35:51 status installed ubuntu-wsl:amd64 1.481
2022-10-25 21:35:51 configure python3-update-manager:all 1:22.04.9 <none>
2022-10-25 21:35:51 status unpacked python3-update-manager:all 1:22.04.9
2022-10-25 21:35:51 status half-configured python3-update-manager:all 1:22.04.9
2022-10-25 21:35:51 status installed python3-update-manager:all 1:22.04.9
2022-10-25 21:35:51 configure python3-distupgrade:all 1:22.04.14 <none>
2022-10-25 21:35:51 status unpacked python3-distupgrade:all 1:22.04.14
2022-10-25 21:35:51 status half-configured python3-distupgrade:all 1:22.04.14
2022-10-25 21:35:51 status installed python3-distupgrade:all 1:22.04.14
2022-10-25 21:35:51 configure ubuntu-release-upgrader-core:all 1:22.04.14 <none>
2022-10-25 21:35:51 status unpacked ubuntu-release-upgrader-core:all 1:22.04.14
2022-10-25 21:35:51 status half-configured ubuntu-release-upgrader-core:all 1:22.04.14
2022-10-25 21:35:51 status installed ubuntu-release-upgrader-core:all 1:22.04.14
2022-10-25 21:35:51 configure update-manager-core:all 1:22.04.9 <none>
2022-10-25 21:35:51 status unpacked update-manager-core:all 1:22.04.9
2022-10-25 21:35:51 status half-configured update-manager-core:all 1:22.04.9
2022-10-25 21:35:51 status installed update-manager-core:all 1:22.04.9
2022-10-25 21:35:51 trigproc install-info:amd64 6.8-4build1 <none>
2022-10-25 21:35:51 status half-configured install-info:amd64 6.8-4build1
2022-10-25 21:35:51 status installed install-info:amd64 6.8-4build1
2022-10-25 21:35:51 trigproc libc-bin:amd64 2.35-0ubuntu3.1 <none>
2022-10-25 21:35:51 status half-configured libc-bin:amd64 2.35-0ubuntu3.1
2022-10-25 21:35:51 status installed libc-bin:amd64 2.35-0ubuntu3.1
2022-10-25 21:35:51 trigproc rsyslog:amd64 8.2112.0-2ubuntu2.2 <none>
2022-10-25 21:35:51 status half-configured rsyslog:amd64 8.2112.0-2ubuntu2.2
2022-10-25 21:35:51 status installed rsyslog:amd64 8.2112.0-2ubuntu2.2
2022-10-25 21:35:51 trigproc dbus:amd64 1.12.20-2ubuntu4 <none>
2022-10-25 21:35:51 status half-configured dbus:amd64 1.12.20-2ubuntu4
2022-10-25 21:35:51 status installed dbus:amd64 1.12.20-2ubuntu4
2023-02-15 00:02:21 startup archives unpack
2023-02-15 00:02:22 install net-tools:amd64 <none> 1.60+git20181103.0eebece-1ubuntu5
2023-02-15 00:02:22 status half-installed net-tools:amd64 1.60+git20181103.0eebece-1ubuntu5
2023-02-15 00:02:22 status triggers-pending man-db:amd64 2.10.2-1
2023-02-15 00:02:22 status unpacked net-tools:amd64 1.60+git20181103.0eebece-1ubuntu5
2023-02-15 00:02:22 startup packages configure
2023-02-15 00:02:22 configure net-tools:amd64 1.60+git20181103.0eebece-1ubuntu5 <none>
2023-02-15 00:02:22 status unpacked net-tools:amd64 1.60+git20181103.0eebece-1ubuntu5
2023-02-15 00:02:22 status half-configured net-tools:amd64 1.60+git20181103.0eebece-1ubuntu5
2023-02-15 00:02:22 status installed net-tools:amd64 1.60+git20181103.0eebece-1ubuntu5
2023-02-15 00:02:22 trigproc man-db:amd64 2.10.2-1 <none>
2023-02-15 00:02:22 status half-configured man-db:amd64 2.10.2-1
2023-02-15 00:02:22 status installed man-db:amd64 2.10.2-1
2023-03-07 05:21:25 startup archives unpack
2023-03-07 05:21:25 install fonts-droid-fallback:all <none> 1:6.0.1r16-1.1build1
2023-03-07 05:21:25 status half-installed fonts-droid-fallback:all 1:6.0.1r16-1.1build1
2023-03-07 05:21:25 status unpacked fonts-droid-fallback:all 1:6.0.1r16-1.1build1
2023-03-07 05:21:25 install poppler-data:all <none> 0.4.11-1
2023-03-07 05:21:25 status half-installed poppler-data:all 0.4.11-1
2023-03-07 05:21:26 status unpacked poppler-data:all 0.4.11-1
2023-03-07 05:21:26 install hicolor-icon-theme:all <none> 0.17-2
2023-03-07 05:21:26 status half-installed hicolor-icon-theme:all 0.17-2
2023-03-07 05:21:26 status unpacked hicolor-icon-theme:all 0.17-2
2023-03-07 05:21:26 install libgdk-pixbuf2.0-common:all <none> 2.42.8+dfsg-1ubuntu0.2
2023-03-07 05:21:26 status half-installed libgdk-pixbuf2.0-common:all 2.42.8+dfsg-1ubuntu0.2
2023-03-07 05:21:26 status unpacked libgdk-pixbuf2.0-common:all 2.42.8+dfsg-1ubuntu0.2
2023-03-07 05:21:26 install libjpeg-turbo8:amd64 <none> 2.1.2-0ubuntu1
2023-03-07 05:21:26 status triggers-pending libc-bin:amd64 2.35-0ubuntu3.1
2023-03-07 05:21:26 status half-installed libjpeg-turbo8:amd64 2.1.2-0ubuntu1
2023-03-07 05:21:26 status unpacked libjpeg-turbo8:amd64 2.1.2-0ubuntu1
2023-03-07 05:21:26 install libjpeg8:amd64 <none> 8c-2ubuntu10
2023-03-07 05:21:26 status half-installed libjpeg8:amd64 8c-2ubuntu10
2023-03-07 05:21:26 status unpacked libjpeg8:amd64 8c-2ubuntu10
2023-03-07 05:21:26 install libdeflate0:amd64 <none> 1.10-2
2023-03-07 05:21:26 status half-installed libdeflate0:amd64 1.10-2
2023-03-07 05:21:26 status unpacked libdeflate0:amd64 1.10-2
2023-03-07 05:21:26 install libjbig0:amd64 <none> 2.1-3.1ubuntu0.22.04.1
2023-03-07 05:21:26 status half-installed libjbig0:amd64 2.1-3.1ubuntu0.22.04.1
2023-03-07 05:21:27 status unpacked libjbig0:amd64 2.1-3.1ubuntu0.22.04.1
2023-03-07 05:21:27 install libwebp7:amd64 <none> 1.2.2-2
2023-03-07 05:21:27 status half-installed libwebp7:amd64 1.2.2-2
2023-03-07 05:21:27 status unpacked libwebp7:amd64 1.2.2-2
2023-03-07 05:21:27 install libtiff5:amd64 <none> 4.3.0-6ubuntu0.4
2023-03-07 05:21:27 status half-installed libtiff5:amd64 4.3.0-6ubuntu0.4
2023-03-07 05:21:27 status unpacked libtiff5:amd64 4.3.0-6ubuntu0.4
2023-03-07 05:21:27 install libgdk-pixbuf-2.0-0:amd64 <none> 2.42.8+dfsg-1ubuntu0.2
2023-03-07 05:21:27 status half-installed libgdk-pixbuf-2.0-0:amd64 2.42.8+dfsg-1ubuntu0.2
2023-03-07 05:21:27 status unpacked libgdk-pixbuf-2.0-0:amd64 2.42.8+dfsg-1ubuntu0.2
2023-03-07 05:21:27 install gtk-update-icon-cache:amd64 <none> 3.24.33-1ubuntu2
2023-03-07 05:21:27 status half-installed gtk-update-icon-cache:amd64 3.24.33-1ubuntu2
2023-03-07 05:21:27 status triggers-pending man-db:amd64 2.10.2-1
2023-03-07 05:21:27 status unpacked gtk-update-icon-cache:amd64 3.24.33-1ubuntu2
2023-03-07 05:21:27 install humanity-icon-theme:all <none> 0.6.16
2023-03-07 05:21:27 status half-installed humanity-icon-theme:all 0.6.16
2023-03-07 05:21:30 status unpacked humanity-icon-theme:all 0.6.16
2023-03-07 05:21:30 install ubuntu-mono:all <none> 20.10-0ubuntu2
2023-03-07 05:21:30 status half-installed ubuntu-mono:all 20.10-0ubuntu2
2023-03-07 05:21:33 status unpacked ubuntu-mono:all 20.10-0ubuntu2
2023-03-07 05:21:33 install adwaita-icon-theme:all <none> 41.0-1ubuntu1
2023-03-07 05:21:33 status half-installed adwaita-icon-theme:all 41.0-1ubuntu1
2023-03-07 05:21:35 status unpacked adwaita-icon-theme:all 41.0-1ubuntu1
2023-03-07 05:21:35 install libaspell15:amd64 <none> 0.60.8-4build1
2023-03-07 05:21:35 status half-installed libaspell15:amd64 0.60.8-4build1
2023-03-07 05:21:35 status unpacked libaspell15:amd64 0.60.8-4build1
2023-03-07 05:21:35 install emacsen-common:all <none> 3.0.4
2023-03-07 05:21:35 status half-installed emacsen-common:all 3.0.4
2023-03-07 05:21:35 status unpacked emacsen-common:all 3.0.4
2023-03-07 05:21:35 install dictionaries-common:all <none> 1.28.14
2023-03-07 05:21:35 status half-installed dictionaries-common:all 1.28.14
2023-03-07 05:21:35 status unpacked dictionaries-common:all 1.28.14
2023-03-07 05:21:35 install aspell:amd64 <none> 0.60.8-4build1
2023-03-07 05:21:35 status half-installed aspell:amd64 0.60.8-4build1
2023-03-07 05:21:35 status unpacked aspell:amd64 0.60.8-4build1
2023-03-07 05:21:35 install aspell-en:all <none> 2018.04.16-0-1
2023-03-07 05:21:35 status half-installed aspell-en:all 2018.04.16-0-1
2023-03-07 05:21:36 status unpacked aspell-en:all 2018.04.16-0-1
2023-03-07 05:21:36 install libxi6:amd64 <none> 2:1.8-1build1
2023-03-07 05:21:36 status half-installed libxi6:amd64 2:1.8-1build1
2023-03-07 05:21:36 status unpacked libxi6:amd64 2:1.8-1build1
2023-03-07 05:21:36 install libatspi2.0-0:amd64 <none> 2.44.0-3
2023-03-07 05:21:36 status half-installed libatspi2.0-0:amd64 2.44.0-3
2023-03-07 05:21:36 status unpacked libatspi2.0-0:amd64 2.44.0-3
2023-03-07 05:21:36 install x11-common:all <none> 1:7.7+23ubuntu2
2023-03-07 05:21:36 status half-installed x11-common:all 1:7.7+23ubuntu2
2023-03-07 05:21:36 status unpacked x11-common:all 1:7.7+23ubuntu2
2023-03-07 05:21:36 install libxtst6:amd64 <none> 2:1.2.3-1build4
2023-03-07 05:21:36 status half-installed libxtst6:amd64 2:1.2.3-1build4
2023-03-07 05:21:36 status unpacked libxtst6:amd64 2:1.2.3-1build4
2023-03-07 05:21:36 install libdconf1:amd64 <none> 0.40.0-3
2023-03-07 05:21:36 status half-installed libdconf1:amd64 0.40.0-3
2023-03-07 05:21:36 status unpacked libdconf1:amd64 0.40.0-3
2023-03-07 05:21:36 install dconf-service:amd64 <none> 0.40.0-3
2023-03-07 05:21:36 status half-installed dconf-service:amd64 0.40.0-3
2023-03-07 05:21:36 status unpacked dconf-service:amd64 0.40.0-3
2023-03-07 05:21:36 install dconf-gsettings-backend:amd64 <none> 0.40.0-3
2023-03-07 05:21:36 status half-installed dconf-gsettings-backend:amd64 0.40.0-3
2023-03-07 05:21:36 status triggers-pending libglib2.0-0:amd64 2.72.1-1
2023-03-07 05:21:36 status unpacked dconf-gsettings-backend:amd64 0.40.0-3
2023-03-07 05:21:36 install session-migration:amd64 <none> 0.3.6
2023-03-07 05:21:36 status half-installed session-migration:amd64 0.3.6
2023-03-07 05:21:36 status unpacked session-migration:amd64 0.3.6
2023-03-07 05:21:36 install gsettings-desktop-schemas:all <none> 42.0-1ubuntu1
2023-03-07 05:21:36 status half-installed gsettings-desktop-schemas:all 42.0-1ubuntu1
2023-03-07 05:21:36 status unpacked gsettings-desktop-schemas:all 42.0-1ubuntu1
2023-03-07 05:21:36 install at-spi2-core:amd64 <none> 2.44.0-3
2023-03-07 05:21:36 status half-installed at-spi2-core:amd64 2.44.0-3
2023-03-07 05:21:37 status unpacked at-spi2-core:amd64 2.44.0-3
2023-03-07 05:21:37 install bubblewrap:amd64 <none> 0.6.1-1
2023-03-07 05:21:37 status half-installed bubblewrap:amd64 0.6.1-1
2023-03-07 05:21:37 status unpacked bubblewrap:amd64 0.6.1-1
2023-03-07 05:21:37 install hunspell-en-us:all <none> 1:2020.12.07-2
2023-03-07 05:21:37 status half-installed hunspell-en-us:all 1:2020.12.07-2
2023-03-07 05:21:37 status unpacked hunspell-en-us:all 1:2020.12.07-2
2023-03-07 05:21:37 install libhunspell-1.7-0:amd64 <none> 1.7.0-4build1
2023-03-07 05:21:37 status half-installed libhunspell-1.7-0:amd64 1.7.0-4build1
2023-03-07 05:21:37 status unpacked libhunspell-1.7-0:amd64 1.7.0-4build1
2023-03-07 05:21:37 install libenchant-2-2:amd64 <none> 2.3.2-1ubuntu2
2023-03-07 05:21:37 status half-installed libenchant-2-2:amd64 2.3.2-1ubuntu2
2023-03-07 05:21:37 status unpacked libenchant-2-2:amd64 2.3.2-1ubuntu2
2023-03-07 05:21:37 install enchant-2:amd64 <none> 2.3.2-1ubuntu2
2023-03-07 05:21:37 status half-installed enchant-2:amd64 2.3.2-1ubuntu2
2023-03-07 05:21:37 status unpacked enchant-2:amd64 2.3.2-1ubuntu2
2023-03-07 05:21:37 install evince-common:all <none> 42.3-0ubuntu3
2023-03-07 05:21:37 status half-installed evince-common:all 42.3-0ubuntu3
2023-03-07 05:21:37 status unpacked evince-common:all 42.3-0ubuntu3
2023-03-07 05:21:38 install libarchive13:amd64 <none> 3.6.0-1ubuntu1
2023-03-07 05:21:38 status half-installed libarchive13:amd64 3.6.0-1ubuntu1
2023-03-07 05:21:38 status unpacked libarchive13:amd64 3.6.0-1ubuntu1
2023-03-07 05:21:38 install libfreetype6:amd64 <none> 2.11.1+dfsg-1ubuntu0.1
2023-03-07 05:21:38 status half-installed libfreetype6:amd64 2.11.1+dfsg-1ubuntu0.1
2023-03-07 05:21:38 status unpacked libfreetype6:amd64 2.11.1+dfsg-1ubuntu0.1
2023-03-07 05:21:38 install fonts-dejavu-core:all <none> 2.37-2build1
2023-03-07 05:21:38 status half-installed fonts-dejavu-core:all 2.37-2build1
2023-03-07 05:21:38 status unpacked fonts-dejavu-core:all 2.37-2build1
2023-03-07 05:21:38 install fonts-urw-base35:all <none> 20200910-1
2023-03-07 05:21:38 status half-installed fonts-urw-base35:all 20200910-1
2023-03-07 05:21:39 status unpacked fonts-urw-base35:all 20200910-1
2023-03-07 05:21:39 install fontconfig-config:all <none> 2.13.1-4.2ubuntu5
2023-03-07 05:21:39 status half-installed fontconfig-config:all 2.13.1-4.2ubuntu5
2023-03-07 05:21:39 status unpacked fontconfig-config:all 2.13.1-4.2ubuntu5
2023-03-07 05:21:39 install libfontconfig1:amd64 <none> 2.13.1-4.2ubuntu5
2023-03-07 05:21:39 status half-installed libfontconfig1:amd64 2.13.1-4.2ubuntu5
2023-03-07 05:21:39 status unpacked libfontconfig1:amd64 2.13.1-4.2ubuntu5
2023-03-07 05:21:39 install libpixman-1-0:amd64 <none> 0.40.0-1ubuntu0.22.04.1
2023-03-07 05:21:39 status half-installed libpixman-1-0:amd64 0.40.0-1ubuntu0.22.04.1
2023-03-07 05:21:39 status unpacked libpixman-1-0:amd64 0.40.0-1ubuntu0.22.04.1
2023-03-07 05:21:39 install libxcb-render0:amd64 <none> 1.14-3ubuntu3
2023-03-07 05:21:39 status half-installed libxcb-render0:amd64 1.14-3ubuntu3
2023-03-07 05:21:39 status unpacked libxcb-render0:amd64 1.14-3ubuntu3
2023-03-07 05:21:39 install libxcb-shm0:amd64 <none> 1.14-3ubuntu3
2023-03-07 05:21:39 status half-installed libxcb-shm0:amd64 1.14-3ubuntu3
2023-03-07 05:21:39 status unpacked libxcb-shm0:amd64 1.14-3ubuntu3
2023-03-07 05:21:39 install libxrender1:amd64 <none> 1:0.9.10-1build4
2023-03-07 05:21:39 status half-installed libxrender1:amd64 1:0.9.10-1build4
2023-03-07 05:21:39 status unpacked libxrender1:amd64 1:0.9.10-1build4
2023-03-07 05:21:39 install libcairo2:amd64 <none> 1.16.0-5ubuntu2
2023-03-07 05:21:39 status half-installed libcairo2:amd64 1.16.0-5ubuntu2
2023-03-07 05:21:40 status unpacked libcairo2:amd64 1.16.0-5ubuntu2
2023-03-07 05:21:40 install libdjvulibre-text:all <none> 3.5.28-2build2
2023-03-07 05:21:40 status half-installed libdjvulibre-text:all 3.5.28-2build2
2023-03-07 05:21:40 status unpacked libdjvulibre-text:all 3.5.28-2build2
2023-03-07 05:21:40 install libdjvulibre21:amd64 <none> 3.5.28-2build2
2023-03-07 05:21:40 status half-installed libdjvulibre21:amd64 3.5.28-2build2
2023-03-07 05:21:40 status unpacked libdjvulibre21:amd64 3.5.28-2build2
2023-03-07 05:21:40 install libatk1.0-data:all <none> 2.36.0-3build1
2023-03-07 05:21:40 status half-installed libatk1.0-data:all 2.36.0-3build1
2023-03-07 05:21:40 status unpacked libatk1.0-data:all 2.36.0-3build1
2023-03-07 05:21:40 install libatk1.0-0:amd64 <none> 2.36.0-3build1
2023-03-07 05:21:40 status half-installed libatk1.0-0:amd64 2.36.0-3build1
2023-03-07 05:21:40 status unpacked libatk1.0-0:amd64 2.36.0-3build1
2023-03-07 05:21:40 install libatk-bridge2.0-0:amd64 <none> 2.38.0-3
2023-03-07 05:21:40 status half-installed libatk-bridge2.0-0:amd64 2.38.0-3
2023-03-07 05:21:40 status unpacked libatk-bridge2.0-0:amd64 2.38.0-3
2023-03-07 05:21:40 install libcairo-gobject2:amd64 <none> 1.16.0-5ubuntu2
2023-03-07 05:21:40 status half-installed libcairo-gobject2:amd64 1.16.0-5ubuntu2
2023-03-07 05:21:40 status unpacked libcairo-gobject2:amd64 1.16.0-5ubuntu2
2023-03-07 05:21:40 install liblcms2-2:amd64 <none> 2.12~rc1-2build2
2023-03-07 05:21:40 status half-installed liblcms2-2:amd64 2.12~rc1-2build2
2023-03-07 05:21:40 status unpacked liblcms2-2:amd64 2.12~rc1-2build2
2023-03-07 05:21:40 install libcolord2:amd64 <none> 1.4.6-1
2023-03-07 05:21:40 status half-installed libcolord2:amd64 1.4.6-1
2023-03-07 05:21:40 status unpacked libcolord2:amd64 1.4.6-1
2023-03-07 05:21:40 install libavahi-common-data:amd64 <none> 0.8-5ubuntu5
2023-03-07 05:21:40 status half-installed libavahi-common-data:amd64 0.8-5ubuntu5
2023-03-07 05:21:40 status unpacked libavahi-common-data:amd64 0.8-5ubuntu5
2023-03-07 05:21:40 install libavahi-common3:amd64 <none> 0.8-5ubuntu5
2023-03-07 05:21:40 status half-installed libavahi-common3:amd64 0.8-5ubuntu5
2023-03-07 05:21:40 status unpacked libavahi-common3:amd64 0.8-5ubuntu5
2023-03-07 05:21:40 install libavahi-client3:amd64 <none> 0.8-5ubuntu5
2023-03-07 05:21:40 status half-installed libavahi-client3:amd64 0.8-5ubuntu5
2023-03-07 05:21:41 status unpacked libavahi-client3:amd64 0.8-5ubuntu5
2023-03-07 05:21:41 install libcups2:amd64 <none> 2.4.1op1-1ubuntu4.1
2023-03-07 05:21:41 status half-installed libcups2:amd64 2.4.1op1-1ubuntu4.1
2023-03-07 05:21:41 status unpacked libcups2:amd64 2.4.1op1-1ubuntu4.1
2023-03-07 05:21:41 install libepoxy0:amd64 <none> 1.5.10-1
2023-03-07 05:21:41 status half-installed libepoxy0:amd64 1.5.10-1
2023-03-07 05:21:41 status unpacked libepoxy0:amd64 1.5.10-1
2023-03-07 05:21:41 install libgraphite2-3:amd64 <none> 1.3.14-1build2
2023-03-07 05:21:41 status half-installed libgraphite2-3:amd64 1.3.14-1build2
2023-03-07 05:21:41 status unpacked libgraphite2-3:amd64 1.3.14-1build2
2023-03-07 05:21:41 install libharfbuzz0b:amd64 <none> 2.7.4-1ubuntu3.1
2023-03-07 05:21:41 status half-installed libharfbuzz0b:amd64 2.7.4-1ubuntu3.1
2023-03-07 05:21:41 status unpacked libharfbuzz0b:amd64 2.7.4-1ubuntu3.1
2023-03-07 05:21:41 install fontconfig:amd64 <none> 2.13.1-4.2ubuntu5
2023-03-07 05:21:41 status half-installed fontconfig:amd64 2.13.1-4.2ubuntu5
2023-03-07 05:21:41 status unpacked fontconfig:amd64 2.13.1-4.2ubuntu5
2023-03-07 05:21:41 install libthai-data:all <none> 0.1.29-1build1
2023-03-07 05:21:41 status half-installed libthai-data:all 0.1.29-1build1
2023-03-07 05:21:41 status unpacked libthai-data:all 0.1.29-1build1
2023-03-07 05:21:41 install libdatrie1:amd64 <none> 0.2.13-2
2023-03-07 05:21:41 status half-installed libdatrie1:amd64 0.2.13-2
2023-03-07 05:21:41 status unpacked libdatrie1:amd64 0.2.13-2
2023-03-07 05:21:41 install libthai0:amd64 <none> 0.1.29-1build1
2023-03-07 05:21:41 status half-installed libthai0:amd64 0.1.29-1build1
2023-03-07 05:21:41 status unpacked libthai0:amd64 0.1.29-1build1
2023-03-07 05:21:41 install libpango-1.0-0:amd64 <none> 1.50.6+ds-2ubuntu1
2023-03-07 05:21:41 status half-installed libpango-1.0-0:amd64 1.50.6+ds-2ubuntu1
2023-03-07 05:21:41 status unpacked libpango-1.0-0:amd64 1.50.6+ds-2ubuntu1
2023-03-07 05:21:41 install libpangoft2-1.0-0:amd64 <none> 1.50.6+ds-2ubuntu1
2023-03-07 05:21:41 status half-installed libpangoft2-1.0-0:amd64 1.50.6+ds-2ubuntu1
2023-03-07 05:21:41 status unpacked libpangoft2-1.0-0:amd64 1.50.6+ds-2ubuntu1
2023-03-07 05:21:42 install libpangocairo-1.0-0:amd64 <none> 1.50.6+ds-2ubuntu1
2023-03-07 05:21:42 status half-installed libpangocairo-1.0-0:amd64 1.50.6+ds-2ubuntu1
2023-03-07 05:21:42 status unpacked libpangocairo-1.0-0:amd64 1.50.6+ds-2ubuntu1
2023-03-07 05:21:42 install libwayland-client0:amd64 <none> 1.20.0-1ubuntu0.1
2023-03-07 05:21:42 status half-installed libwayland-client0:amd64 1.20.0-1ubuntu0.1
2023-03-07 05:21:42 status unpacked libwayland-client0:amd64 1.20.0-1ubuntu0.1
2023-03-07 05:21:42 install libwayland-cursor0:amd64 <none> 1.20.0-1ubuntu0.1
2023-03-07 05:21:42 status half-installed libwayland-cursor0:amd64 1.20.0-1ubuntu0.1
2023-03-07 05:21:42 status unpacked libwayland-cursor0:amd64 1.20.0-1ubuntu0.1
2023-03-07 05:21:42 install libwayland-egl1:amd64 <none> 1.20.0-1ubuntu0.1
2023-03-07 05:21:42 status half-installed libwayland-egl1:amd64 1.20.0-1ubuntu0.1
2023-03-07 05:21:42 status unpacked libwayland-egl1:amd64 1.20.0-1ubuntu0.1
2023-03-07 05:21:42 install libxcomposite1:amd64 <none> 1:0.4.5-1build2
2023-03-07 05:21:42 status half-installed libxcomposite1:amd64 1:0.4.5-1build2
2023-03-07 05:21:42 status unpacked libxcomposite1:amd64 1:0.4.5-1build2
2023-03-07 05:21:42 install libxfixes3:amd64 <none> 1:6.0.0-1
2023-03-07 05:21:42 status half-installed libxfixes3:amd64 1:6.0.0-1
2023-03-07 05:21:42 status unpacked libxfixes3:amd64 1:6.0.0-1
2023-03-07 05:21:42 install libxcursor1:amd64 <none> 1:1.2.0-2build4
2023-03-07 05:21:42 status half-installed libxcursor1:amd64 1:1.2.0-2build4
2023-03-07 05:21:42 status unpacked libxcursor1:amd64 1:1.2.0-2build4
2023-03-07 05:21:42 install libxdamage1:amd64 <none> 1:1.1.5-2build2
2023-03-07 05:21:42 status half-installed libxdamage1:amd64 1:1.1.5-2build2
2023-03-07 05:21:42 status unpacked libxdamage1:amd64 1:1.1.5-2build2
2023-03-07 05:21:42 install libxinerama1:amd64 <none> 2:1.1.4-3
2023-03-07 05:21:42 status half-installed libxinerama1:amd64 2:1.1.4-3
2023-03-07 05:21:42 status unpacked libxinerama1:amd64 2:1.1.4-3
2023-03-07 05:21:42 install libxkbcommon0:amd64 <none> 1.4.0-1
2023-03-07 05:21:42 status half-installed libxkbcommon0:amd64 1.4.0-1
2023-03-07 05:21:42 status unpacked libxkbcommon0:amd64 1.4.0-1
2023-03-07 05:21:42 install libxrandr2:amd64 <none> 2:1.5.2-1build1
2023-03-07 05:21:42 status half-installed libxrandr2:amd64 2:1.5.2-1build1
2023-03-07 05:21:43 status unpacked libxrandr2:amd64 2:1.5.2-1build1
2023-03-07 05:21:43 install libgtk-3-common:all <none> 3.24.33-1ubuntu2
2023-03-07 05:21:43 status half-installed libgtk-3-common:all 3.24.33-1ubuntu2
2023-03-07 05:21:43 status unpacked libgtk-3-common:all 3.24.33-1ubuntu2
2023-03-07 05:21:43 install libgtk-3-0:amd64 <none> 3.24.33-1ubuntu2
2023-03-07 05:21:43 status half-installed libgtk-3-0:amd64 3.24.33-1ubuntu2
2023-03-07 05:21:43 status unpacked libgtk-3-0:amd64 3.24.33-1ubuntu2
2023-03-07 05:21:43 install libgxps2:amd64 <none> 0.3.2-2
2023-03-07 05:21:43 status half-installed libgxps2:amd64 0.3.2-2
2023-03-07 05:21:43 status unpacked libgxps2:amd64 0.3.2-2
2023-03-07 05:21:43 install libkpathsea6:amd64 <none> 2021.20210626.59705-1build1
2023-03-07 05:21:43 status half-installed libkpathsea6:amd64 2021.20210626.59705-1build1
2023-03-07 05:21:43 status unpacked libkpathsea6:amd64 2021.20210626.59705-1build1
2023-03-07 05:21:43 install libnspr4:amd64 <none> 2:4.32-3build1
2023-03-07 05:21:43 status half-installed libnspr4:amd64 2:4.32-3build1
2023-03-07 05:21:43 status unpacked libnspr4:amd64 2:4.32-3build1
2023-03-07 05:21:43 install libnss3:amd64 <none> 2:3.68.2-0ubuntu1.2
2023-03-07 05:21:43 status half-installed libnss3:amd64 2:3.68.2-0ubuntu1.2
2023-03-07 05:21:43 status unpacked libnss3:amd64 2:3.68.2-0ubuntu1.2
2023-03-07 05:21:44 install libopenjp2-7:amd64 <none> 2.4.0-6
2023-03-07 05:21:44 status half-installed libopenjp2-7:amd64 2.4.0-6
2023-03-07 05:21:44 status unpacked libopenjp2-7:amd64 2.4.0-6
2023-03-07 05:21:44 install libpoppler118:amd64 <none> 22.02.0-2ubuntu0.1
2023-03-07 05:21:44 status half-installed libpoppler118:amd64 22.02.0-2ubuntu0.1
2023-03-07 05:21:44 status unpacked libpoppler118:amd64 22.02.0-2ubuntu0.1
2023-03-07 05:21:44 install libpoppler-glib8:amd64 <none> 22.02.0-2ubuntu0.1
2023-03-07 05:21:44 status half-installed libpoppler-glib8:amd64 22.02.0-2ubuntu0.1
2023-03-07 05:21:44 status unpacked libpoppler-glib8:amd64 22.02.0-2ubuntu0.1
2023-03-07 05:21:44 install libgs9-common:all <none> 9.55.0~dfsg1-0ubuntu5.1
2023-03-07 05:21:44 status half-installed libgs9-common:all 9.55.0~dfsg1-0ubuntu5.1
2023-03-07 05:21:44 status unpacked libgs9-common:all 9.55.0~dfsg1-0ubuntu5.1
2023-03-07 05:21:44 install libidn12:amd64 <none> 1.38-4build1
2023-03-07 05:21:44 status half-installed libidn12:amd64 1.38-4build1
2023-03-07 05:21:44 status unpacked libidn12:amd64 1.38-4build1
2023-03-07 05:21:44 install libijs-0.35:amd64 <none> 0.35-15build2
2023-03-07 05:21:44 status half-installed libijs-0.35:amd64 0.35-15build2
2023-03-07 05:21:44 status unpacked libijs-0.35:amd64 0.35-15build2
2023-03-07 05:21:44 install libjbig2dec0:amd64 <none> 0.19-3build2
2023-03-07 05:21:44 status half-installed libjbig2dec0:amd64 0.19-3build2
2023-03-07 05:21:44 status unpacked libjbig2dec0:amd64 0.19-3build2
2023-03-07 05:21:45 install libpaper1:amd64 <none> 1.1.28build2
2023-03-07 05:21:45 status half-installed libpaper1:amd64 1.1.28build2
2023-03-07 05:21:45 status unpacked libpaper1:amd64 1.1.28build2
2023-03-07 05:21:45 install libgs9:amd64 <none> 9.55.0~dfsg1-0ubuntu5.1
2023-03-07 05:21:45 status half-installed libgs9:amd64 9.55.0~dfsg1-0ubuntu5.1
2023-03-07 05:21:45 status unpacked libgs9:amd64 9.55.0~dfsg1-0ubuntu5.1
2023-03-07 05:21:45 install libspectre1:amd64 <none> 0.2.10-1
2023-03-07 05:21:45 status half-installed libspectre1:amd64 0.2.10-1
2023-03-07 05:21:45 status unpacked libspectre1:amd64 0.2.10-1
2023-03-07 05:21:45 install libsynctex2:amd64 <none> 2021.20210626.59705-1build1
2023-03-07 05:21:45 status half-installed libsynctex2:amd64 2021.20210626.59705-1build1
2023-03-07 05:21:45 status unpacked libsynctex2:amd64 2021.20210626.59705-1build1
2023-03-07 05:21:45 install libevdocument3-4:amd64 <none> 42.3-0ubuntu3
2023-03-07 05:21:45 status half-installed libevdocument3-4:amd64 42.3-0ubuntu3
2023-03-07 05:21:45 status unpacked libevdocument3-4:amd64 42.3-0ubuntu3
2023-03-07 05:21:45 install libcdparanoia0:amd64 <none> 3.10.2+debian-14build2
2023-03-07 05:21:45 status half-installed libcdparanoia0:amd64 3.10.2+debian-14build2
2023-03-07 05:21:45 status unpacked libcdparanoia0:amd64 3.10.2+debian-14build2
2023-03-07 05:21:45 install liborc-0.4-0:amd64 <none> 1:0.4.32-2
2023-03-07 05:21:45 status half-installed liborc-0.4-0:amd64 1:0.4.32-2
2023-03-07 05:21:45 status unpacked liborc-0.4-0:amd64 1:0.4.32-2
2023-03-07 05:21:45 install libgstreamer-plugins-base1.0-0:amd64 <none> 1.20.1-1
2023-03-07 05:21:45 status half-installed libgstreamer-plugins-base1.0-0:amd64 1.20.1-1
2023-03-07 05:21:46 status unpacked libgstreamer-plugins-base1.0-0:amd64 1.20.1-1
2023-03-07 05:21:46 install libogg0:amd64 <none> 1.3.5-0ubuntu3
2023-03-07 05:21:46 status half-installed libogg0:amd64 1.3.5-0ubuntu3
2023-03-07 05:21:46 status unpacked libogg0:amd64 1.3.5-0ubuntu3
2023-03-07 05:21:46 install libopus0:amd64 <none> 1.3.1-0.1build2
2023-03-07 05:21:46 status half-installed libopus0:amd64 1.3.1-0.1build2
2023-03-07 05:21:46 status unpacked libopus0:amd64 1.3.1-0.1build2
2023-03-07 05:21:46 install libtheora0:amd64 <none> 1.1.1+dfsg.1-15ubuntu4
2023-03-07 05:21:46 status half-installed libtheora0:amd64 1.1.1+dfsg.1-15ubuntu4
2023-03-07 05:21:46 status unpacked libtheora0:amd64 1.1.1+dfsg.1-15ubuntu4
2023-03-07 05:21:46 install libvisual-0.4-0:amd64 <none> 0.4.0-17build2
2023-03-07 05:21:46 status half-installed libvisual-0.4-0:amd64 0.4.0-17build2
2023-03-07 05:21:46 status unpacked libvisual-0.4-0:amd64 0.4.0-17build2
2023-03-07 05:21:46 install libvorbis0a:amd64 <none> 1.3.7-1build2
2023-03-07 05:21:46 status half-installed libvorbis0a:amd64 1.3.7-1build2
2023-03-07 05:21:46 status unpacked libvorbis0a:amd64 1.3.7-1build2
2023-03-07 05:21:46 install libvorbisenc2:amd64 <none> 1.3.7-1build2
2023-03-07 05:21:46 status half-installed libvorbisenc2:amd64 1.3.7-1build2
2023-03-07 05:21:46 status unpacked libvorbisenc2:amd64 1.3.7-1build2
2023-03-07 05:21:46 install gstreamer1.0-plugins-base:amd64 <none> 1.20.1-1
2023-03-07 05:21:46 status half-installed gstreamer1.0-plugins-base:amd64 1.20.1-1
2023-03-07 05:21:46 status unpacked gstreamer1.0-plugins-base:amd64 1.20.1-1
2023-03-07 05:21:46 install libgspell-1-common:all <none> 1.9.1-4
2023-03-07 05:21:46 status half-installed libgspell-1-common:all 1.9.1-4
2023-03-07 05:21:46 status unpacked libgspell-1-common:all 1.9.1-4
2023-03-07 05:21:46 install libgspell-1-2:amd64 <none> 1.9.1-4
2023-03-07 05:21:46 status half-installed libgspell-1-2:amd64 1.9.1-4
2023-03-07 05:21:46 status unpacked libgspell-1-2:amd64 1.9.1-4
2023-03-07 05:21:47 install libevview3-3:amd64 <none> 42.3-0ubuntu3
2023-03-07 05:21:47 status half-installed libevview3-3:amd64 42.3-0ubuntu3
2023-03-07 05:21:47 status unpacked libevview3-3:amd64 42.3-0ubuntu3
2023-03-07 05:21:47 install gnome-desktop3-data:all <none> 42.5-0ubuntu1
2023-03-07 05:21:47 status half-installed gnome-desktop3-data:all 42.5-0ubuntu1
2023-03-07 05:21:47 status unpacked gnome-desktop3-data:all 42.5-0ubuntu1
2023-03-07 05:21:47 install libxkbregistry0:amd64 <none> 1.4.0-1
2023-03-07 05:21:47 status half-installed libxkbregistry0:amd64 1.4.0-1
2023-03-07 05:21:47 status unpacked libxkbregistry0:amd64 1.4.0-1
2023-03-07 05:21:47 install libgnome-desktop-3-19:amd64 <none> 42.5-0ubuntu1
2023-03-07 05:21:47 status half-installed libgnome-desktop-3-19:amd64 42.5-0ubuntu1
2023-03-07 05:21:47 status unpacked libgnome-desktop-3-19:amd64 42.5-0ubuntu1
2023-03-07 05:21:47 install libhandy-1-0:amd64 <none> 1.6.1-1
2023-03-07 05:21:47 status half-installed libhandy-1-0:amd64 1.6.1-1
2023-03-07 05:21:47 status unpacked libhandy-1-0:amd64 1.6.1-1
2023-03-07 05:21:47 install libnautilus-extension1a:amd64 <none> 1:42.2-0ubuntu2.1
2023-03-07 05:21:47 status half-installed libnautilus-extension1a:amd64 1:42.2-0ubuntu2.1
2023-03-07 05:21:47 status unpacked libnautilus-extension1a:amd64 1:42.2-0ubuntu2.1
2023-03-07 05:21:47 install libsecret-common:all <none> 0.20.5-2
2023-03-07 05:21:47 status half-installed libsecret-common:all 0.20.5-2
2023-03-07 05:21:47 status unpacked libsecret-common:all 0.20.5-2
2023-03-07 05:21:47 install libsecret-1-0:amd64 <none> 0.20.5-2
2023-03-07 05:21:47 status half-installed libsecret-1-0:amd64 0.20.5-2
2023-03-07 05:21:47 status unpacked libsecret-1-0:amd64 0.20.5-2
2023-03-07 05:21:47 install evince:amd64 <none> 42.3-0ubuntu3
2023-03-07 05:21:47 status half-installed evince:amd64 42.3-0ubuntu3
2023-03-07 05:21:47 status unpacked evince:amd64 42.3-0ubuntu3
2023-03-07 05:21:47 install fonts-noto-mono:all <none> 20201225-1build1
2023-03-07 05:21:47 status half-installed fonts-noto-mono:all 20201225-1build1
2023-03-07 05:21:48 status unpacked fonts-noto-mono:all 20201225-1build1
2023-03-07 05:21:48 install libgdk-pixbuf2.0-bin:amd64 <none> 2.42.8+dfsg-1ubuntu0.2
2023-03-07 05:21:48 status half-installed libgdk-pixbuf2.0-bin:amd64 2.42.8+dfsg-1ubuntu0.2
2023-03-07 05:21:48 status unpacked libgdk-pixbuf2.0-bin:amd64 2.42.8+dfsg-1ubuntu0.2
2023-03-07 05:21:48 install libgtk-3-bin:amd64 <none> 3.24.33-1ubuntu2
2023-03-07 05:21:48 status half-installed libgtk-3-bin:amd64 3.24.33-1ubuntu2
2023-03-07 05:21:48 status unpacked libgtk-3-bin:amd64 3.24.33-1ubuntu2
2023-03-07 05:21:48 install libpaper-utils:amd64 <none> 1.1.28build2
2023-03-07 05:21:48 status half-installed libpaper-utils:amd64 1.1.28build2
2023-03-07 05:21:48 status unpacked libpaper-utils:amd64 1.1.28build2
2023-03-07 05:21:48 install librsvg2-2:amd64 <none> 2.52.5+dfsg-3
2023-03-07 05:21:48 status half-installed librsvg2-2:amd64 2.52.5+dfsg-3
2023-03-07 05:21:48 status unpacked librsvg2-2:amd64 2.52.5+dfsg-3
2023-03-07 05:21:48 install librsvg2-common:amd64 <none> 2.52.5+dfsg-3
2023-03-07 05:21:48 status half-installed librsvg2-common:amd64 2.52.5+dfsg-3
2023-03-07 05:21:48 status unpacked librsvg2-common:amd64 2.52.5+dfsg-3
2023-03-07 05:21:48 startup packages configure
2023-03-07 05:21:48 configure bubblewrap:amd64 0.6.1-1 <none>
2023-03-07 05:21:48 status unpacked bubblewrap:amd64 0.6.1-1
2023-03-07 05:21:48 status half-configured bubblewrap:amd64 0.6.1-1
2023-03-07 05:21:48 status installed bubblewrap:amd64 0.6.1-1
2023-03-07 05:21:48 configure libgraphite2-3:amd64 1.3.14-1build2 <none>
2023-03-07 05:21:48 status unpacked libgraphite2-3:amd64 1.3.14-1build2
2023-03-07 05:21:48 status half-configured libgraphite2-3:amd64 1.3.14-1build2
2023-03-07 05:21:48 status installed libgraphite2-3:amd64 1.3.14-1build2
2023-03-07 05:21:48 configure liblcms2-2:amd64 2.12~rc1-2build2 <none>
2023-03-07 05:21:48 status unpacked liblcms2-2:amd64 2.12~rc1-2build2
2023-03-07 05:21:48 status half-configured liblcms2-2:amd64 2.12~rc1-2build2
2023-03-07 05:21:48 status installed liblcms2-2:amd64 2.12~rc1-2build2
2023-03-07 05:21:48 configure libpixman-1-0:amd64 0.40.0-1ubuntu0.22.04.1 <none>
2023-03-07 05:21:48 status unpacked libpixman-1-0:amd64 0.40.0-1ubuntu0.22.04.1
2023-03-07 05:21:48 status half-configured libpixman-1-0:amd64 0.40.0-1ubuntu0.22.04.1
2023-03-07 05:21:48 status installed libpixman-1-0:amd64 0.40.0-1ubuntu0.22.04.1
2023-03-07 05:21:48 configure libcdparanoia0:amd64 3.10.2+debian-14build2 <none>
2023-03-07 05:21:48 status unpacked libcdparanoia0:amd64 3.10.2+debian-14build2
2023-03-07 05:21:48 status half-configured libcdparanoia0:amd64 3.10.2+debian-14build2
2023-03-07 05:21:48 status installed libcdparanoia0:amd64 3.10.2+debian-14build2
2023-03-07 05:21:48 configure libpaper1:amd64 1.1.28build2 <none>
2023-03-07 05:21:48 status unpacked libpaper1:amd64 1.1.28build2
2023-03-07 05:21:48 status half-configured libpaper1:amd64 1.1.28build2
2023-03-07 05:21:49 status installed libpaper1:amd64 1.1.28build2
2023-03-07 05:21:49 configure session-migration:amd64 0.3.6 <none>
2023-03-07 05:21:49 status unpacked session-migration:amd64 0.3.6
2023-03-07 05:21:49 status half-configured session-migration:amd64 0.3.6
2023-03-07 05:21:49 status installed session-migration:amd64 0.3.6
2023-03-07 05:21:49 configure libxdamage1:amd64 1:1.1.5-2build2 <none>
2023-03-07 05:21:49 status unpacked libxdamage1:amd64 1:1.1.5-2build2
2023-03-07 05:21:49 status half-configured libxdamage1:amd64 1:1.1.5-2build2
2023-03-07 05:21:49 status installed libxdamage1:amd64 1:1.1.5-2build2
2023-03-07 05:21:49 configure libogg0:amd64 1.3.5-0ubuntu3 <none>
2023-03-07 05:21:49 status unpacked libogg0:amd64 1.3.5-0ubuntu3
2023-03-07 05:21:49 status half-configured libogg0:amd64 1.3.5-0ubuntu3
2023-03-07 05:21:49 status installed libogg0:amd64 1.3.5-0ubuntu3
2023-03-07 05:21:49 configure fonts-noto-mono:all 20201225-1build1 <none>
2023-03-07 05:21:49 status unpacked fonts-noto-mono:all 20201225-1build1
2023-03-07 05:21:49 status half-configured fonts-noto-mono:all 20201225-1build1
2023-03-07 05:21:49 status installed fonts-noto-mono:all 20201225-1build1
2023-03-07 05:21:49 configure hicolor-icon-theme:all 0.17-2 <none>
2023-03-07 05:21:49 status unpacked hicolor-icon-theme:all 0.17-2
2023-03-07 05:21:49 status half-configured hicolor-icon-theme:all 0.17-2
2023-03-07 05:21:49 status installed hicolor-icon-theme:all 0.17-2
2023-03-07 05:21:49 configure libxi6:amd64 2:1.8-1build1 <none>
2023-03-07 05:21:49 status unpacked libxi6:amd64 2:1.8-1build1
2023-03-07 05:21:49 status half-configured libxi6:amd64 2:1.8-1build1
2023-03-07 05:21:49 status installed libxi6:amd64 2:1.8-1build1
2023-03-07 05:21:49 configure libxrender1:amd64 1:0.9.10-1build4 <none>
2023-03-07 05:21:49 status unpacked libxrender1:amd64 1:0.9.10-1build4
2023-03-07 05:21:49 status half-configured libxrender1:amd64 1:0.9.10-1build4
2023-03-07 05:21:49 status installed libxrender1:amd64 1:0.9.10-1build4
2023-03-07 05:21:49 configure libdatrie1:amd64 0.2.13-2 <none>
2023-03-07 05:21:49 status unpacked libdatrie1:amd64 0.2.13-2
2023-03-07 05:21:49 status half-configured libdatrie1:amd64 0.2.13-2
2023-03-07 05:21:49 status installed libdatrie1:amd64 0.2.13-2
2023-03-07 05:21:49 configure libgspell-1-common:all 1.9.1-4 <none>
2023-03-07 05:21:49 status unpacked libgspell-1-common:all 1.9.1-4
2023-03-07 05:21:49 status half-configured libgspell-1-common:all 1.9.1-4
2023-03-07 05:21:49 status installed libgspell-1-common:all 1.9.1-4
2023-03-07 05:21:49 configure evince-common:all 42.3-0ubuntu3 <none>
2023-03-07 05:21:49 status unpacked evince-common:all 42.3-0ubuntu3
2023-03-07 05:21:49 status half-configured evince-common:all 42.3-0ubuntu3
2023-03-07 05:21:49 status installed evince-common:all 42.3-0ubuntu3
2023-03-07 05:21:49 configure libvisual-0.4-0:amd64 0.4.0-17build2 <none>
2023-03-07 05:21:49 status unpacked libvisual-0.4-0:amd64 0.4.0-17build2
2023-03-07 05:21:49 status half-configured libvisual-0.4-0:amd64 0.4.0-17build2
2023-03-07 05:21:49 status installed libvisual-0.4-0:amd64 0.4.0-17build2
2023-03-07 05:21:49 configure libarchive13:amd64 3.6.0-1ubuntu1 <none>
2023-03-07 05:21:49 status unpacked libarchive13:amd64 3.6.0-1ubuntu1
2023-03-07 05:21:49 status half-configured libarchive13:amd64 3.6.0-1ubuntu1
2023-03-07 05:21:49 status installed libarchive13:amd64 3.6.0-1ubuntu1
2023-03-07 05:21:49 configure libxcb-render0:amd64 1.14-3ubuntu3 <none>
2023-03-07 05:21:49 status unpacked libxcb-render0:amd64 1.14-3ubuntu3
2023-03-07 05:21:49 status half-configured libxcb-render0:amd64 1.14-3ubuntu3
2023-03-07 05:21:49 status installed libxcb-render0:amd64 1.14-3ubuntu3
2023-03-07 05:21:49 configure libaspell15:amd64 0.60.8-4build1 <none>
2023-03-07 05:21:49 status unpacked libaspell15:amd64 0.60.8-4build1
2023-03-07 05:21:49 status half-configured libaspell15:amd64 0.60.8-4build1
2023-03-07 05:21:49 status installed libaspell15:amd64 0.60.8-4build1
2023-03-07 05:21:49 configure libijs-0.35:amd64 0.35-15build2 <none>
2023-03-07 05:21:49 status unpacked libijs-0.35:amd64 0.35-15build2
2023-03-07 05:21:49 status half-configured libijs-0.35:amd64 0.35-15build2
2023-03-07 05:21:49 status installed libijs-0.35:amd64 0.35-15build2
2023-03-07 05:21:49 configure libgdk-pixbuf2.0-common:all 2.42.8+dfsg-1ubuntu0.2 <none>
2023-03-07 05:21:49 status unpacked libgdk-pixbuf2.0-common:all 2.42.8+dfsg-1ubuntu0.2
2023-03-07 05:21:49 status half-configured libgdk-pixbuf2.0-common:all 2.42.8+dfsg-1ubuntu0.2
2023-03-07 05:21:49 status installed libgdk-pixbuf2.0-common:all 2.42.8+dfsg-1ubuntu0.2
2023-03-07 05:21:49 configure x11-common:all 1:7.7+23ubuntu2 <none>
2023-03-07 05:21:49 status unpacked x11-common:all 1:7.7+23ubuntu2
2023-03-07 05:21:50 status half-configured x11-common:all 1:7.7+23ubuntu2
2023-03-07 05:21:50 status installed x11-common:all 1:7.7+23ubuntu2
2023-03-07 05:21:50 configure libdeflate0:amd64 1.10-2 <none>
2023-03-07 05:21:50 status unpacked libdeflate0:amd64 1.10-2
2023-03-07 05:21:50 status half-configured libdeflate0:amd64 1.10-2
2023-03-07 05:21:50 status installed libdeflate0:amd64 1.10-2
2023-03-07 05:21:50 configure libxcb-shm0:amd64 1.14-3ubuntu3 <none>
2023-03-07 05:21:50 status unpacked libxcb-shm0:amd64 1.14-3ubuntu3
2023-03-07 05:21:50 status half-configured libxcb-shm0:amd64 1.14-3ubuntu3
2023-03-07 05:21:50 status installed libxcb-shm0:amd64 1.14-3ubuntu3
2023-03-07 05:21:50 configure libpaper-utils:amd64 1.1.28build2 <none>
2023-03-07 05:21:50 status unpacked libpaper-utils:amd64 1.1.28build2
2023-03-07 05:21:50 status half-configured libpaper-utils:amd64 1.1.28build2
2023-03-07 05:21:50 status installed libpaper-utils:amd64 1.1.28build2
2023-03-07 05:21:50 configure libatspi2.0-0:amd64 2.44.0-3 <none>
2023-03-07 05:21:50 status unpacked libatspi2.0-0:amd64 2.44.0-3
2023-03-07 05:21:50 status half-configured libatspi2.0-0:amd64 2.44.0-3
2023-03-07 05:21:50 status installed libatspi2.0-0:amd64 2.44.0-3
2023-03-07 05:21:50 configure fonts-urw-base35:all 20200910-1 <none>
2023-03-07 05:21:50 status unpacked fonts-urw-base35:all 20200910-1
2023-03-07 05:21:50 status half-configured fonts-urw-base35:all 20200910-1
2023-03-07 05:21:50 status installed fonts-urw-base35:all 20200910-1
2023-03-07 05:21:50 configure libjbig0:amd64 2.1-3.1ubuntu0.22.04.1 <none>
2023-03-07 05:21:50 status unpacked libjbig0:amd64 2.1-3.1ubuntu0.22.04.1
2023-03-07 05:21:50 status half-configured libjbig0:amd64 2.1-3.1ubuntu0.22.04.1
2023-03-07 05:21:50 status installed libjbig0:amd64 2.1-3.1ubuntu0.22.04.1
2023-03-07 05:21:50 configure libcolord2:amd64 1.4.6-1 <none>
2023-03-07 05:21:50 status unpacked libcolord2:amd64 1.4.6-1
2023-03-07 05:21:50 status half-configured libcolord2:amd64 1.4.6-1
2023-03-07 05:21:50 status installed libcolord2:amd64 1.4.6-1
2023-03-07 05:21:50 configure poppler-data:all 0.4.11-1 <none>
2023-03-07 05:21:50 status unpacked poppler-data:all 0.4.11-1
2023-03-07 05:21:50 status half-configured poppler-data:all 0.4.11-1
2023-03-07 05:21:50 status installed poppler-data:all 0.4.11-1
2023-03-07 05:21:50 configure libdconf1:amd64 0.40.0-3 <none>
2023-03-07 05:21:50 status unpacked libdconf1:amd64 0.40.0-3
2023-03-07 05:21:50 status half-configured libdconf1:amd64 0.40.0-3
2023-03-07 05:21:50 status installed libdconf1:amd64 0.40.0-3
2023-03-07 05:21:50 configure gnome-desktop3-data:all 42.5-0ubuntu1 <none>
2023-03-07 05:21:50 status unpacked gnome-desktop3-data:all 42.5-0ubuntu1
2023-03-07 05:21:50 status half-configured gnome-desktop3-data:all 42.5-0ubuntu1
2023-03-07 05:21:50 status installed gnome-desktop3-data:all 42.5-0ubuntu1
2023-03-07 05:21:50 configure emacsen-common:all 3.0.4 <none>
2023-03-07 05:21:50 status unpacked emacsen-common:all 3.0.4
2023-03-07 05:21:50 status half-configured emacsen-common:all 3.0.4
2023-03-07 05:21:50 status installed emacsen-common:all 3.0.4
2023-03-07 05:21:50 configure libfreetype6:amd64 2.11.1+dfsg-1ubuntu0.1 <none>
2023-03-07 05:21:50 status unpacked libfreetype6:amd64 2.11.1+dfsg-1ubuntu0.1
2023-03-07 05:21:50 status half-configured libfreetype6:amd64 2.11.1+dfsg-1ubuntu0.1
2023-03-07 05:21:50 status installed libfreetype6:amd64 2.11.1+dfsg-1ubuntu0.1
2023-03-07 05:21:50 configure libepoxy0:amd64 1.5.10-1 <none>
2023-03-07 05:21:50 status unpacked libepoxy0:amd64 1.5.10-1
2023-03-07 05:21:50 status half-configured libepoxy0:amd64 1.5.10-1
2023-03-07 05:21:50 status installed libepoxy0:amd64 1.5.10-1
2023-03-07 05:21:50 configure libnspr4:amd64 2:4.32-3build1 <none>
2023-03-07 05:21:50 status unpacked libnspr4:amd64 2:4.32-3build1
2023-03-07 05:21:50 status half-configured libnspr4:amd64 2:4.32-3build1
2023-03-07 05:21:50 status installed libnspr4:amd64 2:4.32-3build1
2023-03-07 05:21:50 configure libxfixes3:amd64 1:6.0.0-1 <none>
2023-03-07 05:21:50 status unpacked libxfixes3:amd64 1:6.0.0-1
2023-03-07 05:21:50 status half-configured libxfixes3:amd64 1:6.0.0-1
2023-03-07 05:21:50 status installed libxfixes3:amd64 1:6.0.0-1
2023-03-07 05:21:50 configure libjbig2dec0:amd64 0.19-3build2 <none>
2023-03-07 05:21:50 status unpacked libjbig2dec0:amd64 0.19-3build2
2023-03-07 05:21:50 status half-configured libjbig2dec0:amd64 0.19-3build2
2023-03-07 05:21:50 status installed libjbig2dec0:amd64 0.19-3build2
2023-03-07 05:21:50 configure libavahi-common-data:amd64 0.8-5ubuntu5 <none>
2023-03-07 05:21:50 status unpacked libavahi-common-data:amd64 0.8-5ubuntu5
2023-03-07 05:21:50 status half-configured libavahi-common-data:amd64 0.8-5ubuntu5
2023-03-07 05:21:51 status installed libavahi-common-data:amd64 0.8-5ubuntu5
2023-03-07 05:21:51 configure libopus0:amd64 1.3.1-0.1build2 <none>
2023-03-07 05:21:51 status unpacked libopus0:amd64 1.3.1-0.1build2
2023-03-07 05:21:51 status half-configured libopus0:amd64 1.3.1-0.1build2
2023-03-07 05:21:51 status installed libopus0:amd64 1.3.1-0.1build2
2023-03-07 05:21:51 configure libxinerama1:amd64 2:1.1.4-3 <none>
2023-03-07 05:21:51 status unpacked libxinerama1:amd64 2:1.1.4-3
2023-03-07 05:21:51 status half-configured libxinerama1:amd64 2:1.1.4-3
2023-03-07 05:21:51 status installed libxinerama1:amd64 2:1.1.4-3
2023-03-07 05:21:51 configure libvorbis0a:amd64 1.3.7-1build2 <none>
2023-03-07 05:21:51 status unpacked libvorbis0a:amd64 1.3.7-1build2
2023-03-07 05:21:51 status half-configured libvorbis0a:amd64 1.3.7-1build2
2023-03-07 05:21:51 status installed libvorbis0a:amd64 1.3.7-1build2
2023-03-07 05:21:51 configure libidn12:amd64 1.38-4build1 <none>
2023-03-07 05:21:51 status unpacked libidn12:amd64 1.38-4build1
2023-03-07 05:21:51 status half-configured libidn12:amd64 1.38-4build1
2023-03-07 05:21:51 status installed libidn12:amd64 1.38-4build1
2023-03-07 05:21:51 configure libxrandr2:amd64 2:1.5.2-1build1 <none>
2023-03-07 05:21:51 status unpacked libxrandr2:amd64 2:1.5.2-1build1
2023-03-07 05:21:51 status half-configured libxrandr2:amd64 2:1.5.2-1build1
2023-03-07 05:21:51 status installed libxrandr2:amd64 2:1.5.2-1build1
2023-03-07 05:21:51 configure liborc-0.4-0:amd64 1:0.4.32-2 <none>
2023-03-07 05:21:51 status unpacked liborc-0.4-0:amd64 1:0.4.32-2
2023-03-07 05:21:51 status half-configured liborc-0.4-0:amd64 1:0.4.32-2
2023-03-07 05:21:51 status installed liborc-0.4-0:amd64 1:0.4.32-2
2023-03-07 05:21:51 configure fonts-dejavu-core:all 2.37-2build1 <none>
2023-03-07 05:21:51 status unpacked fonts-dejavu-core:all 2.37-2build1
2023-03-07 05:21:51 status half-configured fonts-dejavu-core:all 2.37-2build1
2023-03-07 05:21:51 status installed fonts-dejavu-core:all 2.37-2build1
2023-03-07 05:21:51 configure libjpeg-turbo8:amd64 2.1.2-0ubuntu1 <none>
2023-03-07 05:21:51 status unpacked libjpeg-turbo8:amd64 2.1.2-0ubuntu1
2023-03-07 05:21:51 status half-configured libjpeg-turbo8:amd64 2.1.2-0ubuntu1
2023-03-07 05:21:51 status installed libjpeg-turbo8:amd64 2.1.2-0ubuntu1
2023-03-07 05:21:51 configure libkpathsea6:amd64 2021.20210626.59705-1build1 <none>
2023-03-07 05:21:51 status unpacked libkpathsea6:amd64 2021.20210626.59705-1build1
2023-03-07 05:21:51 status half-configured libkpathsea6:amd64 2021.20210626.59705-1build1
2023-03-07 05:21:51 status installed libkpathsea6:amd64 2021.20210626.59705-1build1
2023-03-07 05:21:51 configure libwebp7:amd64 1.2.2-2 <none>
2023-03-07 05:21:51 status unpacked libwebp7:amd64 1.2.2-2
2023-03-07 05:21:51 status half-configured libwebp7:amd64 1.2.2-2
2023-03-07 05:21:51 status installed libwebp7:amd64 1.2.2-2
2023-03-07 05:21:51 configure libatk1.0-data:all 2.36.0-3build1 <none>
2023-03-07 05:21:51 status unpacked libatk1.0-data:all 2.36.0-3build1
2023-03-07 05:21:51 status half-configured libatk1.0-data:all 2.36.0-3build1
2023-03-07 05:21:51 status installed libatk1.0-data:all 2.36.0-3build1
2023-03-07 05:21:51 configure libopenjp2-7:amd64 2.4.0-6 <none>
2023-03-07 05:21:51 status unpacked libopenjp2-7:amd64 2.4.0-6
2023-03-07 05:21:51 status half-configured libopenjp2-7:amd64 2.4.0-6
2023-03-07 05:21:51 status installed libopenjp2-7:amd64 2.4.0-6
2023-03-07 05:21:51 configure libharfbuzz0b:amd64 2.7.4-1ubuntu3.1 <none>
2023-03-07 05:21:51 status unpacked libharfbuzz0b:amd64 2.7.4-1ubuntu3.1
2023-03-07 05:21:51 status half-configured libharfbuzz0b:amd64 2.7.4-1ubuntu3.1
2023-03-07 05:21:51 status installed libharfbuzz0b:amd64 2.7.4-1ubuntu3.1
2023-03-07 05:21:51 configure libthai-data:all 0.1.29-1build1 <none>
2023-03-07 05:21:51 status unpacked libthai-data:all 0.1.29-1build1
2023-03-07 05:21:51 status half-configured libthai-data:all 0.1.29-1build1
2023-03-07 05:21:51 status installed libthai-data:all 0.1.29-1build1
2023-03-07 05:21:51 configure libatk1.0-0:amd64 2.36.0-3build1 <none>
2023-03-07 05:21:51 status unpacked libatk1.0-0:amd64 2.36.0-3build1
2023-03-07 05:21:51 status half-configured libatk1.0-0:amd64 2.36.0-3build1
2023-03-07 05:21:51 status installed libatk1.0-0:amd64 2.36.0-3build1
2023-03-07 05:21:51 configure fonts-droid-fallback:all 1:6.0.1r16-1.1build1 <none>
2023-03-07 05:21:51 status unpacked fonts-droid-fallback:all 1:6.0.1r16-1.1build1
2023-03-07 05:21:51 status half-configured fonts-droid-fallback:all 1:6.0.1r16-1.1build1
2023-03-07 05:21:51 status installed fonts-droid-fallback:all 1:6.0.1r16-1.1build1
2023-03-07 05:21:51 configure libwayland-egl1:amd64 1.20.0-1ubuntu0.1 <none>
2023-03-07 05:21:51 status unpacked libwayland-egl1:amd64 1.20.0-1ubuntu0.1
2023-03-07 05:21:51 status half-configured libwayland-egl1:amd64 1.20.0-1ubuntu0.1
2023-03-07 05:21:51 status installed libwayland-egl1:amd64 1.20.0-1ubuntu0.1
2023-03-07 05:21:51 configure libdjvulibre-text:all 3.5.28-2build2 <none>
2023-03-07 05:21:51 status unpacked libdjvulibre-text:all 3.5.28-2build2
2023-03-07 05:21:51 status half-configured libdjvulibre-text:all 3.5.28-2build2
2023-03-07 05:21:51 status installed libdjvulibre-text:all 3.5.28-2build2
2023-03-07 05:21:51 configure libhunspell-1.7-0:amd64 1.7.0-4build1 <none>
2023-03-07 05:21:51 status unpacked libhunspell-1.7-0:amd64 1.7.0-4build1
2023-03-07 05:21:51 status half-configured libhunspell-1.7-0:amd64 1.7.0-4build1
2023-03-07 05:21:51 status installed libhunspell-1.7-0:amd64 1.7.0-4build1
2023-03-07 05:21:51 configure libxcomposite1:amd64 1:0.4.5-1build2 <none>
2023-03-07 05:21:51 status unpacked libxcomposite1:amd64 1:0.4.5-1build2
2023-03-07 05:21:51 status half-configured libxcomposite1:amd64 1:0.4.5-1build2
2023-03-07 05:21:51 status installed libxcomposite1:amd64 1:0.4.5-1build2
2023-03-07 05:21:51 configure libsecret-common:all 0.20.5-2 <none>
2023-03-07 05:21:51 status unpacked libsecret-common:all 0.20.5-2
2023-03-07 05:21:51 status half-configured libsecret-common:all 0.20.5-2
2023-03-07 05:21:51 status installed libsecret-common:all 0.20.5-2
2023-03-07 05:21:51 configure libvorbisenc2:amd64 1.3.7-1build2 <none>
2023-03-07 05:21:51 status unpacked libvorbisenc2:amd64 1.3.7-1build2
2023-03-07 05:21:51 status half-configured libvorbisenc2:amd64 1.3.7-1build2
2023-03-07 05:21:51 status installed libvorbisenc2:amd64 1.3.7-1build2
2023-03-07 05:21:51 configure libsynctex2:amd64 2021.20210626.59705-1build1 <none>
2023-03-07 05:21:51 status unpacked libsynctex2:amd64 2021.20210626.59705-1build1
2023-03-07 05:21:51 status half-configured libsynctex2:amd64 2021.20210626.59705-1build1
2023-03-07 05:21:51 status installed libsynctex2:amd64 2021.20210626.59705-1build1
2023-03-07 05:21:51 configure libxkbcommon0:amd64 1.4.0-1 <none>
2023-03-07 05:21:51 status unpacked libxkbcommon0:amd64 1.4.0-1
2023-03-07 05:21:51 status half-configured libxkbcommon0:amd64 1.4.0-1
2023-03-07 05:21:51 status installed libxkbcommon0:amd64 1.4.0-1
2023-03-07 05:21:51 configure libwayland-client0:amd64 1.20.0-1ubuntu0.1 <none>
2023-03-07 05:21:51 status unpacked libwayland-client0:amd64 1.20.0-1ubuntu0.1
2023-03-07 05:21:51 status half-configured libwayland-client0:amd64 1.20.0-1ubuntu0.1
2023-03-07 05:21:51 status installed libwayland-client0:amd64 1.20.0-1ubuntu0.1
2023-03-07 05:21:51 configure libjpeg8:amd64 8c-2ubuntu10 <none>
2023-03-07 05:21:51 status unpacked libjpeg8:amd64 8c-2ubuntu10
2023-03-07 05:21:51 status half-configured libjpeg8:amd64 8c-2ubuntu10
2023-03-07 05:21:51 status installed libjpeg8:amd64 8c-2ubuntu10
2023-03-07 05:21:51 configure libgs9-common:all 9.55.0~dfsg1-0ubuntu5.1 <none>
2023-03-07 05:21:51 status unpacked libgs9-common:all 9.55.0~dfsg1-0ubuntu5.1
2023-03-07 05:21:51 status half-configured libgs9-common:all 9.55.0~dfsg1-0ubuntu5.1
2023-03-07 05:21:51 status installed libgs9-common:all 9.55.0~dfsg1-0ubuntu5.1
2023-03-07 05:21:51 configure dictionaries-common:all 1.28.14 <none>
2023-03-07 05:21:51 status unpacked dictionaries-common:all 1.28.14
2023-03-07 05:21:51 status half-configured dictionaries-common:all 1.28.14
2023-03-07 05:21:52 status installed dictionaries-common:all 1.28.14
2023-03-07 05:21:52 status triggers-pending dictionaries-common:all 1.28.14
2023-03-07 05:21:52 configure fontconfig-config:all 2.13.1-4.2ubuntu5 <none>
2023-03-07 05:21:52 status unpacked fontconfig-config:all 2.13.1-4.2ubuntu5
2023-03-07 05:21:52 status half-configured fontconfig-config:all 2.13.1-4.2ubuntu5
2023-03-07 05:21:52 status installed fontconfig-config:all 2.13.1-4.2ubuntu5
2023-03-07 05:21:52 configure libxtst6:amd64 2:1.2.3-1build4 <none>
2023-03-07 05:21:52 status unpacked libxtst6:amd64 2:1.2.3-1build4
2023-03-07 05:21:52 status half-configured libxtst6:amd64 2:1.2.3-1build4
2023-03-07 05:21:52 status installed libxtst6:amd64 2:1.2.3-1build4
2023-03-07 05:21:52 configure libxcursor1:amd64 1:1.2.0-2build4 <none>
2023-03-07 05:21:52 status unpacked libxcursor1:amd64 1:1.2.0-2build4
2023-03-07 05:21:52 status half-configured libxcursor1:amd64 1:1.2.0-2build4
2023-03-07 05:21:52 status installed libxcursor1:amd64 1:1.2.0-2build4
2023-03-07 05:21:52 configure libdjvulibre21:amd64 3.5.28-2build2 <none>
2023-03-07 05:21:52 status unpacked libdjvulibre21:amd64 3.5.28-2build2
2023-03-07 05:21:52 status half-configured libdjvulibre21:amd64 3.5.28-2build2
2023-03-07 05:21:52 status installed libdjvulibre21:amd64 3.5.28-2build2
2023-03-07 05:21:52 configure libavahi-common3:amd64 0.8-5ubuntu5 <none>
2023-03-07 05:21:52 status unpacked libavahi-common3:amd64 0.8-5ubuntu5
2023-03-07 05:21:52 status half-configured libavahi-common3:amd64 0.8-5ubuntu5
2023-03-07 05:21:52 status installed libavahi-common3:amd64 0.8-5ubuntu5
2023-03-07 05:21:52 configure libgstreamer-plugins-base1.0-0:amd64 1.20.1-1 <none>
2023-03-07 05:21:52 status unpacked libgstreamer-plugins-base1.0-0:amd64 1.20.1-1
2023-03-07 05:21:52 status half-configured libgstreamer-plugins-base1.0-0:amd64 1.20.1-1
2023-03-07 05:21:52 status installed libgstreamer-plugins-base1.0-0:amd64 1.20.1-1
2023-03-07 05:21:53 configure dconf-service:amd64 0.40.0-3 <none>
2023-03-07 05:21:53 status unpacked dconf-service:amd64 0.40.0-3
2023-03-07 05:21:53 status half-configured dconf-service:amd64 0.40.0-3
2023-03-07 05:21:53 status installed dconf-service:amd64 0.40.0-3
2023-03-07 05:21:53 configure libnss3:amd64 2:3.68.2-0ubuntu1.2 <none>
2023-03-07 05:21:53 status unpacked libnss3:amd64 2:3.68.2-0ubuntu1.2
2023-03-07 05:21:53 status half-configured libnss3:amd64 2:3.68.2-0ubuntu1.2
2023-03-07 05:21:53 status installed libnss3:amd64 2:3.68.2-0ubuntu1.2
2023-03-07 05:21:53 configure libatk-bridge2.0-0:amd64 2.38.0-3 <none>
2023-03-07 05:21:53 status unpacked libatk-bridge2.0-0:amd64 2.38.0-3
2023-03-07 05:21:53 status half-configured libatk-bridge2.0-0:amd64 2.38.0-3
2023-03-07 05:21:53 status installed libatk-bridge2.0-0:amd64 2.38.0-3
2023-03-07 05:21:53 configure libthai0:amd64 0.1.29-1build1 <none>
2023-03-07 05:21:53 status unpacked libthai0:amd64 0.1.29-1build1
2023-03-07 05:21:53 status half-configured libthai0:amd64 0.1.29-1build1
2023-03-07 05:21:53 status installed libthai0:amd64 0.1.29-1build1
2023-03-07 05:21:53 configure libsecret-1-0:amd64 0.20.5-2 <none>
2023-03-07 05:21:53 status unpacked libsecret-1-0:amd64 0.20.5-2
2023-03-07 05:21:53 status half-configured libsecret-1-0:amd64 0.20.5-2
2023-03-07 05:21:53 status installed libsecret-1-0:amd64 0.20.5-2
2023-03-07 05:21:53 configure libxkbregistry0:amd64 1.4.0-1 <none>
2023-03-07 05:21:53 status unpacked libxkbregistry0:amd64 1.4.0-1
2023-03-07 05:21:53 status half-configured libxkbregistry0:amd64 1.4.0-1
2023-03-07 05:21:53 status installed libxkbregistry0:amd64 1.4.0-1
2023-03-07 05:21:53 configure aspell:amd64 0.60.8-4build1 <none>
2023-03-07 05:21:53 status unpacked aspell:amd64 0.60.8-4build1
2023-03-07 05:21:53 status half-configured aspell:amd64 0.60.8-4build1
2023-03-07 05:21:53 status installed aspell:amd64 0.60.8-4build1
2023-03-07 05:21:53 configure libwayland-cursor0:amd64 1.20.0-1ubuntu0.1 <none>
2023-03-07 05:21:53 status unpacked libwayland-cursor0:amd64 1.20.0-1ubuntu0.1
2023-03-07 05:21:53 status half-configured libwayland-cursor0:amd64 1.20.0-1ubuntu0.1
2023-03-07 05:21:53 status installed libwayland-cursor0:amd64 1.20.0-1ubuntu0.1
2023-03-07 05:21:53 configure hunspell-en-us:all 1:2020.12.07-2 <none>
2023-03-07 05:21:53 status unpacked hunspell-en-us:all 1:2020.12.07-2
2023-03-07 05:21:53 status half-configured hunspell-en-us:all 1:2020.12.07-2
2023-03-07 05:21:53 status installed hunspell-en-us:all 1:2020.12.07-2
2023-03-07 05:21:53 configure libtiff5:amd64 4.3.0-6ubuntu0.4 <none>
2023-03-07 05:21:53 status unpacked libtiff5:amd64 4.3.0-6ubuntu0.4
2023-03-07 05:21:53 status half-configured libtiff5:amd64 4.3.0-6ubuntu0.4
2023-03-07 05:21:53 status installed libtiff5:amd64 4.3.0-6ubuntu0.4
2023-03-07 05:21:53 configure libfontconfig1:amd64 2.13.1-4.2ubuntu5 <none>
2023-03-07 05:21:53 status unpacked libfontconfig1:amd64 2.13.1-4.2ubuntu5
2023-03-07 05:21:53 status half-configured libfontconfig1:amd64 2.13.1-4.2ubuntu5
2023-03-07 05:21:53 status installed libfontconfig1:amd64 2.13.1-4.2ubuntu5
2023-03-07 05:21:53 configure libavahi-client3:amd64 0.8-5ubuntu5 <none>
2023-03-07 05:21:53 status unpacked libavahi-client3:amd64 0.8-5ubuntu5
2023-03-07 05:21:53 status half-configured libavahi-client3:amd64 0.8-5ubuntu5
2023-03-07 05:21:53 status installed libavahi-client3:amd64 0.8-5ubuntu5
2023-03-07 05:21:53 configure fontconfig:amd64 2.13.1-4.2ubuntu5 <none>
2023-03-07 05:21:53 status unpacked fontconfig:amd64 2.13.1-4.2ubuntu5
2023-03-07 05:21:53 status half-configured fontconfig:amd64 2.13.1-4.2ubuntu5
2023-03-07 05:21:56 status installed fontconfig:amd64 2.13.1-4.2ubuntu5
2023-03-07 05:21:56 configure dconf-gsettings-backend:amd64 0.40.0-3 <none>
2023-03-07 05:21:56 status unpacked dconf-gsettings-backend:amd64 0.40.0-3
2023-03-07 05:21:56 status half-configured dconf-gsettings-backend:amd64 0.40.0-3
2023-03-07 05:21:56 status installed dconf-gsettings-backend:amd64 0.40.0-3
2023-03-07 05:21:56 configure libenchant-2-2:amd64 2.3.2-1ubuntu2 <none>
2023-03-07 05:21:56 status unpacked libenchant-2-2:amd64 2.3.2-1ubuntu2
2023-03-07 05:21:56 status half-configured libenchant-2-2:amd64 2.3.2-1ubuntu2
2023-03-07 05:21:56 status installed libenchant-2-2:amd64 2.3.2-1ubuntu2
2023-03-07 05:21:56 configure libpango-1.0-0:amd64 1.50.6+ds-2ubuntu1 <none>
2023-03-07 05:21:56 status unpacked libpango-1.0-0:amd64 1.50.6+ds-2ubuntu1
2023-03-07 05:21:56 status half-configured libpango-1.0-0:amd64 1.50.6+ds-2ubuntu1
2023-03-07 05:21:56 status installed libpango-1.0-0:amd64 1.50.6+ds-2ubuntu1
2023-03-07 05:21:56 configure aspell-en:all 2018.04.16-0-1 <none>
2023-03-07 05:21:56 status unpacked aspell-en:all 2018.04.16-0-1
2023-03-07 05:21:56 status half-configured aspell-en:all 2018.04.16-0-1
2023-03-07 05:21:56 status installed aspell-en:all 2018.04.16-0-1
2023-03-07 05:21:56 configure enchant-2:amd64 2.3.2-1ubuntu2 <none>
2023-03-07 05:21:56 status unpacked enchant-2:amd64 2.3.2-1ubuntu2
2023-03-07 05:21:56 status half-configured enchant-2:amd64 2.3.2-1ubuntu2
2023-03-07 05:21:56 status installed enchant-2:amd64 2.3.2-1ubuntu2
2023-03-07 05:21:56 configure libcairo2:amd64 1.16.0-5ubuntu2 <none>
2023-03-07 05:21:56 status unpacked libcairo2:amd64 1.16.0-5ubuntu2
2023-03-07 05:21:56 status half-configured libcairo2:amd64 1.16.0-5ubuntu2
2023-03-07 05:21:56 status installed libcairo2:amd64 1.16.0-5ubuntu2
2023-03-07 05:21:56 configure libpoppler118:amd64 22.02.0-2ubuntu0.1 <none>
2023-03-07 05:21:56 status unpacked libpoppler118:amd64 22.02.0-2ubuntu0.1
2023-03-07 05:21:56 status half-configured libpoppler118:amd64 22.02.0-2ubuntu0.1
2023-03-07 05:21:56 status installed libpoppler118:amd64 22.02.0-2ubuntu0.1
2023-03-07 05:21:56 configure libcups2:amd64 2.4.1op1-1ubuntu4.1 <none>
2023-03-07 05:21:56 status unpacked libcups2:amd64 2.4.1op1-1ubuntu4.1
2023-03-07 05:21:56 status half-configured libcups2:amd64 2.4.1op1-1ubuntu4.1
2023-03-07 05:21:56 status installed libcups2:amd64 2.4.1op1-1ubuntu4.1
2023-03-07 05:21:56 configure libtheora0:amd64 1.1.1+dfsg.1-15ubuntu4 <none>
2023-03-07 05:21:56 status unpacked libtheora0:amd64 1.1.1+dfsg.1-15ubuntu4
2023-03-07 05:21:56 status half-configured libtheora0:amd64 1.1.1+dfsg.1-15ubuntu4
2023-03-07 05:21:56 status installed libtheora0:amd64 1.1.1+dfsg.1-15ubuntu4
2023-03-07 05:21:56 configure libgxps2:amd64 0.3.2-2 <none>
2023-03-07 05:21:56 status unpacked libgxps2:amd64 0.3.2-2
2023-03-07 05:21:56 status half-configured libgxps2:amd64 0.3.2-2
2023-03-07 05:21:56 status installed libgxps2:amd64 0.3.2-2
2023-03-07 05:21:56 configure libgdk-pixbuf-2.0-0:amd64 2.42.8+dfsg-1ubuntu0.2 <none>
2023-03-07 05:21:56 status unpacked libgdk-pixbuf-2.0-0:amd64 2.42.8+dfsg-1ubuntu0.2
2023-03-07 05:21:56 status half-configured libgdk-pixbuf-2.0-0:amd64 2.42.8+dfsg-1ubuntu0.2
2023-03-07 05:21:56 status installed libgdk-pixbuf-2.0-0:amd64 2.42.8+dfsg-1ubuntu0.2
2023-03-07 05:21:56 configure libcairo-gobject2:amd64 1.16.0-5ubuntu2 <none>
2023-03-07 05:21:56 status unpacked libcairo-gobject2:amd64 1.16.0-5ubuntu2
2023-03-07 05:21:56 status half-configured libcairo-gobject2:amd64 1.16.0-5ubuntu2
2023-03-07 05:21:56 status installed libcairo-gobject2:amd64 1.16.0-5ubuntu2
2023-03-07 05:21:56 configure libpangoft2-1.0-0:amd64 1.50.6+ds-2ubuntu1 <none>
2023-03-07 05:21:56 status unpacked libpangoft2-1.0-0:amd64 1.50.6+ds-2ubuntu1
2023-03-07 05:21:56 status half-configured libpangoft2-1.0-0:amd64 1.50.6+ds-2ubuntu1
2023-03-07 05:21:56 status installed libpangoft2-1.0-0:amd64 1.50.6+ds-2ubuntu1
2023-03-07 05:21:56 configure libgtk-3-common:all 3.24.33-1ubuntu2 <none>
2023-03-07 05:21:56 status unpacked libgtk-3-common:all 3.24.33-1ubuntu2
2023-03-07 05:21:56 status half-configured libgtk-3-common:all 3.24.33-1ubuntu2
2023-03-07 05:21:56 status triggers-awaited libgtk-3-common:all 3.24.33-1ubuntu2
2023-03-07 05:21:56 configure libpangocairo-1.0-0:amd64 1.50.6+ds-2ubuntu1 <none>
2023-03-07 05:21:56 status unpacked libpangocairo-1.0-0:amd64 1.50.6+ds-2ubuntu1
2023-03-07 05:21:56 status half-configured libpangocairo-1.0-0:amd64 1.50.6+ds-2ubuntu1
2023-03-07 05:21:56 status installed libpangocairo-1.0-0:amd64 1.50.6+ds-2ubuntu1
2023-03-07 05:21:56 configure gsettings-desktop-schemas:all 42.0-1ubuntu1 <none>
2023-03-07 05:21:56 status unpacked gsettings-desktop-schemas:all 42.0-1ubuntu1
2023-03-07 05:21:56 status half-configured gsettings-desktop-schemas:all 42.0-1ubuntu1
2023-03-07 05:21:56 status triggers-awaited gsettings-desktop-schemas:all 42.0-1ubuntu1
2023-03-07 05:21:56 configure gtk-update-icon-cache:amd64 3.24.33-1ubuntu2 <none>
2023-03-07 05:21:56 status unpacked gtk-update-icon-cache:amd64 3.24.33-1ubuntu2
2023-03-07 05:21:56 status half-configured gtk-update-icon-cache:amd64 3.24.33-1ubuntu2
2023-03-07 05:21:56 status installed gtk-update-icon-cache:amd64 3.24.33-1ubuntu2
2023-03-07 05:21:56 configure libpoppler-glib8:amd64 22.02.0-2ubuntu0.1 <none>
2023-03-07 05:21:56 status unpacked libpoppler-glib8:amd64 22.02.0-2ubuntu0.1
2023-03-07 05:21:56 status half-configured libpoppler-glib8:amd64 22.02.0-2ubuntu0.1
2023-03-07 05:21:56 status installed libpoppler-glib8:amd64 22.02.0-2ubuntu0.1
2023-03-07 05:21:56 configure libgs9:amd64 9.55.0~dfsg1-0ubuntu5.1 <none>
2023-03-07 05:21:56 status unpacked libgs9:amd64 9.55.0~dfsg1-0ubuntu5.1
2023-03-07 05:21:56 status half-configured libgs9:amd64 9.55.0~dfsg1-0ubuntu5.1
2023-03-07 05:21:56 status installed libgs9:amd64 9.55.0~dfsg1-0ubuntu5.1
2023-03-07 05:21:56 configure libspectre1:amd64 0.2.10-1 <none>
2023-03-07 05:21:56 status unpacked libspectre1:amd64 0.2.10-1
2023-03-07 05:21:56 status half-configured libspectre1:amd64 0.2.10-1
2023-03-07 05:21:56 status installed libspectre1:amd64 0.2.10-1
2023-03-07 05:21:57 configure librsvg2-2:amd64 2.52.5+dfsg-3 <none>
2023-03-07 05:21:57 status unpacked librsvg2-2:amd64 2.52.5+dfsg-3
2023-03-07 05:21:57 status half-configured librsvg2-2:amd64 2.52.5+dfsg-3
2023-03-07 05:21:57 status installed librsvg2-2:amd64 2.52.5+dfsg-3
2023-03-07 05:21:57 configure gstreamer1.0-plugins-base:amd64 1.20.1-1 <none>
2023-03-07 05:21:57 status unpacked gstreamer1.0-plugins-base:amd64 1.20.1-1
2023-03-07 05:21:57 status half-configured gstreamer1.0-plugins-base:amd64 1.20.1-1
2023-03-07 05:21:57 status installed gstreamer1.0-plugins-base:amd64 1.20.1-1
2023-03-07 05:21:57 configure librsvg2-common:amd64 2.52.5+dfsg-3 <none>
2023-03-07 05:21:57 status unpacked librsvg2-common:amd64 2.52.5+dfsg-3
2023-03-07 05:21:57 status half-configured librsvg2-common:amd64 2.52.5+dfsg-3
2023-03-07 05:21:57 status installed librsvg2-common:amd64 2.52.5+dfsg-3
2023-03-07 05:21:57 status triggers-pending libgdk-pixbuf-2.0-0:amd64 2.42.8+dfsg-1ubuntu0.2
2023-03-07 05:21:57 configure libgdk-pixbuf2.0-bin:amd64 2.42.8+dfsg-1ubuntu0.2 <none>
2023-03-07 05:21:57 status unpacked libgdk-pixbuf2.0-bin:amd64 2.42.8+dfsg-1ubuntu0.2
2023-03-07 05:21:57 status half-configured libgdk-pixbuf2.0-bin:amd64 2.42.8+dfsg-1ubuntu0.2
2023-03-07 05:21:57 status installed libgdk-pixbuf2.0-bin:amd64 2.42.8+dfsg-1ubuntu0.2
2023-03-07 05:21:57 configure adwaita-icon-theme:all 41.0-1ubuntu1 <none>
2023-03-07 05:21:57 status unpacked adwaita-icon-theme:all 41.0-1ubuntu1
2023-03-07 05:21:57 status half-configured adwaita-icon-theme:all 41.0-1ubuntu1
2023-03-07 05:21:57 status installed adwaita-icon-theme:all 41.0-1ubuntu1
2023-03-07 05:21:57 configure humanity-icon-theme:all 0.6.16 <none>
2023-03-07 05:21:57 status unpacked humanity-icon-theme:all 0.6.16
2023-03-07 05:21:57 status half-configured humanity-icon-theme:all 0.6.16
2023-03-07 05:21:57 status installed humanity-icon-theme:all 0.6.16
2023-03-07 05:21:57 configure ubuntu-mono:all 20.10-0ubuntu2 <none>
2023-03-07 05:21:57 status unpacked ubuntu-mono:all 20.10-0ubuntu2
2023-03-07 05:21:57 status half-configured ubuntu-mono:all 20.10-0ubuntu2
2023-03-07 05:21:57 status installed ubuntu-mono:all 20.10-0ubuntu2
2023-03-07 05:21:57 trigproc man-db:amd64 2.10.2-1 <none>
2023-03-07 05:21:57 status half-configured man-db:amd64 2.10.2-1
2023-03-07 05:21:57 status installed man-db:amd64 2.10.2-1
2023-03-07 05:21:57 trigproc libglib2.0-0:amd64 2.72.1-1 <none>
2023-03-07 05:21:57 status half-configured libglib2.0-0:amd64 2.72.1-1
2023-03-07 05:21:57 status installed libgtk-3-common:all 3.24.33-1ubuntu2
2023-03-07 05:21:57 status installed gsettings-desktop-schemas:all 42.0-1ubuntu1
2023-03-07 05:21:57 status installed libglib2.0-0:amd64 2.72.1-1
2023-03-07 05:21:57 configure libgtk-3-0:amd64 3.24.33-1ubuntu2 <none>
2023-03-07 05:21:57 status unpacked libgtk-3-0:amd64 3.24.33-1ubuntu2
2023-03-07 05:21:57 status half-configured libgtk-3-0:amd64 3.24.33-1ubuntu2
2023-03-07 05:21:57 status installed libgtk-3-0:amd64 3.24.33-1ubuntu2
2023-03-07 05:21:57 trigproc libc-bin:amd64 2.35-0ubuntu3.1 <none>
2023-03-07 05:21:57 status half-configured libc-bin:amd64 2.35-0ubuntu3.1
2023-03-07 05:21:58 status installed libc-bin:amd64 2.35-0ubuntu3.1
2023-03-07 05:21:58 configure libgtk-3-bin:amd64 3.24.33-1ubuntu2 <none>
2023-03-07 05:21:58 status unpacked libgtk-3-bin:amd64 3.24.33-1ubuntu2
2023-03-07 05:21:58 status half-configured libgtk-3-bin:amd64 3.24.33-1ubuntu2
2023-03-07 05:21:58 status installed libgtk-3-bin:amd64 3.24.33-1ubuntu2
2023-03-07 05:21:58 configure libnautilus-extension1a:amd64 1:42.2-0ubuntu2.1 <none>
2023-03-07 05:21:58 status triggers-pending libc-bin:amd64 2.35-0ubuntu3.1
2023-03-07 05:21:58 status unpacked libnautilus-extension1a:amd64 1:42.2-0ubuntu2.1
2023-03-07 05:21:58 status half-configured libnautilus-extension1a:amd64 1:42.2-0ubuntu2.1
2023-03-07 05:21:58 status installed libnautilus-extension1a:amd64 1:42.2-0ubuntu2.1
2023-03-07 05:21:58 configure at-spi2-core:amd64 2.44.0-3 <none>
2023-03-07 05:21:58 status unpacked at-spi2-core:amd64 2.44.0-3
2023-03-07 05:21:58 status half-configured at-spi2-core:amd64 2.44.0-3
2023-03-07 05:21:58 status installed at-spi2-core:amd64 2.44.0-3
2023-03-07 05:21:58 configure libevdocument3-4:amd64 42.3-0ubuntu3 <none>
2023-03-07 05:21:58 status unpacked libevdocument3-4:amd64 42.3-0ubuntu3
2023-03-07 05:21:58 status half-configured libevdocument3-4:amd64 42.3-0ubuntu3
2023-03-07 05:21:58 status installed libevdocument3-4:amd64 42.3-0ubuntu3
2023-03-07 05:21:58 configure libgnome-desktop-3-19:amd64 42.5-0ubuntu1 <none>
2023-03-07 05:21:58 status unpacked libgnome-desktop-3-19:amd64 42.5-0ubuntu1
2023-03-07 05:21:58 status half-configured libgnome-desktop-3-19:amd64 42.5-0ubuntu1
2023-03-07 05:21:58 status installed libgnome-desktop-3-19:amd64 42.5-0ubuntu1
2023-03-07 05:21:58 configure libgspell-1-2:amd64 1.9.1-4 <none>
2023-03-07 05:21:58 status unpacked libgspell-1-2:amd64 1.9.1-4
2023-03-07 05:21:58 status half-configured libgspell-1-2:amd64 1.9.1-4
2023-03-07 05:21:58 status installed libgspell-1-2:amd64 1.9.1-4
2023-03-07 05:21:58 configure libhandy-1-0:amd64 1.6.1-1 <none>
2023-03-07 05:21:58 status unpacked libhandy-1-0:amd64 1.6.1-1
2023-03-07 05:21:58 status half-configured libhandy-1-0:amd64 1.6.1-1
2023-03-07 05:21:58 status installed libhandy-1-0:amd64 1.6.1-1
2023-03-07 05:21:58 configure libevview3-3:amd64 42.3-0ubuntu3 <none>
2023-03-07 05:21:58 status unpacked libevview3-3:amd64 42.3-0ubuntu3
2023-03-07 05:21:58 status half-configured libevview3-3:amd64 42.3-0ubuntu3
2023-03-07 05:21:58 status installed libevview3-3:amd64 42.3-0ubuntu3
2023-03-07 05:21:58 configure evince:amd64 42.3-0ubuntu3 <none>
2023-03-07 05:21:58 status unpacked evince:amd64 42.3-0ubuntu3
2023-03-07 05:21:58 status half-configured evince:amd64 42.3-0ubuntu3
2023-03-07 05:21:58 status installed evince:amd64 42.3-0ubuntu3
2023-03-07 05:21:58 trigproc dictionaries-common:all 1.28.14 <none>
2023-03-07 05:21:58 status half-configured dictionaries-common:all 1.28.14
2023-03-07 05:21:59 status installed dictionaries-common:all 1.28.14
2023-03-07 05:21:59 trigproc libgdk-pixbuf-2.0-0:amd64 2.42.8+dfsg-1ubuntu0.2 <none>
2023-03-07 05:21:59 status half-configured libgdk-pixbuf-2.0-0:amd64 2.42.8+dfsg-1ubuntu0.2
2023-03-07 05:21:59 status installed libgdk-pixbuf-2.0-0:amd64 2.42.8+dfsg-1ubuntu0.2
2023-03-07 05:21:59 trigproc libc-bin:amd64 2.35-0ubuntu3.1 <none>
2023-03-07 05:21:59 status half-configured libc-bin:amd64 2.35-0ubuntu3.1
2023-03-07 05:21:59 status installed libc-bin:amd64 2.35-0ubuntu3.1
2023-03-19 21:38:56 startup archives unpack
2023-03-19 21:38:56 install make:amd64 <none> 4.3-4.1build1
2023-03-19 21:38:56 status half-installed make:amd64 4.3-4.1build1
2023-03-19 21:38:56 status triggers-pending man-db:amd64 2.10.2-1
2023-03-19 21:38:56 status unpacked make:amd64 4.3-4.1build1
2023-03-19 21:38:56 startup packages configure
2023-03-19 21:38:56 configure make:amd64 4.3-4.1build1 <none>
2023-03-19 21:38:56 status unpacked make:amd64 4.3-4.1build1
2023-03-19 21:38:56 status half-configured make:amd64 4.3-4.1build1
2023-03-19 21:38:56 status installed make:amd64 4.3-4.1build1
2023-03-19 21:38:56 trigproc man-db:amd64 2.10.2-1 <none>
2023-03-19 21:38:56 status half-configured man-db:amd64 2.10.2-1
2023-03-19 21:38:56 status installed man-db:amd64 2.10.2-1
2023-03-19 21:40:27 startup archives unpack
2023-03-19 21:40:27 install gcc-11-base:amd64 <none> 11.3.0-1ubuntu1~22.04
2023-03-19 21:40:27 status half-installed gcc-11-base:amd64 11.3.0-1ubuntu1~22.04
2023-03-19 21:40:27 status unpacked gcc-11-base:amd64 11.3.0-1ubuntu1~22.04
2023-03-19 21:40:27 install libisl23:amd64 <none> 0.24-2build1
2023-03-19 21:40:27 status triggers-pending libc-bin:amd64 2.35-0ubuntu3.1
2023-03-19 21:40:27 status half-installed libisl23:amd64 0.24-2build1
2023-03-19 21:40:27 status unpacked libisl23:amd64 0.24-2build1
2023-03-19 21:40:27 install libmpc3:amd64 <none> 1.2.1-2build1
2023-03-19 21:40:27 status half-installed libmpc3:amd64 1.2.1-2build1
2023-03-19 21:40:27 status unpacked libmpc3:amd64 1.2.1-2build1
2023-03-19 21:40:27 install cpp-11:amd64 <none> 11.3.0-1ubuntu1~22.04
2023-03-19 21:40:27 status half-installed cpp-11:amd64 11.3.0-1ubuntu1~22.04
2023-03-19 21:40:27 status triggers-pending man-db:amd64 2.10.2-1
2023-03-19 21:40:27 status unpacked cpp-11:amd64 11.3.0-1ubuntu1~22.04
2023-03-19 21:40:27 install cpp:amd64 <none> 4:11.2.0-1ubuntu1
2023-03-19 21:40:27 status half-installed cpp:amd64 4:11.2.0-1ubuntu1
2023-03-19 21:40:27 status unpacked cpp:amd64 4:11.2.0-1ubuntu1
2023-03-19 21:40:27 install libcc1-0:amd64 <none> 12.1.0-2ubuntu1~22.04
2023-03-19 21:40:27 status half-installed libcc1-0:amd64 12.1.0-2ubuntu1~22.04
2023-03-19 21:40:27 status unpacked libcc1-0:amd64 12.1.0-2ubuntu1~22.04
2023-03-19 21:40:27 install libgomp1:amd64 <none> 12.1.0-2ubuntu1~22.04
2023-03-19 21:40:27 status half-installed libgomp1:amd64 12.1.0-2ubuntu1~22.04
2023-03-19 21:40:27 status unpacked libgomp1:amd64 12.1.0-2ubuntu1~22.04
2023-03-19 21:40:27 install libitm1:amd64 <none> 12.1.0-2ubuntu1~22.04
2023-03-19 21:40:27 status half-installed libitm1:amd64 12.1.0-2ubuntu1~22.04
2023-03-19 21:40:28 status unpacked libitm1:amd64 12.1.0-2ubuntu1~22.04
2023-03-19 21:40:28 install libatomic1:amd64 <none> 12.1.0-2ubuntu1~22.04
2023-03-19 21:40:28 status half-installed libatomic1:amd64 12.1.0-2ubuntu1~22.04
2023-03-19 21:40:28 status unpacked libatomic1:amd64 12.1.0-2ubuntu1~22.04
2023-03-19 21:40:28 install libasan6:amd64 <none> 11.3.0-1ubuntu1~22.04
2023-03-19 21:40:28 status half-installed libasan6:amd64 11.3.0-1ubuntu1~22.04
2023-03-19 21:40:28 status unpacked libasan6:amd64 11.3.0-1ubuntu1~22.04
2023-03-19 21:40:28 install liblsan0:amd64 <none> 12.1.0-2ubuntu1~22.04
2023-03-19 21:40:28 status half-installed liblsan0:amd64 12.1.0-2ubuntu1~22.04
2023-03-19 21:40:28 status unpacked liblsan0:amd64 12.1.0-2ubuntu1~22.04
2023-03-19 21:40:28 install libtsan0:amd64 <none> 11.3.0-1ubuntu1~22.04
2023-03-19 21:40:28 status half-installed libtsan0:amd64 11.3.0-1ubuntu1~22.04
2023-03-19 21:40:28 status unpacked libtsan0:amd64 11.3.0-1ubuntu1~22.04
2023-03-19 21:40:28 install libubsan1:amd64 <none> 12.1.0-2ubuntu1~22.04
2023-03-19 21:40:28 status half-installed libubsan1:amd64 12.1.0-2ubuntu1~22.04
2023-03-19 21:40:28 status unpacked libubsan1:amd64 12.1.0-2ubuntu1~22.04
2023-03-19 21:40:28 install libquadmath0:amd64 <none> 12.1.0-2ubuntu1~22.04
2023-03-19 21:40:28 status half-installed libquadmath0:amd64 12.1.0-2ubuntu1~22.04
2023-03-19 21:40:28 status unpacked libquadmath0:amd64 12.1.0-2ubuntu1~22.04
2023-03-19 21:40:28 install libgcc-11-dev:amd64 <none> 11.3.0-1ubuntu1~22.04
2023-03-19 21:40:28 status half-installed libgcc-11-dev:amd64 11.3.0-1ubuntu1~22.04
2023-03-19 21:40:28 status unpacked libgcc-11-dev:amd64 11.3.0-1ubuntu1~22.04
2023-03-19 21:40:28 install gcc-11:amd64 <none> 11.3.0-1ubuntu1~22.04
2023-03-19 21:40:28 status half-installed gcc-11:amd64 11.3.0-1ubuntu1~22.04
2023-03-19 21:40:28 status unpacked gcc-11:amd64 11.3.0-1ubuntu1~22.04
2023-03-19 21:40:28 install gcc:amd64 <none> 4:11.2.0-1ubuntu1
2023-03-19 21:40:28 status half-installed gcc:amd64 4:11.2.0-1ubuntu1
2023-03-19 21:40:28 status unpacked gcc:amd64 4:11.2.0-1ubuntu1
2023-03-19 21:40:28 install libc-dev-bin:amd64 <none> 2.35-0ubuntu3.1
2023-03-19 21:40:28 status half-installed libc-dev-bin:amd64 2.35-0ubuntu3.1
2023-03-19 21:40:28 status unpacked libc-dev-bin:amd64 2.35-0ubuntu3.1
2023-03-19 21:40:28 install libxpm4:amd64 <none> 1:3.5.12-1ubuntu0.22.04.1
2023-03-19 21:40:28 status half-installed libxpm4:amd64 1:3.5.12-1ubuntu0.22.04.1
2023-03-19 21:40:28 status unpacked libxpm4:amd64 1:3.5.12-1ubuntu0.22.04.1
2023-03-19 21:40:28 install libgd3:amd64 <none> 2.3.0-2ubuntu2
2023-03-19 21:40:28 status half-installed libgd3:amd64 2.3.0-2ubuntu2
2023-03-19 21:40:28 status unpacked libgd3:amd64 2.3.0-2ubuntu2
2023-03-19 21:40:29 install libc-devtools:amd64 <none> 2.35-0ubuntu3.1
2023-03-19 21:40:29 status half-installed libc-devtools:amd64 2.35-0ubuntu3.1
2023-03-19 21:40:29 status unpacked libc-devtools:amd64 2.35-0ubuntu3.1
2023-03-19 21:40:29 install linux-libc-dev:amd64 <none> 5.15.0-67.74
2023-03-19 21:40:29 status half-installed linux-libc-dev:amd64 5.15.0-67.74
2023-03-19 21:40:29 status unpacked linux-libc-dev:amd64 5.15.0-67.74
2023-03-19 21:40:29 install libcrypt-dev:amd64 <none> 1:4.4.27-1
2023-03-19 21:40:29 status half-installed libcrypt-dev:amd64 1:4.4.27-1
2023-03-19 21:40:29 status unpacked libcrypt-dev:amd64 1:4.4.27-1
2023-03-19 21:40:29 install rpcsvc-proto:amd64 <none> 1.4.2-0ubuntu6
2023-03-19 21:40:29 status half-installed rpcsvc-proto:amd64 1.4.2-0ubuntu6
2023-03-19 21:40:29 status unpacked rpcsvc-proto:amd64 1.4.2-0ubuntu6
2023-03-19 21:40:29 install libtirpc-dev:amd64 <none> 1.3.2-2ubuntu0.1
2023-03-19 21:40:29 status half-installed libtirpc-dev:amd64 1.3.2-2ubuntu0.1
2023-03-19 21:40:29 status unpacked libtirpc-dev:amd64 1.3.2-2ubuntu0.1
2023-03-19 21:40:29 install libnsl-dev:amd64 <none> 1.3.0-2build2
2023-03-19 21:40:29 status half-installed libnsl-dev:amd64 1.3.0-2build2
2023-03-19 21:40:29 status unpacked libnsl-dev:amd64 1.3.0-2build2
2023-03-19 21:40:29 install libc6-dev:amd64 <none> 2.35-0ubuntu3.1
2023-03-19 21:40:29 status half-installed libc6-dev:amd64 2.35-0ubuntu3.1
2023-03-19 21:40:29 status unpacked libc6-dev:amd64 2.35-0ubuntu3.1
2023-03-19 21:40:29 install manpages-dev:all <none> 5.10-1ubuntu1
2023-03-19 21:40:29 status half-installed manpages-dev:all 5.10-1ubuntu1
2023-03-19 21:40:30 status unpacked manpages-dev:all 5.10-1ubuntu1
2023-03-19 21:40:30 startup packages configure
2023-03-19 21:40:30 configure gcc-11-base:amd64 11.3.0-1ubuntu1~22.04 <none>
2023-03-19 21:40:30 status unpacked gcc-11-base:amd64 11.3.0-1ubuntu1~22.04
2023-03-19 21:40:30 status half-configured gcc-11-base:amd64 11.3.0-1ubuntu1~22.04
2023-03-19 21:40:30 status installed gcc-11-base:amd64 11.3.0-1ubuntu1~22.04
2023-03-19 21:40:30 configure manpages-dev:all 5.10-1ubuntu1 <none>
2023-03-19 21:40:30 status unpacked manpages-dev:all 5.10-1ubuntu1
2023-03-19 21:40:30 status half-configured manpages-dev:all 5.10-1ubuntu1
2023-03-19 21:40:30 status installed manpages-dev:all 5.10-1ubuntu1
2023-03-19 21:40:30 configure libxpm4:amd64 1:3.5.12-1ubuntu0.22.04.1 <none>
2023-03-19 21:40:30 status unpacked libxpm4:amd64 1:3.5.12-1ubuntu0.22.04.1
2023-03-19 21:40:30 status half-configured libxpm4:amd64 1:3.5.12-1ubuntu0.22.04.1
2023-03-19 21:40:30 status installed libxpm4:amd64 1:3.5.12-1ubuntu0.22.04.1
2023-03-19 21:40:30 configure linux-libc-dev:amd64 5.15.0-67.74 <none>
2023-03-19 21:40:30 status unpacked linux-libc-dev:amd64 5.15.0-67.74
2023-03-19 21:40:30 status half-configured linux-libc-dev:amd64 5.15.0-67.74
2023-03-19 21:40:30 status installed linux-libc-dev:amd64 5.15.0-67.74
2023-03-19 21:40:30 configure libgomp1:amd64 12.1.0-2ubuntu1~22.04 <none>
2023-03-19 21:40:30 status unpacked libgomp1:amd64 12.1.0-2ubuntu1~22.04
2023-03-19 21:40:30 status half-configured libgomp1:amd64 12.1.0-2ubuntu1~22.04
2023-03-19 21:40:30 status installed libgomp1:amd64 12.1.0-2ubuntu1~22.04
2023-03-19 21:40:30 configure libasan6:amd64 11.3.0-1ubuntu1~22.04 <none>
2023-03-19 21:40:30 status unpacked libasan6:amd64 11.3.0-1ubuntu1~22.04
2023-03-19 21:40:30 status half-configured libasan6:amd64 11.3.0-1ubuntu1~22.04
2023-03-19 21:40:30 status installed libasan6:amd64 11.3.0-1ubuntu1~22.04
2023-03-19 21:40:30 configure libtirpc-dev:amd64 1.3.2-2ubuntu0.1 <none>
2023-03-19 21:40:30 status unpacked libtirpc-dev:amd64 1.3.2-2ubuntu0.1
2023-03-19 21:40:30 status half-configured libtirpc-dev:amd64 1.3.2-2ubuntu0.1
2023-03-19 21:40:30 status installed libtirpc-dev:amd64 1.3.2-2ubuntu0.1
2023-03-19 21:40:30 configure rpcsvc-proto:amd64 1.4.2-0ubuntu6 <none>
2023-03-19 21:40:30 status unpacked rpcsvc-proto:amd64 1.4.2-0ubuntu6
2023-03-19 21:40:30 status half-configured rpcsvc-proto:amd64 1.4.2-0ubuntu6
2023-03-19 21:40:30 status installed rpcsvc-proto:amd64 1.4.2-0ubuntu6
2023-03-19 21:40:30 configure libquadmath0:amd64 12.1.0-2ubuntu1~22.04 <none>
2023-03-19 21:40:30 status unpacked libquadmath0:amd64 12.1.0-2ubuntu1~22.04
2023-03-19 21:40:30 status half-configured libquadmath0:amd64 12.1.0-2ubuntu1~22.04
2023-03-19 21:40:30 status installed libquadmath0:amd64 12.1.0-2ubuntu1~22.04
2023-03-19 21:40:30 configure libgd3:amd64 2.3.0-2ubuntu2 <none>
2023-03-19 21:40:30 status unpacked libgd3:amd64 2.3.0-2ubuntu2
2023-03-19 21:40:30 status half-configured libgd3:amd64 2.3.0-2ubuntu2
2023-03-19 21:40:30 status installed libgd3:amd64 2.3.0-2ubuntu2
2023-03-19 21:40:30 configure libmpc3:amd64 1.2.1-2build1 <none>
2023-03-19 21:40:30 status unpacked libmpc3:amd64 1.2.1-2build1
2023-03-19 21:40:30 status half-configured libmpc3:amd64 1.2.1-2build1
2023-03-19 21:40:30 status installed libmpc3:amd64 1.2.1-2build1
2023-03-19 21:40:30 configure libatomic1:amd64 12.1.0-2ubuntu1~22.04 <none>
2023-03-19 21:40:30 status unpacked libatomic1:amd64 12.1.0-2ubuntu1~22.04
2023-03-19 21:40:30 status half-configured libatomic1:amd64 12.1.0-2ubuntu1~22.04
2023-03-19 21:40:30 status installed libatomic1:amd64 12.1.0-2ubuntu1~22.04
2023-03-19 21:40:30 configure libubsan1:amd64 12.1.0-2ubuntu1~22.04 <none>
2023-03-19 21:40:30 status unpacked libubsan1:amd64 12.1.0-2ubuntu1~22.04
2023-03-19 21:40:30 status half-configured libubsan1:amd64 12.1.0-2ubuntu1~22.04
2023-03-19 21:40:30 status installed libubsan1:amd64 12.1.0-2ubuntu1~22.04
2023-03-19 21:40:30 configure libnsl-dev:amd64 1.3.0-2build2 <none>
2023-03-19 21:40:30 status unpacked libnsl-dev:amd64 1.3.0-2build2
2023-03-19 21:40:30 status half-configured libnsl-dev:amd64 1.3.0-2build2
2023-03-19 21:40:30 status installed libnsl-dev:amd64 1.3.0-2build2
2023-03-19 21:40:30 configure libcrypt-dev:amd64 1:4.4.27-1 <none>
2023-03-19 21:40:30 status unpacked libcrypt-dev:amd64 1:4.4.27-1
2023-03-19 21:40:30 status half-configured libcrypt-dev:amd64 1:4.4.27-1
2023-03-19 21:40:30 status installed libcrypt-dev:amd64 1:4.4.27-1
2023-03-19 21:40:30 configure libisl23:amd64 0.24-2build1 <none>
2023-03-19 21:40:30 status unpacked libisl23:amd64 0.24-2build1
2023-03-19 21:40:30 status half-configured libisl23:amd64 0.24-2build1
2023-03-19 21:40:30 status installed libisl23:amd64 0.24-2build1
2023-03-19 21:40:30 configure libc-dev-bin:amd64 2.35-0ubuntu3.1 <none>
2023-03-19 21:40:30 status unpacked libc-dev-bin:amd64 2.35-0ubuntu3.1
2023-03-19 21:40:30 status half-configured libc-dev-bin:amd64 2.35-0ubuntu3.1
2023-03-19 21:40:30 status installed libc-dev-bin:amd64 2.35-0ubuntu3.1
2023-03-19 21:40:30 configure libcc1-0:amd64 12.1.0-2ubuntu1~22.04 <none>
2023-03-19 21:40:30 status unpacked libcc1-0:amd64 12.1.0-2ubuntu1~22.04
2023-03-19 21:40:30 status half-configured libcc1-0:amd64 12.1.0-2ubuntu1~22.04
2023-03-19 21:40:30 status installed libcc1-0:amd64 12.1.0-2ubuntu1~22.04
2023-03-19 21:40:30 configure liblsan0:amd64 12.1.0-2ubuntu1~22.04 <none>
2023-03-19 21:40:30 status unpacked liblsan0:amd64 12.1.0-2ubuntu1~22.04
2023-03-19 21:40:30 status half-configured liblsan0:amd64 12.1.0-2ubuntu1~22.04
2023-03-19 21:40:30 status installed liblsan0:amd64 12.1.0-2ubuntu1~22.04
2023-03-19 21:40:30 configure libitm1:amd64 12.1.0-2ubuntu1~22.04 <none>
2023-03-19 21:40:30 status unpacked libitm1:amd64 12.1.0-2ubuntu1~22.04
2023-03-19 21:40:30 status half-configured libitm1:amd64 12.1.0-2ubuntu1~22.04
2023-03-19 21:40:30 status installed libitm1:amd64 12.1.0-2ubuntu1~22.04
2023-03-19 21:40:30 configure libc-devtools:amd64 2.35-0ubuntu3.1 <none>
2023-03-19 21:40:30 status unpacked libc-devtools:amd64 2.35-0ubuntu3.1
2023-03-19 21:40:30 status half-configured libc-devtools:amd64 2.35-0ubuntu3.1
2023-03-19 21:40:30 status installed libc-devtools:amd64 2.35-0ubuntu3.1
2023-03-19 21:40:30 configure libtsan0:amd64 11.3.0-1ubuntu1~22.04 <none>
2023-03-19 21:40:30 status unpacked libtsan0:amd64 11.3.0-1ubuntu1~22.04
2023-03-19 21:40:30 status half-configured libtsan0:amd64 11.3.0-1ubuntu1~22.04
2023-03-19 21:40:30 status installed libtsan0:amd64 11.3.0-1ubuntu1~22.04
2023-03-19 21:40:30 configure cpp-11:amd64 11.3.0-1ubuntu1~22.04 <none>
2023-03-19 21:40:30 status unpacked cpp-11:amd64 11.3.0-1ubuntu1~22.04
2023-03-19 21:40:30 status half-configured cpp-11:amd64 11.3.0-1ubuntu1~22.04
2023-03-19 21:40:30 status installed cpp-11:amd64 11.3.0-1ubuntu1~22.04
2023-03-19 21:40:30 configure libgcc-11-dev:amd64 11.3.0-1ubuntu1~22.04 <none>
2023-03-19 21:40:30 status unpacked libgcc-11-dev:amd64 11.3.0-1ubuntu1~22.04
2023-03-19 21:40:30 status half-configured libgcc-11-dev:amd64 11.3.0-1ubuntu1~22.04
2023-03-19 21:40:30 status installed libgcc-11-dev:amd64 11.3.0-1ubuntu1~22.04
2023-03-19 21:40:30 configure gcc-11:amd64 11.3.0-1ubuntu1~22.04 <none>
2023-03-19 21:40:30 status unpacked gcc-11:amd64 11.3.0-1ubuntu1~22.04
2023-03-19 21:40:30 status half-configured gcc-11:amd64 11.3.0-1ubuntu1~22.04
2023-03-19 21:40:30 status installed gcc-11:amd64 11.3.0-1ubuntu1~22.04
2023-03-19 21:40:30 configure cpp:amd64 4:11.2.0-1ubuntu1 <none>
2023-03-19 21:40:30 status unpacked cpp:amd64 4:11.2.0-1ubuntu1
2023-03-19 21:40:30 status half-configured cpp:amd64 4:11.2.0-1ubuntu1
2023-03-19 21:40:30 status installed cpp:amd64 4:11.2.0-1ubuntu1
2023-03-19 21:40:30 configure libc6-dev:amd64 2.35-0ubuntu3.1 <none>
2023-03-19 21:40:30 status unpacked libc6-dev:amd64 2.35-0ubuntu3.1
2023-03-19 21:40:30 status half-configured libc6-dev:amd64 2.35-0ubuntu3.1
2023-03-19 21:40:30 status installed libc6-dev:amd64 2.35-0ubuntu3.1
2023-03-19 21:40:30 configure gcc:amd64 4:11.2.0-1ubuntu1 <none>
2023-03-19 21:40:30 status unpacked gcc:amd64 4:11.2.0-1ubuntu1
2023-03-19 21:40:30 status half-configured gcc:amd64 4:11.2.0-1ubuntu1
2023-03-19 21:40:30 status installed gcc:amd64 4:11.2.0-1ubuntu1
2023-03-19 21:40:30 trigproc man-db:amd64 2.10.2-1 <none>
2023-03-19 21:40:30 status half-configured man-db:amd64 2.10.2-1
2023-03-19 21:40:31 status installed man-db:amd64 2.10.2-1
2023-03-19 21:40:31 trigproc libc-bin:amd64 2.35-0ubuntu3.1 <none>
2023-03-19 21:40:31 status half-configured libc-bin:amd64 2.35-0ubuntu3.1
2023-03-19 21:40:31 status installed libc-bin:amd64 2.35-0ubuntu3.1
2023-03-24 03:14:54 startup archives unpack
2023-03-24 03:14:55 install libglvnd0:amd64 <none> 1.4.0-1
2023-03-24 03:14:55 status triggers-pending libc-bin:amd64 2.35-0ubuntu3.1
2023-03-24 03:14:55 status half-installed libglvnd0:amd64 1.4.0-1
2023-03-24 03:14:55 status unpacked libglvnd0:amd64 1.4.0-1
2023-03-24 03:14:55 install libglapi-mesa:amd64 <none> 22.2.5-0ubuntu0.1~22.04.1
2023-03-24 03:14:55 status half-installed libglapi-mesa:amd64 22.2.5-0ubuntu0.1~22.04.1
2023-03-24 03:14:55 status unpacked libglapi-mesa:amd64 22.2.5-0ubuntu0.1~22.04.1
2023-03-24 03:14:55 install libx11-xcb1:amd64 <none> 2:1.7.5-1
2023-03-24 03:14:55 status half-installed libx11-xcb1:amd64 2:1.7.5-1
2023-03-24 03:14:55 status unpacked libx11-xcb1:amd64 2:1.7.5-1
2023-03-24 03:14:55 install libxcb-dri2-0:amd64 <none> 1.14-3ubuntu3
2023-03-24 03:14:55 status half-installed libxcb-dri2-0:amd64 1.14-3ubuntu3
2023-03-24 03:14:55 status unpacked libxcb-dri2-0:amd64 1.14-3ubuntu3
2023-03-24 03:14:55 install libxcb-dri3-0:amd64 <none> 1.14-3ubuntu3
2023-03-24 03:14:55 status half-installed libxcb-dri3-0:amd64 1.14-3ubuntu3
2023-03-24 03:14:55 status unpacked libxcb-dri3-0:amd64 1.14-3ubuntu3
2023-03-24 03:14:55 install libxcb-glx0:amd64 <none> 1.14-3ubuntu3
2023-03-24 03:14:55 status half-installed libxcb-glx0:amd64 1.14-3ubuntu3
2023-03-24 03:14:55 status unpacked libxcb-glx0:amd64 1.14-3ubuntu3
2023-03-24 03:14:55 install libxcb-present0:amd64 <none> 1.14-3ubuntu3
2023-03-24 03:14:55 status half-installed libxcb-present0:amd64 1.14-3ubuntu3
2023-03-24 03:14:55 status unpacked libxcb-present0:amd64 1.14-3ubuntu3
2023-03-24 03:14:55 install libxcb-sync1:amd64 <none> 1.14-3ubuntu3
2023-03-24 03:14:55 status half-installed libxcb-sync1:amd64 1.14-3ubuntu3
2023-03-24 03:14:55 status unpacked libxcb-sync1:amd64 1.14-3ubuntu3
2023-03-24 03:14:55 install libxcb-xfixes0:amd64 <none> 1.14-3ubuntu3
2023-03-24 03:14:55 status half-installed libxcb-xfixes0:amd64 1.14-3ubuntu3
2023-03-24 03:14:55 status unpacked libxcb-xfixes0:amd64 1.14-3ubuntu3
2023-03-24 03:14:55 install libxshmfence1:amd64 <none> 1.3-1build4
2023-03-24 03:14:55 status half-installed libxshmfence1:amd64 1.3-1build4
2023-03-24 03:14:55 status unpacked libxshmfence1:amd64 1.3-1build4
2023-03-24 03:14:55 install libxxf86vm1:amd64 <none> 1:1.1.4-1build3
2023-03-24 03:14:55 status half-installed libxxf86vm1:amd64 1:1.1.4-1build3
2023-03-24 03:14:55 status unpacked libxxf86vm1:amd64 1:1.1.4-1build3
2023-03-24 03:14:55 install libdrm-amdgpu1:amd64 <none> 2.4.113-2~ubuntu0.22.04.1
2023-03-24 03:14:55 status half-installed libdrm-amdgpu1:amd64 2.4.113-2~ubuntu0.22.04.1
2023-03-24 03:14:55 status unpacked libdrm-amdgpu1:amd64 2.4.113-2~ubuntu0.22.04.1
2023-03-24 03:14:55 install libdrm-nouveau2:amd64 <none> 2.4.113-2~ubuntu0.22.04.1
2023-03-24 03:14:55 status half-installed libdrm-nouveau2:amd64 2.4.113-2~ubuntu0.22.04.1
2023-03-24 03:14:55 status unpacked libdrm-nouveau2:amd64 2.4.113-2~ubuntu0.22.04.1
2023-03-24 03:14:55 install libdrm-radeon1:amd64 <none> 2.4.113-2~ubuntu0.22.04.1
2023-03-24 03:14:55 status half-installed libdrm-radeon1:amd64 2.4.113-2~ubuntu0.22.04.1
2023-03-24 03:14:55 status unpacked libdrm-radeon1:amd64 2.4.113-2~ubuntu0.22.04.1
2023-03-24 03:14:55 install libllvm15:amd64 <none> 1:15.0.6-3~ubuntu0.22.04.2
2023-03-24 03:14:55 status half-installed libllvm15:amd64 1:15.0.6-3~ubuntu0.22.04.2
2023-03-24 03:14:56 status unpacked libllvm15:amd64 1:15.0.6-3~ubuntu0.22.04.2
2023-03-24 03:14:56 install libsensors-config:all <none> 1:3.6.0-7ubuntu1
2023-03-24 03:14:56 status half-installed libsensors-config:all 1:3.6.0-7ubuntu1
2023-03-24 03:14:56 status unpacked libsensors-config:all 1:3.6.0-7ubuntu1
2023-03-24 03:14:56 install libsensors5:amd64 <none> 1:3.6.0-7ubuntu1
2023-03-24 03:14:56 status half-installed libsensors5:amd64 1:3.6.0-7ubuntu1
2023-03-24 03:14:56 status unpacked libsensors5:amd64 1:3.6.0-7ubuntu1
2023-03-24 03:14:56 install libgl1-mesa-dri:amd64 <none> 22.2.5-0ubuntu0.1~22.04.1
2023-03-24 03:14:56 status half-installed libgl1-mesa-dri:amd64 22.2.5-0ubuntu0.1~22.04.1
2023-03-24 03:14:56 status unpacked libgl1-mesa-dri:amd64 22.2.5-0ubuntu0.1~22.04.1
2023-03-24 03:14:56 install libglx-mesa0:amd64 <none> 22.2.5-0ubuntu0.1~22.04.1
2023-03-24 03:14:56 status half-installed libglx-mesa0:amd64 22.2.5-0ubuntu0.1~22.04.1
2023-03-24 03:14:56 status unpacked libglx-mesa0:amd64 22.2.5-0ubuntu0.1~22.04.1
2023-03-24 03:14:56 install libglx0:amd64 <none> 1.4.0-1
2023-03-24 03:14:56 status half-installed libglx0:amd64 1.4.0-1
2023-03-24 03:14:56 status unpacked libglx0:amd64 1.4.0-1
2023-03-24 03:14:56 install libgl1:amd64 <none> 1.4.0-1
2023-03-24 03:14:56 status half-installed libgl1:amd64 1.4.0-1
2023-03-24 03:14:56 status unpacked libgl1:amd64 1.4.0-1
2023-03-24 03:14:56 install freeglut3:amd64 <none> 2.8.1-6
2023-03-24 03:14:56 status half-installed freeglut3:amd64 2.8.1-6
2023-03-24 03:14:56 status unpacked freeglut3:amd64 2.8.1-6
2023-03-24 03:14:56 install xorg-sgml-doctools:all <none> 1:1.11-1.1
2023-03-24 03:14:56 status half-installed xorg-sgml-doctools:all 1:1.11-1.1
2023-03-24 03:14:56 status unpacked xorg-sgml-doctools:all 1:1.11-1.1
2023-03-24 03:14:56 install x11proto-dev:all <none> 2021.5-1
2023-03-24 03:14:56 status half-installed x11proto-dev:all 2021.5-1
2023-03-24 03:14:56 status unpacked x11proto-dev:all 2021.5-1
2023-03-24 03:14:56 install libxau-dev:amd64 <none> 1:1.0.9-1build5
2023-03-24 03:14:56 status half-installed libxau-dev:amd64 1:1.0.9-1build5
2023-03-24 03:14:56 status triggers-pending man-db:amd64 2.10.2-1
2023-03-24 03:14:56 status unpacked libxau-dev:amd64 1:1.0.9-1build5
2023-03-24 03:14:56 install libxdmcp-dev:amd64 <none> 1:1.1.3-0ubuntu5
2023-03-24 03:14:56 status half-installed libxdmcp-dev:amd64 1:1.1.3-0ubuntu5
2023-03-24 03:14:56 status unpacked libxdmcp-dev:amd64 1:1.1.3-0ubuntu5
2023-03-24 03:14:56 install xtrans-dev:all <none> 1.4.0-1
2023-03-24 03:14:56 status half-installed xtrans-dev:all 1.4.0-1
2023-03-24 03:14:56 status unpacked xtrans-dev:all 1.4.0-1
2023-03-24 03:14:56 install libpthread-stubs0-dev:amd64 <none> 0.4-1build2
2023-03-24 03:14:56 status half-installed libpthread-stubs0-dev:amd64 0.4-1build2
2023-03-24 03:14:56 status unpacked libpthread-stubs0-dev:amd64 0.4-1build2
2023-03-24 03:14:56 install libxcb1-dev:amd64 <none> 1.14-3ubuntu3
2023-03-24 03:14:56 status half-installed libxcb1-dev:amd64 1.14-3ubuntu3
2023-03-24 03:14:56 status unpacked libxcb1-dev:amd64 1.14-3ubuntu3
2023-03-24 03:14:56 install libx11-dev:amd64 <none> 2:1.7.5-1
2023-03-24 03:14:56 status half-installed libx11-dev:amd64 2:1.7.5-1
2023-03-24 03:14:57 status unpacked libx11-dev:amd64 2:1.7.5-1
2023-03-24 03:14:57 install libglx-dev:amd64 <none> 1.4.0-1
2023-03-24 03:14:57 status half-installed libglx-dev:amd64 1.4.0-1
2023-03-24 03:14:57 status unpacked libglx-dev:amd64 1.4.0-1
2023-03-24 03:14:57 install libgl-dev:amd64 <none> 1.4.0-1
2023-03-24 03:14:57 status half-installed libgl-dev:amd64 1.4.0-1
2023-03-24 03:14:57 status unpacked libgl-dev:amd64 1.4.0-1
2023-03-24 03:14:57 install libglvnd-core-dev:amd64 <none> 1.4.0-1
2023-03-24 03:14:57 status half-installed libglvnd-core-dev:amd64 1.4.0-1
2023-03-24 03:14:57 status unpacked libglvnd-core-dev:amd64 1.4.0-1
2023-03-24 03:14:57 install libwayland-server0:amd64 <none> 1.20.0-1ubuntu0.1
2023-03-24 03:14:57 status half-installed libwayland-server0:amd64 1.20.0-1ubuntu0.1
2023-03-24 03:14:57 status unpacked libwayland-server0:amd64 1.20.0-1ubuntu0.1
2023-03-24 03:14:57 install libgbm1:amd64 <none> 22.2.5-0ubuntu0.1~22.04.1
2023-03-24 03:14:57 status half-installed libgbm1:amd64 22.2.5-0ubuntu0.1~22.04.1
2023-03-24 03:14:57 status unpacked libgbm1:amd64 22.2.5-0ubuntu0.1~22.04.1
2023-03-24 03:14:57 install libegl-mesa0:amd64 <none> 22.2.5-0ubuntu0.1~22.04.1
2023-03-24 03:14:57 status half-installed libegl-mesa0:amd64 22.2.5-0ubuntu0.1~22.04.1
2023-03-24 03:14:57 status unpacked libegl-mesa0:amd64 22.2.5-0ubuntu0.1~22.04.1
2023-03-24 03:14:57 install libegl1:amd64 <none> 1.4.0-1
2023-03-24 03:14:57 status half-installed libegl1:amd64 1.4.0-1
2023-03-24 03:14:57 status unpacked libegl1:amd64 1.4.0-1
2023-03-24 03:14:57 install libegl-dev:amd64 <none> 1.4.0-1
2023-03-24 03:14:57 status half-installed libegl-dev:amd64 1.4.0-1
2023-03-24 03:14:57 status unpacked libegl-dev:amd64 1.4.0-1
2023-03-24 03:14:57 install libgles1:amd64 <none> 1.4.0-1
2023-03-24 03:14:57 status half-installed libgles1:amd64 1.4.0-1
2023-03-24 03:14:57 status unpacked libgles1:amd64 1.4.0-1
2023-03-24 03:14:57 install libgles2:amd64 <none> 1.4.0-1
2023-03-24 03:14:57 status half-installed libgles2:amd64 1.4.0-1
2023-03-24 03:14:57 status unpacked libgles2:amd64 1.4.0-1
2023-03-24 03:14:57 install libgles-dev:amd64 <none> 1.4.0-1
2023-03-24 03:14:57 status half-installed libgles-dev:amd64 1.4.0-1
2023-03-24 03:14:57 status unpacked libgles-dev:amd64 1.4.0-1
2023-03-24 03:14:57 install libopengl0:amd64 <none> 1.4.0-1
2023-03-24 03:14:57 status half-installed libopengl0:amd64 1.4.0-1
2023-03-24 03:14:57 status unpacked libopengl0:amd64 1.4.0-1
2023-03-24 03:14:57 install libopengl-dev:amd64 <none> 1.4.0-1
2023-03-24 03:14:57 status half-installed libopengl-dev:amd64 1.4.0-1
2023-03-24 03:14:57 status unpacked libopengl-dev:amd64 1.4.0-1
2023-03-24 03:14:57 install libglvnd-dev:amd64 <none> 1.4.0-1
2023-03-24 03:14:57 status half-installed libglvnd-dev:amd64 1.4.0-1
2023-03-24 03:14:57 status unpacked libglvnd-dev:amd64 1.4.0-1
2023-03-24 03:14:57 install libgl1-mesa-dev:amd64 <none> 22.2.5-0ubuntu0.1~22.04.1
2023-03-24 03:14:57 status half-installed libgl1-mesa-dev:amd64 22.2.5-0ubuntu0.1~22.04.1
2023-03-24 03:14:57 status unpacked libgl1-mesa-dev:amd64 22.2.5-0ubuntu0.1~22.04.1
2023-03-24 03:14:57 install libglu1-mesa:amd64 <none> 9.0.2-1
2023-03-24 03:14:57 status half-installed libglu1-mesa:amd64 9.0.2-1
2023-03-24 03:14:57 status unpacked libglu1-mesa:amd64 9.0.2-1
2023-03-24 03:14:57 install libglu1-mesa-dev:amd64 <none> 9.0.2-1
2023-03-24 03:14:57 status half-installed libglu1-mesa-dev:amd64 9.0.2-1
2023-03-24 03:14:57 status unpacked libglu1-mesa-dev:amd64 9.0.2-1
2023-03-24 03:14:57 install libxext-dev:amd64 <none> 2:1.3.4-1build1
2023-03-24 03:14:57 status half-installed libxext-dev:amd64 2:1.3.4-1build1
2023-03-24 03:14:57 status unpacked libxext-dev:amd64 2:1.3.4-1build1
2023-03-24 03:14:57 install libice6:amd64 <none> 2:1.0.10-1build2
2023-03-24 03:14:57 status half-installed libice6:amd64 2:1.0.10-1build2
2023-03-24 03:14:57 status unpacked libice6:amd64 2:1.0.10-1build2
2023-03-24 03:14:57 install libsm6:amd64 <none> 2:1.2.3-1build2
2023-03-24 03:14:57 status half-installed libsm6:amd64 2:1.2.3-1build2
2023-03-24 03:14:57 status unpacked libsm6:amd64 2:1.2.3-1build2
2023-03-24 03:14:57 install libxt6:amd64 <none> 1:1.2.1-1
2023-03-24 03:14:57 status half-installed libxt6:amd64 1:1.2.1-1
2023-03-24 03:14:57 status unpacked libxt6:amd64 1:1.2.1-1
2023-03-24 03:14:57 install libice-dev:amd64 <none> 2:1.0.10-1build2
2023-03-24 03:14:57 status half-installed libice-dev:amd64 2:1.0.10-1build2
2023-03-24 03:14:57 status unpacked libice-dev:amd64 2:1.0.10-1build2
2023-03-24 03:14:57 install libsm-dev:amd64 <none> 2:1.2.3-1build2
2023-03-24 03:14:57 status half-installed libsm-dev:amd64 2:1.2.3-1build2
2023-03-24 03:14:57 status unpacked libsm-dev:amd64 2:1.2.3-1build2
2023-03-24 03:14:57 install libxt-dev:amd64 <none> 1:1.2.1-1
2023-03-24 03:14:57 status half-installed libxt-dev:amd64 1:1.2.1-1
2023-03-24 03:14:58 status unpacked libxt-dev:amd64 1:1.2.1-1
2023-03-24 03:14:58 install freeglut3-dev:amd64 <none> 2.8.1-6
2023-03-24 03:14:58 status half-installed freeglut3-dev:amd64 2.8.1-6
2023-03-24 03:14:58 status unpacked freeglut3-dev:amd64 2.8.1-6
2023-03-24 03:14:58 install libpciaccess0:amd64 <none> 0.16-3
2023-03-24 03:14:58 status half-installed libpciaccess0:amd64 0.16-3
2023-03-24 03:14:58 status unpacked libpciaccess0:amd64 0.16-3
2023-03-24 03:14:58 install libdrm-intel1:amd64 <none> 2.4.113-2~ubuntu0.22.04.1
2023-03-24 03:14:58 status half-installed libdrm-intel1:amd64 2.4.113-2~ubuntu0.22.04.1
2023-03-24 03:14:58 status unpacked libdrm-intel1:amd64 2.4.113-2~ubuntu0.22.04.1
2023-03-24 03:14:58 install libgl1-amber-dri:amd64 <none> 21.3.7-0ubuntu1
2023-03-24 03:14:58 status half-installed libgl1-amber-dri:amd64 21.3.7-0ubuntu1
2023-03-24 03:14:58 status unpacked libgl1-amber-dri:amd64 21.3.7-0ubuntu1
2023-03-24 03:14:58 startup packages configure
2023-03-24 03:14:58 configure libxcb-dri3-0:amd64 1.14-3ubuntu3 <none>
2023-03-24 03:14:58 status unpacked libxcb-dri3-0:amd64 1.14-3ubuntu3
2023-03-24 03:14:58 status half-configured libxcb-dri3-0:amd64 1.14-3ubuntu3
2023-03-24 03:14:58 status installed libxcb-dri3-0:amd64 1.14-3ubuntu3
2023-03-24 03:14:58 configure libwayland-server0:amd64 1.20.0-1ubuntu0.1 <none>
2023-03-24 03:14:58 status unpacked libwayland-server0:amd64 1.20.0-1ubuntu0.1
2023-03-24 03:14:58 status half-configured libwayland-server0:amd64 1.20.0-1ubuntu0.1
2023-03-24 03:14:58 status installed libwayland-server0:amd64 1.20.0-1ubuntu0.1
2023-03-24 03:14:58 configure libx11-xcb1:amd64 2:1.7.5-1 <none>
2023-03-24 03:14:58 status unpacked libx11-xcb1:amd64 2:1.7.5-1
2023-03-24 03:14:58 status half-configured libx11-xcb1:amd64 2:1.7.5-1
2023-03-24 03:14:58 status installed libx11-xcb1:amd64 2:1.7.5-1
2023-03-24 03:14:58 configure libice6:amd64 2:1.0.10-1build2 <none>
2023-03-24 03:14:58 status unpacked libice6:amd64 2:1.0.10-1build2
2023-03-24 03:14:58 status half-configured libice6:amd64 2:1.0.10-1build2
2023-03-24 03:14:58 status installed libice6:amd64 2:1.0.10-1build2
2023-03-24 03:14:58 configure libpciaccess0:amd64 0.16-3 <none>
2023-03-24 03:14:58 status unpacked libpciaccess0:amd64 0.16-3
2023-03-24 03:14:58 status half-configured libpciaccess0:amd64 0.16-3
2023-03-24 03:14:58 status installed libpciaccess0:amd64 0.16-3
2023-03-24 03:14:58 configure libdrm-nouveau2:amd64 2.4.113-2~ubuntu0.22.04.1 <none>
2023-03-24 03:14:58 status unpacked libdrm-nouveau2:amd64 2.4.113-2~ubuntu0.22.04.1
2023-03-24 03:14:58 status half-configured libdrm-nouveau2:amd64 2.4.113-2~ubuntu0.22.04.1
2023-03-24 03:14:58 status installed libdrm-nouveau2:amd64 2.4.113-2~ubuntu0.22.04.1
2023-03-24 03:14:58 configure libxcb-xfixes0:amd64 1.14-3ubuntu3 <none>
2023-03-24 03:14:58 status unpacked libxcb-xfixes0:amd64 1.14-3ubuntu3
2023-03-24 03:14:58 status half-configured libxcb-xfixes0:amd64 1.14-3ubuntu3
2023-03-24 03:14:58 status installed libxcb-xfixes0:amd64 1.14-3ubuntu3
2023-03-24 03:14:58 configure libglvnd-core-dev:amd64 1.4.0-1 <none>
2023-03-24 03:14:58 status unpacked libglvnd-core-dev:amd64 1.4.0-1
2023-03-24 03:14:58 status half-configured libglvnd-core-dev:amd64 1.4.0-1
2023-03-24 03:14:58 status installed libglvnd-core-dev:amd64 1.4.0-1
2023-03-24 03:14:58 configure libgbm1:amd64 22.2.5-0ubuntu0.1~22.04.1 <none>
2023-03-24 03:14:58 status unpacked libgbm1:amd64 22.2.5-0ubuntu0.1~22.04.1
2023-03-24 03:14:58 status half-configured libgbm1:amd64 22.2.5-0ubuntu0.1~22.04.1
2023-03-24 03:14:58 status installed libgbm1:amd64 22.2.5-0ubuntu0.1~22.04.1
2023-03-24 03:14:58 configure libdrm-radeon1:amd64 2.4.113-2~ubuntu0.22.04.1 <none>
2023-03-24 03:14:58 status unpacked libdrm-radeon1:amd64 2.4.113-2~ubuntu0.22.04.1
2023-03-24 03:14:58 status half-configured libdrm-radeon1:amd64 2.4.113-2~ubuntu0.22.04.1
2023-03-24 03:14:58 status installed libdrm-radeon1:amd64 2.4.113-2~ubuntu0.22.04.1
2023-03-24 03:14:58 configure libglvnd0:amd64 1.4.0-1 <none>
2023-03-24 03:14:58 status unpacked libglvnd0:amd64 1.4.0-1
2023-03-24 03:14:58 status half-configured libglvnd0:amd64 1.4.0-1
2023-03-24 03:14:58 status installed libglvnd0:amd64 1.4.0-1
2023-03-24 03:14:58 configure libxcb-glx0:amd64 1.14-3ubuntu3 <none>
2023-03-24 03:14:58 status unpacked libxcb-glx0:amd64 1.14-3ubuntu3
2023-03-24 03:14:58 status half-configured libxcb-glx0:amd64 1.14-3ubuntu3
2023-03-24 03:14:58 status installed libxcb-glx0:amd64 1.14-3ubuntu3
2023-03-24 03:14:58 configure libdrm-intel1:amd64 2.4.113-2~ubuntu0.22.04.1 <none>
2023-03-24 03:14:58 status unpacked libdrm-intel1:amd64 2.4.113-2~ubuntu0.22.04.1
2023-03-24 03:14:58 status half-configured libdrm-intel1:amd64 2.4.113-2~ubuntu0.22.04.1
2023-03-24 03:14:58 status installed libdrm-intel1:amd64 2.4.113-2~ubuntu0.22.04.1
2023-03-24 03:14:58 configure libsensors-config:all 1:3.6.0-7ubuntu1 <none>
2023-03-24 03:14:58 status unpacked libsensors-config:all 1:3.6.0-7ubuntu1
2023-03-24 03:14:58 status half-configured libsensors-config:all 1:3.6.0-7ubuntu1
2023-03-24 03:14:58 status installed libsensors-config:all 1:3.6.0-7ubuntu1
2023-03-24 03:14:58 configure libpthread-stubs0-dev:amd64 0.4-1build2 <none>
2023-03-24 03:14:58 status unpacked libpthread-stubs0-dev:amd64 0.4-1build2
2023-03-24 03:14:58 status half-configured libpthread-stubs0-dev:amd64 0.4-1build2
2023-03-24 03:14:58 status installed libpthread-stubs0-dev:amd64 0.4-1build2
2023-03-24 03:14:58 configure libopengl0:amd64 1.4.0-1 <none>
2023-03-24 03:14:58 status unpacked libopengl0:amd64 1.4.0-1
2023-03-24 03:14:58 status half-configured libopengl0:amd64 1.4.0-1
2023-03-24 03:14:58 status installed libopengl0:amd64 1.4.0-1
2023-03-24 03:14:58 configure libxxf86vm1:amd64 1:1.1.4-1build3 <none>
2023-03-24 03:14:58 status unpacked libxxf86vm1:amd64 1:1.1.4-1build3
2023-03-24 03:14:58 status half-configured libxxf86vm1:amd64 1:1.1.4-1build3
2023-03-24 03:14:58 status installed libxxf86vm1:amd64 1:1.1.4-1build3
2023-03-24 03:14:58 configure libxcb-present0:amd64 1.14-3ubuntu3 <none>
2023-03-24 03:14:58 status unpacked libxcb-present0:amd64 1.14-3ubuntu3
2023-03-24 03:14:58 status half-configured libxcb-present0:amd64 1.14-3ubuntu3
2023-03-24 03:14:58 status installed libxcb-present0:amd64 1.14-3ubuntu3
2023-03-24 03:14:58 configure xtrans-dev:all 1.4.0-1 <none>
2023-03-24 03:14:58 status unpacked xtrans-dev:all 1.4.0-1
2023-03-24 03:14:58 status half-configured xtrans-dev:all 1.4.0-1
2023-03-24 03:14:58 status installed xtrans-dev:all 1.4.0-1
2023-03-24 03:14:58 configure libgles2:amd64 1.4.0-1 <none>
2023-03-24 03:14:58 status unpacked libgles2:amd64 1.4.0-1
2023-03-24 03:14:58 status half-configured libgles2:amd64 1.4.0-1
2023-03-24 03:14:58 status installed libgles2:amd64 1.4.0-1
2023-03-24 03:14:58 configure libxcb-sync1:amd64 1.14-3ubuntu3 <none>
2023-03-24 03:14:58 status unpacked libxcb-sync1:amd64 1.14-3ubuntu3
2023-03-24 03:14:58 status half-configured libxcb-sync1:amd64 1.14-3ubuntu3
2023-03-24 03:14:58 status installed libxcb-sync1:amd64 1.14-3ubuntu3
2023-03-24 03:14:58 configure libgles1:amd64 1.4.0-1 <none>
2023-03-24 03:14:58 status unpacked libgles1:amd64 1.4.0-1
2023-03-24 03:14:58 status half-configured libgles1:amd64 1.4.0-1
2023-03-24 03:14:58 status installed libgles1:amd64 1.4.0-1
2023-03-24 03:14:58 configure libsensors5:amd64 1:3.6.0-7ubuntu1 <none>
2023-03-24 03:14:58 status unpacked libsensors5:amd64 1:3.6.0-7ubuntu1
2023-03-24 03:14:58 status half-configured libsensors5:amd64 1:3.6.0-7ubuntu1
2023-03-24 03:14:58 status installed libsensors5:amd64 1:3.6.0-7ubuntu1
2023-03-24 03:14:58 configure libglapi-mesa:amd64 22.2.5-0ubuntu0.1~22.04.1 <none>
2023-03-24 03:14:58 status unpacked libglapi-mesa:amd64 22.2.5-0ubuntu0.1~22.04.1
2023-03-24 03:14:58 status half-configured libglapi-mesa:amd64 22.2.5-0ubuntu0.1~22.04.1
2023-03-24 03:14:58 status installed libglapi-mesa:amd64 22.2.5-0ubuntu0.1~22.04.1
2023-03-24 03:14:58 configure libxcb-dri2-0:amd64 1.14-3ubuntu3 <none>
2023-03-24 03:14:58 status unpacked libxcb-dri2-0:amd64 1.14-3ubuntu3
2023-03-24 03:14:58 status half-configured libxcb-dri2-0:amd64 1.14-3ubuntu3
2023-03-24 03:14:58 status installed libxcb-dri2-0:amd64 1.14-3ubuntu3
2023-03-24 03:14:58 configure libxshmfence1:amd64 1.3-1build4 <none>
2023-03-24 03:14:58 status unpacked libxshmfence1:amd64 1.3-1build4
2023-03-24 03:14:58 status half-configured libxshmfence1:amd64 1.3-1build4
2023-03-24 03:14:58 status installed libxshmfence1:amd64 1.3-1build4
2023-03-24 03:14:58 configure libllvm15:amd64 1:15.0.6-3~ubuntu0.22.04.2 <none>
2023-03-24 03:14:58 status unpacked libllvm15:amd64 1:15.0.6-3~ubuntu0.22.04.2
2023-03-24 03:14:58 status half-configured libllvm15:amd64 1:15.0.6-3~ubuntu0.22.04.2
2023-03-24 03:14:58 status installed libllvm15:amd64 1:15.0.6-3~ubuntu0.22.04.2
2023-03-24 03:14:58 configure xorg-sgml-doctools:all 1:1.11-1.1 <none>
2023-03-24 03:14:58 status unpacked xorg-sgml-doctools:all 1:1.11-1.1
2023-03-24 03:14:58 status half-configured xorg-sgml-doctools:all 1:1.11-1.1
2023-03-24 03:14:58 status installed xorg-sgml-doctools:all 1:1.11-1.1
2023-03-24 03:14:58 configure libglu1-mesa:amd64 9.0.2-1 <none>
2023-03-24 03:14:58 status unpacked libglu1-mesa:amd64 9.0.2-1
2023-03-24 03:14:58 status half-configured libglu1-mesa:amd64 9.0.2-1
2023-03-24 03:14:58 status installed libglu1-mesa:amd64 9.0.2-1
2023-03-24 03:14:58 configure libopengl-dev:amd64 1.4.0-1 <none>
2023-03-24 03:14:58 status unpacked libopengl-dev:amd64 1.4.0-1
2023-03-24 03:14:58 status half-configured libopengl-dev:amd64 1.4.0-1
2023-03-24 03:14:58 status installed libopengl-dev:amd64 1.4.0-1
2023-03-24 03:14:58 configure libsm6:amd64 2:1.2.3-1build2 <none>
2023-03-24 03:14:58 status unpacked libsm6:amd64 2:1.2.3-1build2
2023-03-24 03:14:58 status half-configured libsm6:amd64 2:1.2.3-1build2
2023-03-24 03:14:58 status installed libsm6:amd64 2:1.2.3-1build2
2023-03-24 03:14:58 configure libdrm-amdgpu1:amd64 2.4.113-2~ubuntu0.22.04.1 <none>
2023-03-24 03:14:58 status unpacked libdrm-amdgpu1:amd64 2.4.113-2~ubuntu0.22.04.1
2023-03-24 03:14:58 status half-configured libdrm-amdgpu1:amd64 2.4.113-2~ubuntu0.22.04.1
2023-03-24 03:14:58 status installed libdrm-amdgpu1:amd64 2.4.113-2~ubuntu0.22.04.1
2023-03-24 03:14:58 configure x11proto-dev:all 2021.5-1 <none>
2023-03-24 03:14:58 status unpacked x11proto-dev:all 2021.5-1
2023-03-24 03:14:58 status half-configured x11proto-dev:all 2021.5-1
2023-03-24 03:14:58 status installed x11proto-dev:all 2021.5-1
2023-03-24 03:14:58 configure libgl1-amber-dri:amd64 21.3.7-0ubuntu1 <none>
2023-03-24 03:14:58 status unpacked libgl1-amber-dri:amd64 21.3.7-0ubuntu1
2023-03-24 03:14:58 status half-configured libgl1-amber-dri:amd64 21.3.7-0ubuntu1
2023-03-24 03:14:58 status installed libgl1-amber-dri:amd64 21.3.7-0ubuntu1
2023-03-24 03:14:58 configure libxau-dev:amd64 1:1.0.9-1build5 <none>
2023-03-24 03:14:58 status unpacked libxau-dev:amd64 1:1.0.9-1build5
2023-03-24 03:14:58 status half-configured libxau-dev:amd64 1:1.0.9-1build5
2023-03-24 03:14:58 status installed libxau-dev:amd64 1:1.0.9-1build5
2023-03-24 03:14:58 configure libice-dev:amd64 2:1.0.10-1build2 <none>
2023-03-24 03:14:58 status unpacked libice-dev:amd64 2:1.0.10-1build2
2023-03-24 03:14:58 status half-configured libice-dev:amd64 2:1.0.10-1build2
2023-03-24 03:14:58 status installed libice-dev:amd64 2:1.0.10-1build2
2023-03-24 03:14:58 configure libsm-dev:amd64 2:1.2.3-1build2 <none>
2023-03-24 03:14:58 status unpacked libsm-dev:amd64 2:1.2.3-1build2
2023-03-24 03:14:58 status half-configured libsm-dev:amd64 2:1.2.3-1build2
2023-03-24 03:14:58 status installed libsm-dev:amd64 2:1.2.3-1build2
2023-03-24 03:14:58 configure libgl1-mesa-dri:amd64 22.2.5-0ubuntu0.1~22.04.1 <none>
2023-03-24 03:14:58 status unpacked libgl1-mesa-dri:amd64 22.2.5-0ubuntu0.1~22.04.1
2023-03-24 03:14:58 status half-configured libgl1-mesa-dri:amd64 22.2.5-0ubuntu0.1~22.04.1
2023-03-24 03:14:58 status installed libgl1-mesa-dri:amd64 22.2.5-0ubuntu0.1~22.04.1
2023-03-24 03:14:58 configure libxdmcp-dev:amd64 1:1.1.3-0ubuntu5 <none>
2023-03-24 03:14:58 status unpacked libxdmcp-dev:amd64 1:1.1.3-0ubuntu5
2023-03-24 03:14:58 status half-configured libxdmcp-dev:amd64 1:1.1.3-0ubuntu5
2023-03-24 03:14:58 status installed libxdmcp-dev:amd64 1:1.1.3-0ubuntu5
2023-03-24 03:14:58 configure libegl-mesa0:amd64 22.2.5-0ubuntu0.1~22.04.1 <none>
2023-03-24 03:14:58 status unpacked libegl-mesa0:amd64 22.2.5-0ubuntu0.1~22.04.1
2023-03-24 03:14:58 status half-configured libegl-mesa0:amd64 22.2.5-0ubuntu0.1~22.04.1
2023-03-24 03:14:58 status installed libegl-mesa0:amd64 22.2.5-0ubuntu0.1~22.04.1
2023-03-24 03:14:58 configure libxt6:amd64 1:1.2.1-1 <none>
2023-03-24 03:14:58 status unpacked libxt6:amd64 1:1.2.1-1
2023-03-24 03:14:58 status half-configured libxt6:amd64 1:1.2.1-1
2023-03-24 03:14:58 status installed libxt6:amd64 1:1.2.1-1
2023-03-24 03:14:58 configure libegl1:amd64 1.4.0-1 <none>
2023-03-24 03:14:58 status unpacked libegl1:amd64 1.4.0-1
2023-03-24 03:14:58 status half-configured libegl1:amd64 1.4.0-1
2023-03-24 03:14:58 status installed libegl1:amd64 1.4.0-1
2023-03-24 03:14:58 configure libglx-mesa0:amd64 22.2.5-0ubuntu0.1~22.04.1 <none>
2023-03-24 03:14:58 status unpacked libglx-mesa0:amd64 22.2.5-0ubuntu0.1~22.04.1
2023-03-24 03:14:58 status half-configured libglx-mesa0:amd64 22.2.5-0ubuntu0.1~22.04.1
2023-03-24 03:14:58 status installed libglx-mesa0:amd64 22.2.5-0ubuntu0.1~22.04.1
2023-03-24 03:14:58 configure libxcb1-dev:amd64 1.14-3ubuntu3 <none>
2023-03-24 03:14:58 status unpacked libxcb1-dev:amd64 1.14-3ubuntu3
2023-03-24 03:14:58 status half-configured libxcb1-dev:amd64 1.14-3ubuntu3
2023-03-24 03:14:58 status installed libxcb1-dev:amd64 1.14-3ubuntu3
2023-03-24 03:14:58 configure libglx0:amd64 1.4.0-1 <none>
2023-03-24 03:14:58 status unpacked libglx0:amd64 1.4.0-1
2023-03-24 03:14:58 status half-configured libglx0:amd64 1.4.0-1
2023-03-24 03:14:58 status installed libglx0:amd64 1.4.0-1
2023-03-24 03:14:58 configure libx11-dev:amd64 2:1.7.5-1 <none>
2023-03-24 03:14:58 status unpacked libx11-dev:amd64 2:1.7.5-1
2023-03-24 03:14:58 status half-configured libx11-dev:amd64 2:1.7.5-1
2023-03-24 03:14:58 status installed libx11-dev:amd64 2:1.7.5-1
2023-03-24 03:14:58 configure libgl1:amd64 1.4.0-1 <none>
2023-03-24 03:14:58 status unpacked libgl1:amd64 1.4.0-1
2023-03-24 03:14:58 status half-configured libgl1:amd64 1.4.0-1
2023-03-24 03:14:58 status installed libgl1:amd64 1.4.0-1
2023-03-24 03:14:58 configure libxt-dev:amd64 1:1.2.1-1 <none>
2023-03-24 03:14:58 status unpacked libxt-dev:amd64 1:1.2.1-1
2023-03-24 03:14:58 status half-configured libxt-dev:amd64 1:1.2.1-1
2023-03-24 03:14:59 status installed libxt-dev:amd64 1:1.2.1-1
2023-03-24 03:14:59 configure libxext-dev:amd64 2:1.3.4-1build1 <none>
2023-03-24 03:14:59 status unpacked libxext-dev:amd64 2:1.3.4-1build1
2023-03-24 03:14:59 status half-configured libxext-dev:amd64 2:1.3.4-1build1
2023-03-24 03:14:59 status installed libxext-dev:amd64 2:1.3.4-1build1
2023-03-24 03:14:59 configure libglx-dev:amd64 1.4.0-1 <none>
2023-03-24 03:14:59 status unpacked libglx-dev:amd64 1.4.0-1
2023-03-24 03:14:59 status half-configured libglx-dev:amd64 1.4.0-1
2023-03-24 03:14:59 status installed libglx-dev:amd64 1.4.0-1
2023-03-24 03:14:59 configure libgl-dev:amd64 1.4.0-1 <none>
2023-03-24 03:14:59 status unpacked libgl-dev:amd64 1.4.0-1
2023-03-24 03:14:59 status half-configured libgl-dev:amd64 1.4.0-1
2023-03-24 03:14:59 status installed libgl-dev:amd64 1.4.0-1
2023-03-24 03:14:59 configure freeglut3:amd64 2.8.1-6 <none>
2023-03-24 03:14:59 status unpacked freeglut3:amd64 2.8.1-6
2023-03-24 03:14:59 status half-configured freeglut3:amd64 2.8.1-6
2023-03-24 03:14:59 status installed freeglut3:amd64 2.8.1-6
2023-03-24 03:14:59 configure libegl-dev:amd64 1.4.0-1 <none>
2023-03-24 03:14:59 status unpacked libegl-dev:amd64 1.4.0-1
2023-03-24 03:14:59 status half-configured libegl-dev:amd64 1.4.0-1
2023-03-24 03:14:59 status installed libegl-dev:amd64 1.4.0-1
2023-03-24 03:14:59 configure libglu1-mesa-dev:amd64 9.0.2-1 <none>
2023-03-24 03:14:59 status unpacked libglu1-mesa-dev:amd64 9.0.2-1
2023-03-24 03:14:59 status half-configured libglu1-mesa-dev:amd64 9.0.2-1
2023-03-24 03:14:59 status installed libglu1-mesa-dev:amd64 9.0.2-1
2023-03-24 03:14:59 configure libgles-dev:amd64 1.4.0-1 <none>
2023-03-24 03:14:59 status unpacked libgles-dev:amd64 1.4.0-1
2023-03-24 03:14:59 status half-configured libgles-dev:amd64 1.4.0-1
2023-03-24 03:14:59 status installed libgles-dev:amd64 1.4.0-1
2023-03-24 03:14:59 configure libglvnd-dev:amd64 1.4.0-1 <none>
2023-03-24 03:14:59 status unpacked libglvnd-dev:amd64 1.4.0-1
2023-03-24 03:14:59 status half-configured libglvnd-dev:amd64 1.4.0-1
2023-03-24 03:14:59 status installed libglvnd-dev:amd64 1.4.0-1
2023-03-24 03:14:59 configure libgl1-mesa-dev:amd64 22.2.5-0ubuntu0.1~22.04.1 <none>
2023-03-24 03:14:59 status unpacked libgl1-mesa-dev:amd64 22.2.5-0ubuntu0.1~22.04.1
2023-03-24 03:14:59 status half-configured libgl1-mesa-dev:amd64 22.2.5-0ubuntu0.1~22.04.1
2023-03-24 03:14:59 status installed libgl1-mesa-dev:amd64 22.2.5-0ubuntu0.1~22.04.1
2023-03-24 03:14:59 configure freeglut3-dev:amd64 2.8.1-6 <none>
2023-03-24 03:14:59 status unpacked freeglut3-dev:amd64 2.8.1-6
2023-03-24 03:14:59 status half-configured freeglut3-dev:amd64 2.8.1-6
2023-03-24 03:14:59 status installed freeglut3-dev:amd64 2.8.1-6
2023-03-24 03:14:59 trigproc man-db:amd64 2.10.2-1 <none>
2023-03-24 03:14:59 status half-configured man-db:amd64 2.10.2-1
2023-03-24 03:14:59 status installed man-db:amd64 2.10.2-1
2023-03-24 03:14:59 trigproc libc-bin:amd64 2.35-0ubuntu3.1 <none>
2023-03-24 03:14:59 status half-configured libc-bin:amd64 2.35-0ubuntu3.1
2023-03-24 03:14:59 status installed libc-bin:amd64 2.35-0ubuntu3.1
2023-03-24 03:15:07 startup archives unpack
2023-03-24 03:15:07 install libstdc++-11-dev:amd64 <none> 11.3.0-1ubuntu1~22.04
2023-03-24 03:15:07 status half-installed libstdc++-11-dev:amd64 11.3.0-1ubuntu1~22.04
2023-03-24 03:15:08 status unpacked libstdc++-11-dev:amd64 11.3.0-1ubuntu1~22.04
2023-03-24 03:15:08 install g++-11:amd64 <none> 11.3.0-1ubuntu1~22.04
2023-03-24 03:15:08 status half-installed g++-11:amd64 11.3.0-1ubuntu1~22.04
2023-03-24 03:15:08 status triggers-pending man-db:amd64 2.10.2-1
2023-03-24 03:15:08 status unpacked g++-11:amd64 11.3.0-1ubuntu1~22.04
2023-03-24 03:15:08 install g++:amd64 <none> 4:11.2.0-1ubuntu1
2023-03-24 03:15:08 status half-installed g++:amd64 4:11.2.0-1ubuntu1
2023-03-24 03:15:08 status unpacked g++:amd64 4:11.2.0-1ubuntu1
2023-03-24 03:15:08 startup packages configure
2023-03-24 03:15:08 configure libstdc++-11-dev:amd64 11.3.0-1ubuntu1~22.04 <none>
2023-03-24 03:15:08 status unpacked libstdc++-11-dev:amd64 11.3.0-1ubuntu1~22.04
2023-03-24 03:15:08 status half-configured libstdc++-11-dev:amd64 11.3.0-1ubuntu1~22.04
2023-03-24 03:15:08 status installed libstdc++-11-dev:amd64 11.3.0-1ubuntu1~22.04
2023-03-24 03:15:08 configure g++-11:amd64 11.3.0-1ubuntu1~22.04 <none>
2023-03-24 03:15:08 status unpacked g++-11:amd64 11.3.0-1ubuntu1~22.04
2023-03-24 03:15:08 status half-configured g++-11:amd64 11.3.0-1ubuntu1~22.04
2023-03-24 03:15:08 status installed g++-11:amd64 11.3.0-1ubuntu1~22.04
2023-03-24 03:15:08 configure g++:amd64 4:11.2.0-1ubuntu1 <none>
2023-03-24 03:15:08 status unpacked g++:amd64 4:11.2.0-1ubuntu1
2023-03-24 03:15:08 status half-configured g++:amd64 4:11.2.0-1ubuntu1
2023-03-24 03:15:08 status installed g++:amd64 4:11.2.0-1ubuntu1
2023-03-24 03:15:08 trigproc man-db:amd64 2.10.2-1 <none>
2023-03-24 03:15:08 status half-configured man-db:amd64 2.10.2-1
2023-03-24 03:15:08 status installed man-db:amd64 2.10.2-1
